Workbook

Sheet INSTRUÇÕES
A1: COMO USAR • Produção de Bombonas
A2: ONDE LANÇAR
A3: ONDE LANÇAR | B3: Aba LANÇAMENTO. É a única que você mexe.
A4: O que preencher | B4: DATA • GRUPO • CLIENTE • PRODUTO • EMBALAGEM • QTDE
A5: O que é automático | B5: UNID • KG • PALLETS (calculam sozinhos)
A6: REGRAS DE EMBALAGEM
A7: REGRA 25L (azul) | B7: Lança em BOMBONAS. 1 bb = 25 kg • 30 bb por pallet • 750 kg/pallet
A8: REGRA 5L (branca) | B8: Lança em CAIXAS. 1 cx = 2 bb = 10 kg • 60 cx por pallet • 600 kg/pallet
A9: ANÁLISES
A10: RANKING | B10: Por GRUPO de cliente (KG). MATEUS soma todos os estados.
A11: Quebra | B11: Embaixo do ranking, cada grupo abre por cliente/estado.
A12: DASHBOARD | B12: Total geral, split 25L x 5L e produção por produto. Atualiza só.
A13: AVISOS
A14: ⚠ NÃO apagar linhas | B14: Quebra as fórmulas de soma.
A15: ⚠ Editar valores | B15: Pesos e pallets ficam na aba CONFIG (campos azuis).
A16: Produtos/Clientes | B16: Cadastrados na CONFIG e aparecem nos menus suspensos.

Sheet RANKING
A1: RANKING DE PRODUÇÃO POR GRUPO | H1: AUX
A2: Acumulado do ano • KG produzido • Grupos consolidados (todos os estados somados) | H2: MATEUS | I2: =SUMIFS(LANÇAMENTO!$H$5:$H$224,LANÇAMENTO!$B$5:$B$224,$H2) -> 3375 | J2: =SUMIFS(LANÇAMENTO!$I$5:$I$224,LANÇAMENTO!$B$5:$B$224,$H2) -> 5 | K2: =$I2+(ROW()/100000) -> 3375
H3: INDIPAN | I3: =SUMIFS(LANÇAMENTO!$H$5:$H$224,LANÇAMENTO!$B$5:$B$224,$H3) -> 375 | J3: =SUMIFS(LANÇAMENTO!$I$5:$I$224,LANÇAMENTO!$B$5:$B$224,$H3) -> 1 | K3: =$I3+(ROW()/100000) -> 375.00003
A4: # | B4: GRUPO | C4: KG PRODUZIDO | D4: % DO TOTAL | E4: PALLETS | F4: POSIÇÃO | H4: PÃO DE MILHO | I4: =SUMIFS(LANÇAMENTO!$H$5:$H$224,LANÇAMENTO!$B$5:$B$224,$H4) -> 500 | J4: =SUMIFS(LANÇAMENTO!$I$5:$I$224,LANÇAMENTO!$B$5:$B$224,$H4) -> 1 | K4: =$I4+(ROW()/100000) -> 500.00004
A5: =IF($C5=0,"",1) -> 1 | B5: =INDEX($H$2:$H$7,MATCH(LARGE($K$2:$K$7,1),$K$2:$K$7,0)) -> MATEUS | C5: =INDEX($I$2:$I$7,MATCH(LARGE($K$2:$K$7,1),$K$2:$K$7,0)) -> 3375 | D5: =IF($H$13=0,0,$C5/$H$13) -> 0.54347826 | E5: =INDEX($J$2:$J$7,MATCH(LARGE($K$2:$K$7,1),$K$2:$K$7,0)) -> 5 | F5: =IF($C5=0,"—","🥇 1º lugar") -> 🥇 1º lugar | H5: FELIPE MARANGONI | I5: =SUMIFS(LANÇAMENTO!$H$5:$H$224,LANÇAMENTO!$B$5:$B$224,$H5) -> 0 | J5: =SUMIFS(LANÇAMENTO!$I$5:$I$224,LANÇAMENTO!$B$5:$B$224,$H5) -> 0 | K5: =$I5+(ROW()/100000) -> 5e-05
A6: =IF($C6=0,"",2) -> 2 | B6: =INDEX($H$2:$H$7,MATCH(LARGE($K$2:$K$7,2),$K$2:$K$7,0)) -> IN LOCO FOODS | C6: =INDEX($I$2:$I$7,MATCH(LARGE($K$2:$K$7,2),$K$2:$K$7,0)) -> 1360 | D6: =IF($H$13=0,0,$C6/$H$13) -> 0.21900161 | E6: =INDEX($J$2:$J$7,MATCH(LARGE($K$2:$K$7,2),$K$2:$K$7,0)) -> 2 | F6: =IF($C6=0,"—","🥈 2º lugar") -> 🥈 2º lugar | H6: PURATOS | I6: =SUMIFS(LANÇAMENTO!$H$5:$H$224,LANÇAMENTO!$B$5:$B$224,$H6) -> 600 | J6: =SUMIFS(LANÇAMENTO!$I$5:$I$224,LANÇAMENTO!$B$5:$B$224,$H6) -> 1 | K6: =$I6+(ROW()/100000) -> 600.00006
A7: =IF($C7=0,"",3) -> 3 | B7: =INDEX($H$2:$H$7,MATCH(LARGE($K$2:$K$7,3),$K$2:$K$7,0)) -> PURATOS | C7: =INDEX($I$2:$I$7,MATCH(LARGE($K$2:$K$7,3),$K$2:$K$7,0)) -> 600 | D7: =IF($H$13=0,0,$C7/$H$13) -> 0.096618357 | E7: =INDEX($J$2:$J$7,MATCH(LARGE($K$2:$K$7,3),$K$2:$K$7,0)) -> 1 | F7: =IF($C7=0,"—","🥉 3º lugar") -> 🥉 3º lugar | H7: IN LOCO FOODS | I7: =SUMIFS(LANÇAMENTO!$H$5:$H$224,LANÇAMENTO!$B$5:$B$224,$H7) -> 1360 | J7: =SUMIFS(LANÇAMENTO!$I$5:$I$224,LANÇAMENTO!$B$5:$B$224,$H7) -> 2 | K7: =$I7+(ROW()/100000) -> 1360.0001
A8: =IF($C8=0,"",4) -> 4 | B8: =INDEX($H$2:$H$7,MATCH(LARGE($K$2:$K$7,4),$K$2:$K$7,0)) -> PÃO DE MILHO | C8: =INDEX($I$2:$I$7,MATCH(LARGE($K$2:$K$7,4),$K$2:$K$7,0)) -> 500 | D8: =IF($H$13=0,0,$C8/$H$13) -> 0.080515298 | E8: =INDEX($J$2:$J$7,MATCH(LARGE($K$2:$K$7,4),$K$2:$K$7,0)) -> 1 | F8: =IF($C8=0,"—","4º lugar") -> 4º lugar
A9: =IF($C9=0,"",5) -> 5 | B9: =INDEX($H$2:$H$7,MATCH(LARGE($K$2:$K$7,5),$K$2:$K$7,0)) -> INDIPAN | C9: =INDEX($I$2:$I$7,MATCH(LARGE($K$2:$K$7,5),$K$2:$K$7,0)) -> 375 | D9: =IF($H$13=0,0,$C9/$H$13) -> 0.060386473 | E9: =INDEX($J$2:$J$7,MATCH(LARGE($K$2:$K$7,5),$K$2:$K$7,0)) -> 1 | F9: =IF($C9=0,"—","5º lugar") -> 5º lugar
A10: =IF($C10=0,"",6) | B10: =INDEX($H$2:$H$7,MATCH(LARGE($K$2:$K$7,6),$K$2:$K$7,0)) -> FELIPE MARANGONI | C10: =INDEX($I$2:$I$7,MATCH(LARGE($K$2:$K$7,6),$K$2:$K$7,0)) -> 0 | D10: =IF($H$13=0,0,$C10/$H$13) -> 0 | E10: =INDEX($J$2:$J$7,MATCH(LARGE($K$2:$K$7,6),$K$2:$K$7,0)) -> 0 | F10: =IF($C10=0,"—","6º lugar") -> —
B11: TOTAL GERAL | C11: =SUM(C5:C10) -> 6210 | E11: =SUM(E5:E10) -> 10
H13: =SUM(I2:I7) -> 6210
A14: QUEBRA POR CLIENTE • detalhe dentro de cada grupo
A15: GRUPO | B15: CLIENTE | C15: KG | D15: PALLETS | E15: % DO GRUPO
A16: MATEUS | C16: =SUMIFS(LANÇAMENTO!$H$5:$H$224,LANÇAMENTO!$B$5:$B$224,$A16) -> 3375 | D16: =SUMIFS(LANÇAMENTO!$I$5:$I$224,LANÇAMENTO!$B$5:$B$224,$A16) -> 5
B17: » MATEUS - DAVINÓPOLIS | C17: =SUMIFS(LANÇAMENTO!$H$5:$H$224,LANÇAMENTO!$C$5:$C$224,"MATEUS - DAVINÓPOLIS") -> 1500 | D17: =SUMIFS(LANÇAMENTO!$I$5:$I$224,LANÇAMENTO!$C$5:$C$224,"MATEUS - DAVINÓPOLIS") -> 2 | E17: =IF($C16=0,0,$C17/$C16) -> 0.44444444
B18: » MATEUS - SÃO LUÍS | C18: =SUMIFS(LANÇAMENTO!$H$5:$H$224,LANÇAMENTO!$C$5:$C$224,"MATEUS - SÃO LUÍS") -> 1125 | D18: =SUMIFS(LANÇAMENTO!$I$5:$I$224,LANÇAMENTO!$C$5:$C$224,"MATEUS - SÃO LUÍS") -> 2 | E18: =IF($C16=0,0,$C18/$C16) -> 0.33333333
B19: » MATEUS - SANTA ISABEL PARÁ | C19: =SUMIFS(LANÇAMENTO!$H$5:$H$224,LANÇAMENTO!$C$5:$C$224,"MATEUS - SANTA ISABEL PARÁ") -> 0 | D19: =SUMIFS(LANÇAMENTO!$I$5:$I$224,LANÇAMENTO!$C$5:$C$224,"MATEUS - SANTA ISABEL PARÁ") -> 0 | E19: =IF($C16=0,0,$C19/$C16) -> 0
B20: » MATEUS - IMPERATRIZ | C20: =SUMIFS(LANÇAMENTO!$H$5:$H$224,LANÇAMENTO!$C$5:$C$224,"MATEUS - IMPERATRIZ") -> 750 | D20: =SUMIFS(LANÇAMENTO!$I$5:$I$224,LANÇAMENTO!$C$5:$C$224,"MATEUS - IMPERATRIZ") -> 1 | E20: =IF($C16=0,0,$C20/$C16) -> 0.22222222
A21: INDIPAN | C21: =SUMIFS(LANÇAMENTO!$H$5:$H$224,LANÇAMENTO!$B$5:$B$224,$A21) -> 375 | D21: =SUMIFS(LANÇAMENTO!$I$5:$I$224,LANÇAMENTO!$B$5:$B$224,$A21) -> 1
B22: » INDIPAN | C22: =SUMIFS(LANÇAMENTO!$H$5:$H$224,LANÇAMENTO!$C$5:$C$224,"INDIPAN") -> 375 | D22: =SUMIFS(LANÇAMENTO!$I$5:$I$224,LANÇAMENTO!$C$5:$C$224,"INDIPAN") -> 1 | E22: =IF($C21=0,0,$C22/$C21) -> 1
A23: PÃO DE MILHO | C23: =SUMIFS(LANÇAMENTO!$H$5:$H$224,LANÇAMENTO!$B$5:$B$224,$A23) -> 500 | D23: =SUMIFS(LANÇAMENTO!$I$5:$I$224,LANÇAMENTO!$B$5:$B$224,$A23) -> 1
B24: » PÃO DE MILHO | C24: =SUMIFS(LANÇAMENTO!$H$5:$H$224,LANÇAMENTO!$C$5:$C$224,"PÃO DE MILHO") -> 500 | D24: =SUMIFS(LANÇAMENTO!$I$5:$I$224,LANÇAMENTO!$C$5:$C$224,"PÃO DE MILHO") -> 1 | E24: =IF($C23=0,0,$C24/$C23) -> 1
A25: FELIPE MARANGONI | C25: =SUMIFS(LANÇAMENTO!$H$5:$H$224,LANÇAMENTO!$B$5:$B$224,$A25) -> 0 | D25: =SUMIFS(LANÇAMENTO!$I$5:$I$224,LANÇAMENTO!$B$5:$B$224,$A25) -> 0
B26: » FELIPE MARANGONI - PAES NATURALLIS | C26: =SUMIFS(LANÇAMENTO!$H$5:$H$224,LANÇAMENTO!$C$5:$C$224,"FELIPE MARANGONI - PAES NATURALLIS") -> 0 | D26: =SUMIFS(LANÇAMENTO!$I$5:$I$224,LANÇAMENTO!$C$5:$C$224,"FELIPE MARANGONI - PAES NATURALLIS") -> 0 | E26: =IF($C25=0,0,$C26/$C25) -> 0
A27: PURATOS | C27: =SUMIFS(LANÇAMENTO!$H$5:$H$224,LANÇAMENTO!$B$5:$B$224,$A27) -> 600 | D27: =SUMIFS(LANÇAMENTO!$I$5:$I$224,LANÇAMENTO!$B$5:$B$224,$A27) -> 1
B28: » PURATOS BRASIL LTDA | C28: =SUMIFS(LANÇAMENTO!$H$5:$H$224,LANÇAMENTO!$C$5:$C$224,"PURATOS BRASIL LTDA") -> 600 | D28: =SUMIFS(LANÇAMENTO!$I$5:$I$224,LANÇAMENTO!$C$5:$C$224,"PURATOS BRASIL LTDA") -> 1 | E28: =IF($C27=0,0,$C28/$C27) -> 1
A29: IN LOCO FOODS | C29: =SUMIFS(LANÇAMENTO!$H$5:$H$224,LANÇAMENTO!$B$5:$B$224,$A29) -> 1360 | D29: =SUMIFS(LANÇAMENTO!$I$5:$I$224,LANÇAMENTO!$B$5:$B$224,$A29) -> 2
B30: » IN LOCO FOODS | C30: =SUMIFS(LANÇAMENTO!$H$5:$H$224,LANÇAMENTO!$C$5:$C$224,"IN LOCO FOODS") -> 1360 | D30: =SUMIFS(LANÇAMENTO!$I$5:$I$224,LANÇAMENTO!$C$5:$C$224,"IN LOCO FOODS") -> 2 | E30: =IF($C29=0,0,$C30/$C29) -> 1

Sheet LANÇAMENTO
C1: PROGRAMAÇÃO DE PRODUÇÃO — BOMBONAS
C2: Lançamento de produção • Linha líquida (25L azul / 5L branca) • AIDU 2026
A4: DATA | B4: GRUPO | C4: CLIENTE | D4: PRODUTO | E4: EMBALAGEM | F4: QTDE | G4: UNID | H4: KG | I4: PALLETS
A5: 46027 | B5: MATEUS | C5: MATEUS - DAVINÓPOLIS | D5: AL 10 CONSERVANTE | E5: 25L | F5: 30 | G5: =IF($E5="","",VLOOKUP($E5,CONFIG!$A$4:$B$5,2,0)) -> BB | H5: =IF(OR($E5="",$F5=""),"",$F5*VLOOKUP($E5,CONFIG!$A$4:$C$5,3,0)) -> 750 | I5: =IF(OR($E5="",$F5=""),"",IF(AND($B5="IN LOCO FOODS",$E5="5L"),ROUNDUP($F5/CONFIG!$C$31,0),ROUNDUP($F5/VLOOKUP($E5,CONFIG!$A$4:$D$5,4,0),0))) -> 1
A6: 46027 | B6: MATEUS | C6: MATEUS - DAVINÓPOLIS | D6: OL 40 DESMOLDANTE | E6: 25L | F6: 30 | G6: =IF($E6="","",VLOOKUP($E6,CONFIG!$A$4:$B$5,2,0)) -> BB | H6: =IF(OR($E6="",$F6=""),"",$F6*VLOOKUP($E6,CONFIG!$A$4:$C$5,3,0)) -> 750 | I6: =IF(OR($E6="",$F6=""),"",IF(AND($B6="IN LOCO FOODS",$E6="5L"),ROUNDUP($F6/CONFIG!$C$31,0),ROUNDUP($F6/VLOOKUP($E6,CONFIG!$A$4:$D$5,4,0),0))) -> 1
A7: 46028 | B7: MATEUS | C7: MATEUS - SÃO LUÍS | D7: AL 10 CONSERVANTE | E7: 25L | F7: 45 | G7: =IF($E7="","",VLOOKUP($E7,CONFIG!$A$4:$B$5,2,0)) -> BB | H7: =IF(OR($E7="",$F7=""),"",$F7*VLOOKUP($E7,CONFIG!$A$4:$C$5,3,0)) -> 1125 | I7: =IF(OR($E7="",$F7=""),"",IF(AND($B7="IN LOCO FOODS",$E7="5L"),ROUNDUP($F7/CONFIG!$C$31,0),ROUNDUP($F7/VLOOKUP($E7,CONFIG!$A$4:$D$5,4,0),0))) -> 2
A8: 46029 | B8: INDIPAN | C8: INDIPAN | D8: OL 40 DESMOLDANTE | E8: 25L | F8: 15 | G8: =IF($E8="","",VLOOKUP($E8,CONFIG!$A$4:$B$5,2,0)) -> BB | H8: =IF(OR($E8="",$F8=""),"",$F8*VLOOKUP($E8,CONFIG!$A$4:$C$5,3,0)) -> 375 | I8: =IF(OR($E8="",$F8=""),"",IF(AND($B8="IN LOCO FOODS",$E8="5L"),ROUNDUP($F8/CONFIG!$C$31,0),ROUNDUP($F8/VLOOKUP($E8,CONFIG!$A$4:$D$5,4,0),0))) -> 1
A9: 46030 | B9: MATEUS | C9: MATEUS - IMPERATRIZ | D9: OL 40 DESMOLDANTE | E9: 25L | F9: 30 | G9: =IF($E9="","",VLOOKUP($E9,CONFIG!$A$4:$B$5,2,0)) -> BB | H9: =IF(OR($E9="",$F9=""),"",$F9*VLOOKUP($E9,CONFIG!$A$4:$C$5,3,0)) -> 750 | I9: =IF(OR($E9="",$F9=""),"",IF(AND($B9="IN LOCO FOODS",$E9="5L"),ROUNDUP($F9/CONFIG!$C$31,0),ROUNDUP($F9/VLOOKUP($E9,CONFIG!$A$4:$D$5,4,0),0))) -> 1
A10: 46030 | B10: PÃO DE MILHO | C10: PÃO DE MILHO | D10: AL 10 CONSERVANTE | E10: 25L | F10: 20 | G10: =IF($E10="","",VLOOKUP($E10,CONFIG!$A$4:$B$5,2,0)) -> BB | H10: =IF(OR($E10="",$F10=""),"",$F10*VLOOKUP($E10,CONFIG!$A$4:$C$5,3,0)) -> 500 | I10: =IF(OR($E10="",$F10=""),"",IF(AND($B10="IN LOCO FOODS",$E10="5L"),ROUNDUP($F10/CONFIG!$C$31,0),ROUNDUP($F10/VLOOKUP($E10,CONFIG!$A$4:$D$5,4,0),0))) -> 1
A11: 46028 | B11: PURATOS | C11: PURATOS BRASIL LTDA | D11: DESMOLDANTE DESTAK | E11: 5L | F11: 60 | G11: =IF($E11="","",VLOOKUP($E11,CONFIG!$A$4:$B$5,2,0)) -> CX | H11: =IF(OR($E11="",$F11=""),"",$F11*VLOOKUP($E11,CONFIG!$A$4:$C$5,3,0)) -> 600 | I11: =IF(OR($E11="",$F11=""),"",IF(AND($B11="IN LOCO FOODS",$E11="5L"),ROUNDUP($F11/CONFIG!$C$31,0),ROUNDUP($F11/VLOOKUP($E11,CONFIG!$A$4:$D$5,4,0),0))) -> 1
A12: 46029 | B12: IN LOCO FOODS | C12: IN LOCO FOODS | D12: UNTA FACIL | E12: 5L | F12: 60 | G12: =IF($E12="","",VLOOKUP($E12,CONFIG!$A$4:$B$5,2,0)) -> CX | H12: =IF(OR($E12="",$F12=""),"",$F12*VLOOKUP($E12,CONFIG!$A$4:$C$5,3,0)) -> 600 | I12: =IF(OR($E12="",$F12=""),"",IF(AND($B12="IN LOCO FOODS",$E12="5L"),ROUNDUP($F12/CONFIG!$C$31,0),ROUNDUP($F12/VLOOKUP($E12,CONFIG!$A$4:$D$5,4,0),0))) -> 1
A13: 46177 | B13: IN LOCO FOODS | C13: IN LOCO FOODS | D13: DOURATTO | E13: 5L | F13: 76 | G13: =IF($E13="","",VLOOKUP($E13,CONFIG!$A$4:$B$5,2,0)) -> CX | H13: =IF(OR($E13="",$F13=""),"",$F13*VLOOKUP($E13,CONFIG!$A$4:$C$5,3,0)) -> 760 | I13: =IF(OR($E13="",$F13=""),"",IF(AND($B13="IN LOCO FOODS",$E13="5L"),ROUNDUP($F13/CONFIG!$C$31,0),ROUNDUP($F13/VLOOKUP($E13,CONFIG!$A$4:$D$5,4,0),0))) -> 1
G14: =IF($E14="","",VLOOKUP($E14,CONFIG!$A$4:$B$5,2,0)) | H14: =IF(OR($E14="",$F14=""),"",$F14*VLOOKUP($E14,CONFIG!$A$4:$C$5,3,0)) | I14: =IF(OR($E14="",$F14=""),"",IF(AND($B14="IN LOCO FOODS",$E14="5L"),ROUNDUP($F14/CONFIG!$C$31,0),ROUNDUP($F14/VLOOKUP($E14,CONFIG!$A$4:$D$5,4,0),0)))
G15: =IF($E15="","",VLOOKUP($E15,CONFIG!$A$4:$B$5,2,0)) | H15: =IF(OR($E15="",$F15=""),"",$F15*VLOOKUP($E15,CONFIG!$A$4:$C$5,3,0)) | I15: =IF(OR($E15="",$F15=""),"",IF(AND($B15="IN LOCO FOODS",$E15="5L"),ROUNDUP($F15/CONFIG!$C$31,0),ROUNDUP($F15/VLOOKUP($E15,CONFIG!$A$4:$D$5,4,0),0)))
G16: =IF($E16="","",VLOOKUP($E16,CONFIG!$A$4:$B$5,2,0)) | H16: =IF(OR($E16="",$F16=""),"",$F16*VLOOKUP($E16,CONFIG!$A$4:$C$5,3,0)) | I16: =IF(OR($E16="",$F16=""),"",IF(AND($B16="IN LOCO FOODS",$E16="5L"),ROUNDUP($F16/CONFIG!$C$31,0),ROUNDUP($F16/VLOOKUP($E16,CONFIG!$A$4:$D$5,4,0),0)))
G17: =IF($E17="","",VLOOKUP($E17,CONFIG!$A$4:$B$5,2,0)) | H17: =IF(OR($E17="",$F17=""),"",$F17*VLOOKUP($E17,CONFIG!$A$4:$C$5,3,0)) | I17: =IF(OR($E17="",$F17=""),"",IF(AND($B17="IN LOCO FOODS",$E17="5L"),ROUNDUP($F17/CONFIG!$C$31,0),ROUNDUP($F17/VLOOKUP($E17,CONFIG!$A$4:$D$5,4,0),0)))
G18: =IF($E18="","",VLOOKUP($E18,CONFIG!$A$4:$B$5,2,0)) | H18: =IF(OR($E18="",$F18=""),"",$F18*VLOOKUP($E18,CONFIG!$A$4:$C$5,3,0)) | I18: =IF(OR($E18="",$F18=""),"",IF(AND($B18="IN LOCO FOODS",$E18="5L"),ROUNDUP($F18/CONFIG!$C$31,0),ROUNDUP($F18/VLOOKUP($E18,CONFIG!$A$4:$D$5,4,0),0)))
G19: =IF($E19="","",VLOOKUP($E19,CONFIG!$A$4:$B$5,2,0)) | H19: =IF(OR($E19="",$F19=""),"",$F19*VLOOKUP($E19,CONFIG!$A$4:$C$5,3,0)) | I19: =IF(OR($E19="",$F19=""),"",IF(AND($B19="IN LOCO FOODS",$E19="5L"),ROUNDUP($F19/CONFIG!$C$31,0),ROUNDUP($F19/VLOOKUP($E19,CONFIG!$A$4:$D$5,4,0),0)))
G20: =IF($E20="","",VLOOKUP($E20,CONFIG!$A$4:$B$5,2,0)) | H20: =IF(OR($E20="",$F20=""),"",$F20*VLOOKUP($E20,CONFIG!$A$4:$C$5,3,0)) | I20: =IF(OR($E20="",$F20=""),"",IF(AND($B20="IN LOCO FOODS",$E20="5L"),ROUNDUP($F20/CONFIG!$C$31,0),ROUNDUP($F20/VLOOKUP($E20,CONFIG!$A$4:$D$5,4,0),0)))
G21: =IF($E21="","",VLOOKUP($E21,CONFIG!$A$4:$B$5,2,0)) | H21: =IF(OR($E21="",$F21=""),"",$F21*VLOOKUP($E21,CONFIG!$A$4:$C$5,3,0)) | I21: =IF(OR($E21="",$F21=""),"",IF(AND($B21="IN LOCO FOODS",$E21="5L"),ROUNDUP($F21/CONFIG!$C$31,0),ROUNDUP($F21/VLOOKUP($E21,CONFIG!$A$4:$D$5,4,0),0)))
G22: =IF($E22="","",VLOOKUP($E22,CONFIG!$A$4:$B$5,2,0)) | H22: =IF(OR($E22="",$F22=""),"",$F22*VLOOKUP($E22,CONFIG!$A$4:$C$5,3,0)) | I22: =IF(OR($E22="",$F22=""),"",IF(AND($B22="IN LOCO FOODS",$E22="5L"),ROUNDUP($F22/CONFIG!$C$31,0),ROUNDUP($F22/VLOOKUP($E22,CONFIG!$A$4:$D$5,4,0),0)))
G23: =IF($E23="","",VLOOKUP($E23,CONFIG!$A$4:$B$5,2,0)) | H23: =IF(OR($E23="",$F23=""),"",$F23*VLOOKUP($E23,CONFIG!$A$4:$C$5,3,0)) | I23: =IF(OR($E23="",$F23=""),"",IF(AND($B23="IN LOCO FOODS",$E23="5L"),ROUNDUP($F23/CONFIG!$C$31,0),ROUNDUP($F23/VLOOKUP($E23,CONFIG!$A$4:$D$5,4,0),0)))
G24: =IF($E24="","",VLOOKUP($E24,CONFIG!$A$4:$B$5,2,0)) | H24: =IF(OR($E24="",$F24=""),"",$F24*VLOOKUP($E24,CONFIG!$A$4:$C$5,3,0)) | I24: =IF(OR($E24="",$F24=""),"",IF(AND($B24="IN LOCO FOODS",$E24="5L"),ROUNDUP($F24/CONFIG!$C$31,0),ROUNDUP($F24/VLOOKUP($E24,CONFIG!$A$4:$D$5,4,0),0)))
G25: =IF($E25="","",VLOOKUP($E25,CONFIG!$A$4:$B$5,2,0)) | H25: =IF(OR($E25="",$F25=""),"",$F25*VLOOKUP($E25,CONFIG!$A$4:$C$5,3,0)) | I25: =IF(OR($E25="",$F25=""),"",IF(AND($B25="IN LOCO FOODS",$E25="5L"),ROUNDUP($F25/CONFIG!$C$31,0),ROUNDUP($F25/VLOOKUP($E25,CONFIG!$A$4:$D$5,4,0),0)))
... G224: =IF($E224="","",VLOOKUP($E224,CONFIG!$A$4:$B$5,2,0)) | H224: =IF(OR($E224="",$F224=""),"",$F224*VLOOKUP($E224,CONFIG!$A$4:$C$5,3,0)) | I224: =IF(OR($E224="",$F224=""),"",IF(AND($B224="IN LOCO FOODS",$E224="5L"),ROUNDUP($F224/CONFIG!$C$31,0),ROUNDUP($F224/VLOOKUP($E224,CONFIG!$A$4:$D$5,4,0),0)))
A225: TOTAL | F225: =SUM(F5:F224) -> 366 | H225: =SUM(H5:H224) -> 6210 | I225: =IF(OR($E225="",$F225=""),"",IF(AND($B225="IN LOCO FOODS",$E225="5L"),ROUNDUP($F225/CONFIG!$C$31,0),ROUNDUP($F225/VLOOKUP($E225,CONFIG!$A$4:$D$5,4,0),0)))

Sheet CONFIG
A1: MOTOR DE CÁLCULO • NÃO EDITAR (exceto valores de embalagem)
A3: EMBALAGEM | B3: UNIDADE | C3: KG / UNIDADE | D3: UN / PALLET | E3: BOMBONA | F3: KG / PALLET
A4: 25L | B4: BB | C4: 25 | D4: 30 | E4: AZUL | F4: =C4*D4 -> 750
A5: 5L | B5: CX | C5: 10 | D5: 60 | E5: BRANCA | F5: =C5*D5 -> 600
A6: Obs.: 5L → 2 bombonas por caixa (5L × 2 = 10 kg/cx).
A8: CLIENTES (GRUPO / NOME)
A9: GRUPO | B9: CLIENTE | D9: GRUPOS
A10: MATEUS | B10: MATEUS - DAVINÓPOLIS | D10: MATEUS
A11: MATEUS | B11: MATEUS - SÃO LUÍS | D11: INDIPAN
A12: MATEUS | B12: MATEUS - SANTA ISABEL PARÁ | D12: PÃO DE MILHO
A13: MATEUS | B13: MATEUS - IMPERATRIZ | D13: FELIPE MARANGONI
A14: INDIPAN | B14: INDIPAN | D14: PURATOS
A15: PÃO DE MILHO | B15: PÃO DE MILHO | D15: IN LOCO FOODS
A16: FELIPE MARANGONI | B16: FELIPE MARANGONI - PAES NATURALLIS
A17: PURATOS | B17: PURATOS BRASIL LTDA
A18: IN LOCO FOODS | B18: IN LOCO FOODS
A20: PRODUTOS
A21: PRODUTO | B21: EMBALAGEM | D21: EMBALAGENS
A22: AL 10 CONSERVANTE | B22: 25L | D22: 25L
A23: OL 40 DESMOLDANTE | B23: 25L | D23: 5L
A24: DESMOLDANTE DESTAK | B24: 5L
A25: ANTIMOFO | B25: 5L
A26: UNTA FACIL | B26: 5L
A27: DOURATTO | B27: 5L
A29: EXCEÇÃO DE PALLET POR CLIENTE
A30: CLIENTE | B30: EMBALAGEM | C30: CX / PALLET | D30: OBS
A31: IN LOCO FOODS | B31: 5L | C31: 76 | D31: 19 cx/fileira × 4 de alto

Sheet DASHBOARD
A1: DASHBOARD — PRODUÇÃO DE BOMBONAS 2026
A2: Resumo executivo • atualiza automático a partir da aba LANÇAMENTO
A4: KG TOTAL PRODUZIDO | C4: PALLETS TOTAIS | E4: KG EM 25L (AZUL) | G4: KG EM 5L (BRANCA)
A5: =LANÇAMENTO!$H$225 -> 6210 | C5: =LANÇAMENTO!$I$225 | E5: =SUMIFS(LANÇAMENTO!$H$5:$H$224,LANÇAMENTO!$E$5:$E$224,"25L") -> 4250 | G5: =SUMIFS(LANÇAMENTO!$H$5:$H$224,LANÇAMENTO!$E$5:$E$224,"5L") -> 1960
A8: PRODUÇÃO POR EMBALAGEM | F8: PRODUÇÃO POR PRODUTO
A9: EMBALAGEM | B9: KG | C9: PALLETS | D9: % KG | F9: PRODUTO | G9: KG | H9: PALLETS
A10: 25L | B10: =SUMIFS(LANÇAMENTO!$H$5:$H$224,LANÇAMENTO!$E$5:$E$224,"25L") -> 4250 | C10: =SUMIFS(LANÇAMENTO!$I$5:$I$224,LANÇAMENTO!$E$5:$E$224,"25L") -> 7 | D10: =IF(LANÇAMENTO!$H$225=0,0,B10/LANÇAMENTO!$H$225) -> 0.68438003 | F10: AL 10 CONSERVANTE | G10: =SUMIFS(LANÇAMENTO!$H$5:$H$224,LANÇAMENTO!$D$5:$D$224,"AL 10 CONSERVANTE") -> 2375 | H10: =SUMIFS(LANÇAMENTO!$I$5:$I$224,LANÇAMENTO!$D$5:$D$224,"AL 10 CONSERVANTE") -> 4
A11: 5L | B11: =SUMIFS(LANÇAMENTO!$H$5:$H$224,LANÇAMENTO!$E$5:$E$224,"5L") -> 1960 | C11: =SUMIFS(LANÇAMENTO!$I$5:$I$224,LANÇAMENTO!$E$5:$E$224,"5L") -> 3 | D11: =IF(LANÇAMENTO!$H$225=0,0,B11/LANÇAMENTO!$H$225) -> 0.31561997 | F11: OL 40 DESMOLDANTE | G11: =SUMIFS(LANÇAMENTO!$H$5:$H$224,LANÇAMENTO!$D$5:$D$224,"OL 40 DESMOLDANTE") -> 1875 | H11: =SUMIFS(LANÇAMENTO!$I$5:$I$224,LANÇAMENTO!$D$5:$D$224,"OL 40 DESMOLDANTE") -> 3
F12: DESMOLDANTE DESTAK | G12: =SUMIFS(LANÇAMENTO!$H$5:$H$224,LANÇAMENTO!$D$5:$D$224,"DESMOLDANTE DESTAK") -> 600 | H12: =SUMIFS(LANÇAMENTO!$I$5:$I$224,LANÇAMENTO!$D$5:$D$224,"DESMOLDANTE DESTAK") -> 1
F13: ANTIMOFO | G13: =SUMIFS(LANÇAMENTO!$H$5:$H$224,LANÇAMENTO!$D$5:$D$224,"ANTIMOFO") -> 0 | H13: =SUMIFS(LANÇAMENTO!$I$5:$I$224,LANÇAMENTO!$D$5:$D$224,"ANTIMOFO") -> 0
F14: UNTA FACIL | G14: =SUMIFS(LANÇAMENTO!$H$5:$H$224,LANÇAMENTO!$D$5:$D$224,"UNTA FACIL") -> 600 | H14: =SUMIFS(LANÇAMENTO!$I$5:$I$224,LANÇAMENTO!$D$5:$D$224,"UNTA FACIL") -> 1
F15: DOURATTO | G15: =SUMIFS(LANÇAMENTO!$H$5:$H$224,LANÇAMENTO!$D$5:$D$224,"DOURATTO") -> 760 | H15: =SUMIFS(LANÇAMENTO!$I$5:$I$224,LANÇAMENTO!$D$5:$D$224,"DOURATTO") -> 1
