Workbook
Name EMB_600: CONFIG_LISTAS!$D$2
Name EMB_COCO: CONFIG_LISTAS!$C$2:$C$3
Name EMB_CORANTE: CONFIG_LISTAS!$B$2
Name EMB_TODAS: CONFIG_LISTAS!$A$2:$A$9

Sheet GOOGLE_SHEETS_FINAL
A1: VERSÃO FINAL • GOOGLE SHEETS
A3: # | B3: Item | C3: Orientação | D3: Onde mexer | E3: Observação
A4: 1 | B4: Status da versão | C4: Preparada para abrir no Google Sheets | D4: Google Sheets / Apps Script | E4: Arquivo limpo e com aba de automações em Apps Script.
A5: 2 | B5: Como usar | C5: 1) Subir no Google Drive → Abrir com Google Planilhas | D5: Google Sheets / Apps Script | E5: Depois salve como Google Sheets para liberar edição online.
A6: 3 | B6: Automação principal | C6: Copiar o código da aba APPS_SCRIPT para Extensões → Apps Script | D6: Google Sheets / Apps Script | E6: No Sheets, cole o código, salve e recarregue a planilha.
A7: 4 | B7: Menu criado | C7: Produção 2026 | D7: Google Sheets / Apps Script | E7: Depois de colar o script, aparece menu para Atualizar resumo, Formatar datas e Reaplicar validações.
A8: 5 | B8: Datas | C8: Padrão brasileiro | D8: Google Sheets / Apps Script | E8: dd/mm/aaaa nas abas principais.
A9: 6 | B9: Preenchimento | C9: Abas SEMANA | D9: Google Sheets / Apps Script | E9: Preencha Produto, Embalagem e Caixas. Pallets, Real CX e Total de latas ficam automáticos.
A10: 7 | B10: Dashboard | C10: Automático | D10: Google Sheets / Apps Script | E10: Dashboard, Resumo Mensal e Gráficos puxam dados das abas semanais e de gás.
A11: 8 | B11: Cores do resultado | C11: Verde / Vermelho / Cinza | D11: Google Sheets / Apps Script | E11: Verde acima da meta, vermelho abaixo, cinza zerado/sem dado.
A12: 9 | B12: Observação importante | C12: Macros VBA não funcionam no Google Sheets | D12: Google Sheets / Apps Script | E12: Por isso deixei a automação em Apps Script na aba APPS_SCRIPT.

Sheet APPS_SCRIPT
A1: CÓDIGO PARA COLAR NO GOOGLE SHEETS → Extensões > Apps Script
A3: /** * AUTOMAÇÕES GOOGLE SHEETS • PROGRAMAÇÃO DE PRODUÇÃO 2026 * Como usar: Extensões > Apps Script > cole este código > Salvar > recarregar a planilha. */ const MESES = ['JANEIRO','FEVEREIRO','MARÇO','ABRIL','MAIO','JUNHO','JULHO','AGOSTO','SETEMBRO','OUTUBRO','NOVEMBRO','DEZEMBRO']; function onOpen() { SpreadsheetApp.getUi() .createMenu('Produção 2026') .addItem('Atualizar resumo e dashboard', 'atualizarTudo') .addItem('Formatar datas em PT-BR', 'formatarDatasBR') .addItem('Reaplicar validações', 'aplicarValidacoes') .addItem('Organizar visual das abas semanais', 'organizarAbasSemana') .addToUi(); } function onEdit(e) { if (!e || !e.range) return; const sh = e.range.getSheet(); const nome = sh.getName(); if (!nome.startsWith('SEMANA ')) return; const row = e.range.getRow(); const col = e.range.getColumn(); if (row < 4) return; // Ao editar Produto, Embalagem ou Caixas, reaplica fórmulas da linha. if ([2,3,4,8].includes(col)) { aplicarFormulasLinhaSemana_(sh, row); } } function aplicarFormulasLinhaSemana_(sh, row) { const produto = sh.getRange(row, 2).getValue(); if (!produto && !sh.getRange(row, 4).getValue()) return; sh.getRange(row, 5).setValue('CX'); sh.getRange(row, 6).setFormula(`=IF($B${row}="","",IF(SUMIFS(CONFIG_PALLETS!$C:$C,CONFIG_PALLETS!$A:$A,TRIM($B${row}),CONFIG_PALLETS!$B:$B,$C${row}&" ml")>0,SUMIFS(CONFIG_PALLETS!$C:$C,CONFIG_PALLETS!$A:$A,TRIM($B${row}),CONFIG_PALLETS!$B:$B,$C${row}&" ml"),IF(SUMIFS(CONFIG_PALLETS!$C:$C,CONFIG_PALLETS!$A:$A,"GERAL",CONFIG_PALLETS!$B:$B,$C${row}&" ml")>0,SUMIFS(CONFIG_PALLETS!$C:$C,CONFIG_PALLETS!$A:$A,"GERAL",CONFIG_PALLETS!$B:$B,$C${row}&" ml"),"")))`); sh.getRange(row, 7).setFormula(`=IFERROR(ROUNDUP(D${row}/F${row},0),"")`); sh.getRange(row, 9).setFormula(`=IF(H${row}="","",H${row}*IF(SUMIFS(CONFIG_PALLETS!$D:$D,CONFIG_PALLETS!$A:$A,IF(ISNUMBER(SEARCH("ESPUMA",$B${row})),"ESPUMA",IF(OR(ISNUMBER(SEARCH("OLEO DE COCO",$B${row})),ISNUMBER(SEARCH("ÓLEO DE COCO",$B${row})),ISNUMBER(SEARCH("COPRA",$B${row}))),"ÓLEO DE COCO",IF(ISNUMBER(SEARCH("CORANTE",$B${row})),"CORANTE",TRIM($B${row})))),CONFIG_PALLETS!$B:$B,$C${row}&" ml")>0,SUMIFS(CONFIG_PALLETS!$D:$D,CONFIG_PALLETS!$A:$A,IF(ISNUMBER(SEARCH("ESPUMA",$B${row})),"ESPUMA",IF(OR(ISNUMBER(SEARCH("OLEO DE COCO",$B${row})),ISNUMBER(SEARCH("ÓLEO DE COCO",$B${row})),ISNUMBER(SEARCH("COPRA",$B${row}))),"ÓLEO DE COCO",IF(ISNUMBER(SEARCH("CORANTE",$B${row})),"CORANTE",TRIM($B${row})))),CONFIG_PALLETS!$B:$B,$C${row}&" ml"),IF(SUMIFS(CONFIG_PALLETS!$D:$D,CONFIG_PALLETS!$A:$A,"GERAL",CONFIG_PALLETS!$B:$B,$C${row}&" ml")>0,SUMIFS(CONFIG_PALLETS!$D:$D,CONFIG_PALLETS!$A:$A,"GERAL",CONFIG_PALLETS!$B:$B,$C${row}&" ml"),12)))`); } function atualizarTudo() { formatarDatasBR(); aplicarValidacoes(); organizarAbasSemana(); SpreadsheetApp.flush(); } function formatarDatasBR() { const ss = SpreadsheetApp.getActive(); ss.getSheets().forEach(sh => { const name = sh.getName(); if (name.includes('JANEIRO') || name.includes('FEVEREIRO') || name.includes('MARÇO') || name.includes('ABRIL') || name.includes('MAIO') || name.includes('JUNHO') || name.includes('JULHO') || name.includes('AGOSTO') || name.includes('SETEMBRO') || name.includes('OUTUBRO') || name.includes('NOVEMBRO') || name.includes('DEZEMBRO') || name === 'GÁS' || name === 'BASE_DADOS') { sh.getRange('A:A').setNumberFormat('dd/mm/yyyy'); } }); } function aplicarValidacoes() { const ss = SpreadsheetApp.getActive(); const cfg = ss.getSheetByName('CONFIG_LISTAS'); if (!cfg) return; const produtoRule = SpreadsheetApp.newDataValidation().requireValueInRange(cfg.getRange('F2:F'), true).setAllowInvalid(true).build(); const embRule = SpreadsheetApp.newDataValidation().requireValueInRange(cfg.getRange('A2:A'), true).setAllowInvalid(true).build(); MESES.forEach(m => { const sh = ss.getSheetByName('SEMANA ' + m); if (!sh) return; sh.getRange('B4:B220').setDataValidation(produtoRule); sh.getRange('C4:C220').setDataValidation(embRule); }); } function organizarAbasSemana() { const ss = SpreadsheetApp.getActive(); MESES.forEach(m => { const sh = ss.getSheetByName('SEMANA ' + m); if (!sh) return; sh.setFrozenRows(3); sh.getRange('A:A').setNumberFormat('dd/mm/yyyy'); sh.getRange('D:D').setNumberFormat('#,##0'); sh.getRange('G:I').setNumberFormat('#,##0'); }); }

Sheet INSTRUCOES
A1: INSTRUÇÕES DE USO DA PLANILHA
A3: 1. PREENCHIMENTO DIÁRIO
A4: - Preencha apenas:
A5: • Produto
A6: • Embalagem
A7: • Caixas
A9: - O restante é automático, não precisa mexer:
A10: • CX/Pallet
A11: • Pallets (PBR)
A12: • Real (CX)
A13: • Total de latas
A15: 2. DIAS SEM PRODUÇÃO
... A51: Se fizer isso certo, a planilha funciona sozinha 👍

Sheet CAPA
A1: CONTROLE DE PRODUÇÃO 2026
A3: Versão premium • visão executiva • preenchimento operacional simplificado
B5: TOTAL REALIZADO NO ANO | D5: META ACUMULADA | F5: ATINGIMENTO GERAL | H5: MELHOR MÊS
B6: =DASHBOARD!A6 | D6: =DASHBOARD!C6 | F6: =DASHBOARD!E6 | H6: =DASHBOARD!G6
A10: MAPA RÁPIDO DA PLANILHA
A11: 1. Abas SEMANA | B11: Preencher PRODUTO, EMBALAGEM e CAIXAS. As demais colunas fazem a leitura automática.
A12: 2. Abas GRAFICO | B12: Acompanhar realizado, meta e desempenho diário/mensal.
A13: 3. DASHBOARD | B13: Ver resumo executivo do ano, ranking e comparativos.
A14: 4. INSTRUÇÕES | B14: Consultar regras de uso, legenda e lógica dos totais.
A17: RECOMENDAÇÃO DE USO
A18: • Lance os itens do dia apenas na área amarela de preenchimento.
A19: • Use as linhas TOTAL somente para conferência; elas já foram ajustadas para não entrar na seleção manual.
A20: • Evite inserir fórmulas nas abas semanais fora dos campos já estruturados.
A21: • Para impressão ou apresentação, priorize as abas DASHBOARD, RESUMO_MENSAL e GRAFICO do mês.

Sheet JANEIRO
B1: ORDEM DE PRODUÇÃO - JANEIRO
B3: OP | C3: LOTE | E3: LOTE CLIENTE | G3: PRODUTO | K3: CLIENTE | M3: QTDE(Kg) | N3: FABRICAÇÃO
B4: 2026/001 | C4: 26010001 | G4: LISSE 600ML | K4: ADIMIX | M4: 7.980 LATAS | N4: 46027
C5: 26010002 | G5: LISSE 600ML | M5: 7.980 LATAS | N5: 46028
B6: 2026/002 | C6: 26010003 | G6: ALL BREAD 600ML | K6: ALL BREAD | M6: 9.168 LATAS | N6: 46037
B7: 2026/003 | C7: 26010004 | G7: UNTA FACIL 600ML | K7: IN LOCO | M7: 15.960 LATAS | N7: 46029
C8: 26010005 | G8: UNTA FACIL ECO 600ML | M8: 8.976 LATAS | N8: 46041 | O8: 308cxs
B9: 2026/004 | C9: 26010006 | G9: DESTAK 600ML | K9: PURATOS | M9: 22.800 LATAS | N9: 46031
B10: 2026/005 | C10: 26010007 | G10: TTF MEL 600ML | K10: TTF | M10: 3.420 LATAS | N10: 46041
B11: 2026/006 | C11: 26010008 | G11: OL 40 | K11: SMART | M11: 420 KG | N11: 46027
C12: 26010009 | G12: OL 40 | M12: 420 KG | N12: 46027
C13: 26010010 | G13: OL 40 | M13: 420 KG | N13: 46027
C14: 26010011 | G14: OL 40 | M14: 420 KG | N14: 46027
C15: 26010012 | G15: OL 40 | M15: 420 KG | N15: 46027
C16: 26010013 | G16: OL 40 | M16: 420 KG | N16: 46027
C17: 26010014 | G17: OL 40 | M17: 420 KG | N17: 46028
C18: 26010015 | G18: OL 40 | M18: 420 KG | N18: 46028
C19: 26010016 | G19: OL 40 | M19: 420 KG | N19: 46029
C20: 26010017 | G20: OL 40 | M20: 420 KG | N20: 46029
C21: 26010018 | G21: OL 40 | M21: 420 KG | N21: 46029
C22: 26010019 | G22: OL 40 | M22: 420 KG | N22: 46029
C23: 26010020 | G23: OL 40 | M23: 420 KG | N23: 46029
... C46: 26060043 | G46: AL 10 | M46: 1.444 KG | N46: 46028
B47: 2026/007 | C47: 26060044 | E47: AL 43 | G47: AL 10 - 25LTRS | K47: MATEUS | M47: 67 BBs | N47: 46028
B48: 2026/008 | C48: 26010045 | G48: DESTAK 5L | K48: PURATOS | M48: 2.500 LTRS | N48: 46035
C49: 26010046 | G49: DESTAK 5L | M49: 5.000 LTRS | N49: 46036
C50: 26010047 | G50: DESTAK 5L | M50: 1.000 LTRS | N50: 46037
C51: 26010048 | G51: DESTAK 5L | M51: 3.000 LTRS | O51: FALTARÃO 12 PALLETS PARA ENTREGAR
B52: 2026/009 | C52: 26030050 | G52: CORANTE AMARELO | K52: SMART | M52: 30 KG | N52: 46045
C53: 26030051 | G53: CORANTE AZUL | M53: 28 KG | N53: 46073
C54: 26030052 | G54: CORANTE VIOLETA | M54: 25 KG | N54: 46045
C55: 26030053 | G55: CORANTE ROSA | M55: 24 KG | N55: 46073
C56: 26030054 | G56: CORANTE VERMELHO | M56: 30 KG | N56: 46045
B57: 2026/010 | E57: 26030050 | G57: CORANTE AMARELO | K57: REPETECO | M57: 1.440 LATAS | N57: 46045
E58: 26030051 | G58: CORANTE AZUL | M58: 1.440 LATAS | N58: 46045
E59: 26030052 | G59: CORANTE VIOLETA | M59: 1.440 LATAS | N59: 46045
E60: 26030053 | G60: CORANTE ROSA | M60: 1.440 LATAS
E61: 26030054 | G61: CORANTE VERMELHO | M61: 1.440 LATAS | N61: 46045
B62: 2026/011 | E62: 26030051 | G62: CORANTE AZUL | K62: IN LOCO | M62: 2.880 LATAS | N62: 46078
B63: 2026/012 | C63: 26020055 | G63: ESPUMA GENGIBRE | K63: SMART | M63: 2.340 KG | N63: 46042
C64: 26020056 | G64: ESPUMA MAÇA VERDE | M64: 980 KG | N64: 46044
C65: 26020057 | G65: ESPUMA 3 LIMÕES | M65: 1.170 KG | N65: 46044
C66: 26020058 | G66: ESPUMA FRUTAS VERMELHAS | M66: 1.560 KG | N66: 46044 | O66: 390KG
B67: 2026/013 | C67: 26010059 | G67: OL 40 | K67: SMART | M67: 420 KG | N67: 46035
C68: 26010060 | G68: OL 40 | M68: 420 KG | N68: 46037
C69: 26010061 | G69: OL 40 | M69: 420 KG | N69: 46037
C70: 26010062 | G70: OL 40 | M70: 420 KG | N70: 46037
C71: 26010063 | G71: OL 40 | M71: 420 KG | N71: 46037
C72: 26010064 | G72: OL 40 | M72: 420 KG | N72: 46037
C73: 26010065 | G73: OL 40 | M73: 420 KG | N73: 46037
C74: 26010066 | G74: OL 40 | M74: 420 KG | N74: 46038
C75: 26010067 | G75: OL 40 | M75: 420 KG | N75: 46038
C76: 26010068 | G76: OL 40 | M76: 420 KG | N76: 46038
C77: 26010069 | G77: OL 40 | M77: 420 KG | N77: 46038
C78: 26010070 | G78: OL 40 | M78: 420 KG | N78: 46038
C79: 26010071 | G79: OL 40 | M79: 420 KG | N79: 46038
... C91: 26010083 | G91: OL 40 | M91: 420 KG | N91: 46042
B92: 2026/014 | E92: 26020055 | G92: ESPUMA GENGIBRE | K92: DILUTE | M92: 7.920 LATAS | N92: 46043
E93: 26020056 | G93: ESPUMA MAÇA VERDE | M93: 5.100 LATAS | N93: 46044
E94: 26020057 | G94: ESPUMA 3 LIMÕES | M94: 5.940 LATAS | N94: 46044
E95: 26020058 | G95: ESPUMA FRUTAS VERMELHAS | M95: 7.920 LATAS | N95: 46045 | O95: 197CXS
B96: 2026/015 | E96: 26020055 | G96: ESPUMA GENGIBRE | K96: GIN SABORES | M96: 3.960 LATAS
B97: 2026/016 | E97: 26020055 | G97: ESPUMA GENGIBRE | K97: IN LOCO | M97: 3.960 LATAS | N97: 46043
B98: 2026/017 | C98: 26010049 | G98: ITAIQUARA 600ML | K98: ITAIQUARA | M98: 2.280 LATAS | N98: 46037
B99: 2026/018 | C99: 26010084 | G99: BONASSE 400ML | K99: ROCHAPAN | M99: 3.000 LATAS | N99: 46042
B100: 2026/019 | C100: 26010085 | G100: UNTA MAIS 400ML | K100: CASA DO PANIFICADOR | M100: 2.400 LATAS | N100: 46042
B101: 2026/020 | C101: 26010086 | G101: OL 40 | K101: SMART | M101: 420 KG | N101: 46042
C102: 26010087 | G102: OL 40 | M102: 420 KG | N102: 46050
C103: 26010088 | G103: OL 40 | M103: 420 KG | N103: 46050
C104: 26010089 | G104: OL 40 | M104: 420 KG | N104: 46051
C105: 26010090 | G105: OL 40 | M105: 420 KG | N105: 46051
C106: 26010091 | G106: OL 40 | M106: 420 KG | N106: 46051
C107: 26010092 | G107: OL 40 | M107: 420 KG | N107: 46051
C108: 26010093 | G108: OL 40 | M108: 420 KG | N108: 46051
C109: 26010094 | G109: OL 40 | M109: 420 KG | N109: 46051
C110: 26010095 | G110: OL 40 | M110: 420 KG | N110: 46051
C111: 26010096 | G111: OL 40 | M111: 420 KG | N111: 46051
C112: 26010097 | G112: OL 40 | M112: 420 KG | N112: 46052
C113: 26010098 | G113: OL 40 | M113: 420 KG | N113: 46052
... C125: 26010110 | G125: OL 40 | M125: 420 KG | N125: 46055
B126: 2026/021 | C126: 26010111 | G126: UNTA FACIL 180ML | K126: IN LOCO | M126: 8.640 LATAS | N126: 46048
C127: 26010112 | G127: UNTA FACIL 400ML | M127: 12.000 LATAS | N127: 46048
B128: 2026/022 | E128: 2630773 | G128: GELINHO 210ML | K128: ICEBERG | M128: 2.800 LATAS | N128: 46048
B129: 2026/023 | C129: 26010113 | G129: MAGIC SPRAY 400ML | K129: EMBRAPAN | M129: 1.200 LATAS | N129: 46051
B130: 2026/024 | C130: 26010114 | G130: LISSE 600ML | K130: ADIMIX | M130: 7.980 LATAS | N130: 46050
C131: 26010115 | G131: LISSE 600ML | M131: 7.980 LATAS | N131: 46050
B132: 2026/025 | C132: 26010116 | G132: ALLBREAD 600ML | K132: ALL BREAD | M132: 9.216 LATAS | N132: 46052
B133: 2026/026 | C133: 26010117 | G133: UNTA FACIL 600ML | K133: IN LOCO | M133: 15.960 LATAS | N133: 46055
B134: 2026/027 | C134: 26010118 | G134: DESTAK 600ML | K134: PURATOS | M134: 7.980 LATAS | N134: 46057
B135: 2026/028 | C135: 26010119 | G135: VP 600ML | K135: VIA PANE | M135: 1.200 LATAS | N135: 46058
B136: 2026/029 | C136: 26010120 | G136: UNTA FORMA 600ML | K136: ITAIQUARA | M136: 2.280 LATAS | N136: 46058
B137: 2026/030 | C137: 26010121 | G137: OL 40 | K137: SMART | M137: 420 KG | N137: 46055
C138: 26010122 | G138: OL 40 | M138: 420 KG | N138: 46055
C139: 26010123 | G139: OL 40 | M139: 420 KG | N139: 46055
C140: 26010124 | G140: OL 40 | M140: 420 KG | N140: 46056
C141: 26010125 | G141: OL 40 | M141: 420 KG | N141: 46056
C142: 26010126 | G142: OL 40 | M142: 420 KG | N142: 46056
C143: 26010127 | G143: OL 40 | M143: 420 KG | N143: 46057
C144: 26010128 | G144: OL 40 | M144: 420 KG | N144: 46057
C145: 26010129 | G145: OL 40 | M145: 420 KG | N145: 46057
...

Sheet SEMANA JANEIRO
A1: LANÇAMENTO DE PRODUÇÃO • PREENCHIMENTO RÁPIDO | J1: _TOTAL_CX_NUM | K1: _TOTAL_PALLETS_NUM | L1: _TOTAL_REALCX_NUM | M1: _TOTAL_LATAS_NUM
A2: Preencha produto, embalagem e caixas. As demais colunas ajudam a leitura diária. | G2: Legenda: verde = acima da meta • vermelho = abaixo da meta | P2: Pallet PBR: 600ml=95 | 400ml=125 | 200ml=330 | 180ml=240 cx
A3: 46027 | B3: PRODUTO | C3: EMBALAGEM | D3: CAIXAS | E3: UN | F3: CX/PALLET | G3: PALLETS (PBR) | H3: REAL (CX) | I3: TOTAL LATAS | P3: A bengala de energia da ENEL caiu, paramos eram 15:30.
L4: =IF(H4="","",H4) | N4: =IF(I4="","",I4)
B5: ADIMIX (PRECISION) | C5: 600 | D5: 665 | E5: CX | F5: =IF($B5="","",IF(SUMIFS(CONFIG_PALLETS!$C:$C,CONFIG_PALLETS!$A:$A,TRIM($B5),CONFIG_PALLETS!$B:$B,$C5&" ml")>0,SUMIFS(CONFIG_PALLETS!$C:$C,CONFIG_PALLETS!$A:$A,TRIM($B5),CONFIG_PALLETS!$B:$B,$C5&" ml"),IF(SUMIFS(CONFIG_PALLETS!$C:$C,CONFIG_PALLETS!$A:$A,"GERAL",CONFIG_PALLETS!$B:$B,$C5&" ml")>0,SUMIFS(CONFIG_PALLETS!$C:$C,CONFIG_PALLETS!$A:$A,"GERAL",CONFIG_PALLETS!$B:$B,$C5&" ml"),""))) | G5: =IFERROR(ROUNDUP(D5/F5,0),"") | H5: 667 | I5: =IF(H5="","",H5*IF(SUMIFS(CONFIG_PALLETS!$D:$D,CONFIG_PALLETS!$A:$A,IF(ISNUMBER(SEARCH("ESPUMA",$B5)),"ESPUMA",IF(OR(ISNUMBER(SEARCH("OLEO DE COCO",$B5)),ISNUMBER(SEARCH("ÓLEO DE COCO",$B5)),ISNUMBER(SEARCH("COPRA",$B5))),"ÓLEO DE COCO",IF(ISNUMBER(SEARCH("CORANTE",$B5)),"CORANTE",TRIM($B5)))),CONFIG_PALLETS!$B:$B,$C5&" ml")>0,SUMIFS(CONFIG_PALLETS!$D:$D,CONFIG_PALLETS!$A:$A,IF(ISNUMBER(SEARCH("ESPUMA",$B5)),"ESPUMA",IF(OR(ISNUMBER(SEARCH("OLEO DE COCO",$B5)),ISNUMBER(SEARCH("ÓLEO DE COCO",$B5)),ISNUMBER(SEARCH("COPRA",$B5))),"ÓLEO DE COCO",IF(ISNUMBER(SEARCH("CORANTE",$B5)),"CORANTE",TRIM($B5)))),CONFIG_PALLETS!$B:$B,$C5&" ml"),IF(SUMIFS(CONFIG_PALLETS!$D:$D,CONFIG_PALLETS!$A:$A,"GERAL",CONFIG_PALLETS!$B:$B,$C5&" ml")>0,SUMIFS(CONFIG_PALLETS!$D:$D,CONFIG_PALLETS!$A:$A,"GERAL",CONFIG_PALLETS!$B:$B,$C5&" ml"),12))) | J5: =IF(D5="","",ROUNDUP(D5/IF(AND(C5="600 ml",ISNUMBER(SEARCH("NORCAU",B5))),95,IF(AND(C5="600 ml",ISNUMBER(SEARCH("APURATOS",B5))),190,IF(C5="600 ml",95,IF(C5="400 ml",125,IF(C5="200 ml",330,IF(C5="180 ml",240,1)))))),0)) | L5: =IF(H5="","",H5) | N5: =IF(I5="","",I5)
B6: ADIMIX (FADEVA) | C6: 600 | D6: 665 | E6: CX | F6: =IF($B6="","",IF(SUMIFS(CONFIG_PALLETS!$C:$C,CONFIG_PALLETS!$A:$A,TRIM($B6),CONFIG_PALLETS!$B:$B,$C6&" ml")>0,SUMIFS(CONFIG_PALLETS!$C:$C,CONFIG_PALLETS!$A:$A,TRIM($B6),CONFIG_PALLETS!$B:$B,$C6&" ml"),IF(SUMIFS(CONFIG_PALLETS!$C:$C,CONFIG_PALLETS!$A:$A,"GERAL",CONFIG_PALLETS!$B:$B,$C6&" ml")>0,SUMIFS(CONFIG_PALLETS!$C:$C,CONFIG_PALLETS!$A:$A,"GERAL",CONFIG_PALLETS!$B:$B,$C6&" ml"),""))) | G6: =IFERROR(ROUNDUP(D6/F6,0),"") | H6: 29 | I6: =IF(H6="","",H6*IF(SUMIFS(CONFIG_PALLETS!$D:$D,CONFIG_PALLETS!$A:$A,IF(ISNUMBER(SEARCH("ESPUMA",$B6)),"ESPUMA",IF(OR(ISNUMBER(SEARCH("OLEO DE COCO",$B6)),ISNUMBER(SEARCH("ÓLEO DE COCO",$B6)),ISNUMBER(SEARCH("COPRA",$B6))),"ÓLEO DE COCO",IF(ISNUMBER(SEARCH("CORANTE",$B6)),"CORANTE",TRIM($B6)))),CONFIG_PALLETS!$B:$B,$C6&" ml")>0,SUMIFS(CONFIG_PALLETS!$D:$D,CONFIG_PALLETS!$A:$A,IF(ISNUMBER(SEARCH("ESPUMA",$B6)),"ESPUMA",IF(OR(ISNUMBER(SEARCH("OLEO DE COCO",$B6)),ISNUMBER(SEARCH("ÓLEO DE COCO",$B6)),ISNUMBER(SEARCH("COPRA",$B6))),"ÓLEO DE COCO",IF(ISNUMBER(SEARCH("CORANTE",$B6)),"CORANTE",TRIM($B6)))),CONFIG_PALLETS!$B:$B,$C6&" ml"),IF(SUMIFS(CONFIG_PALLETS!$D:$D,CONFIG_PALLETS!$A:$A,"GERAL",CONFIG_PALLETS!$B:$B,$C6&" ml")>0,SUMIFS(CONFIG_PALLETS!$D:$D,CONFIG_PALLETS!$A:$A,"GERAL",CONFIG_PALLETS!$B:$B,$C6&" ml"),12))) | J6: =IF(D6="","",ROUNDUP(D6/IF(AND(C6="600 ml",ISNUMBER(SEARCH("NORCAU",B6))),95,IF(AND(C6="600 ml",ISNUMBER(SEARCH("APURATOS",B6))),190,IF(C6="600 ml",95,IF(C6="400 ml",125,IF(C6="200 ml",330,IF(C6="180 ml",240,1)))))),0)) | L6: =IF(H6="","",H6) | N6: =IF(I6="","",I6)
E7: CX | F7: =IF($B7="","",IF(SUMIFS(CONFIG_PALLETS!$C:$C,CONFIG_PALLETS!$A:$A,TRIM($B7),CONFIG_PALLETS!$B:$B,$C7&" ml")>0,SUMIFS(CONFIG_PALLETS!$C:$C,CONFIG_PALLETS!$A:$A,TRIM($B7),CONFIG_PALLETS!$B:$B,$C7&" ml"),IF(SUMIFS(CONFIG_PALLETS!$C:$C,CONFIG_PALLETS!$A:$A,"GERAL",CONFIG_PALLETS!$B:$B,$C7&" ml")>0,SUMIFS(CONFIG_PALLETS!$C:$C,CONFIG_PALLETS!$A:$A,"GERAL",CONFIG_PALLETS!$B:$B,$C7&" ml"),""))) | G7: =IFERROR(ROUNDUP(D7/F7,0),"") | I7: =IF(H7="","",H7*IF(SUMIFS(CONFIG_PALLETS!$D:$D,CONFIG_PALLETS!$A:$A,IF(ISNUMBER(SEARCH("ESPUMA",$B7)),"ESPUMA",IF(OR(ISNUMBER(SEARCH("OLEO DE COCO",$B7)),ISNUMBER(SEARCH("ÓLEO DE COCO",$B7)),ISNUMBER(SEARCH("COPRA",$B7))),"ÓLEO DE COCO",IF(ISNUMBER(SEARCH("CORANTE",$B7)),"CORANTE",TRIM($B7)))),CONFIG_PALLETS!$B:$B,$C7&" ml")>0,SUMIFS(CONFIG_PALLETS!$D:$D,CONFIG_PALLETS!$A:$A,IF(ISNUMBER(SEARCH("ESPUMA",$B7)),"ESPUMA",IF(OR(ISNUMBER(SEARCH("OLEO DE COCO",$B7)),ISNUMBER(SEARCH("ÓLEO DE COCO",$B7)),ISNUMBER(SEARCH("COPRA",$B7))),"ÓLEO DE COCO",IF(ISNUMBER(SEARCH("CORANTE",$B7)),"CORANTE",TRIM($B7)))),CONFIG_PALLETS!$B:$B,$C7&" ml"),IF(SUMIFS(CONFIG_PALLETS!$D:$D,CONFIG_PALLETS!$A:$A,"GERAL",CONFIG_PALLETS!$B:$B,$C7&" ml")>0,SUMIFS(CONFIG_PALLETS!$D:$D,CONFIG_PALLETS!$A:$A,"GERAL",CONFIG_PALLETS!$B:$B,$C7&" ml"),12))) | J7: =IF(D7="","",ROUNDUP(D7/IF(AND(C7="600 ml",ISNUMBER(SEARCH("NORCAU",B7))),95,IF(AND(C7="600 ml",ISNUMBER(SEARCH("APURATOS",B7))),190,IF(C7="600 ml",95,IF(C7="400 ml",125,IF(C7="200 ml",330,IF(C7="180 ml",240,1)))))),0)) | L7: =IF(H7="","",H7) | N7: =IF(I7="","",I7)
J8: =IF(D8="","",ROUNDUP(D8/IF(AND(C8="600 ml",ISNUMBER(SEARCH("NORCAU",B8))),95,IF(AND(C8="600 ml",ISNUMBER(SEARCH("APURATOS",B8))),190,IF(C8="600 ml",95,IF(C8="400 ml",125,IF(C8="200 ml",330,IF(C8="180 ml",240,1)))))),0)) | L8: =IF(H8="","",H8) | N8: =IF(I8="","",I8)
B9: TOTAL | D9: =IF(J9="","",TEXT(J9,"#,##0")) | G9: =IF(K9="","",TEXT(K9,"#,##0")) | H9: =IF(L9="","",TEXT(L9,"#,##0")) | I9: =IF(M9="","",TEXT(M9,"#,##0")) | J9: =SUM(D4:D8) | K9: =SUM(G4:G8) | L9: =SUM(H4:H8) | M9: =SUM(I4:I8) | N9: =IF(I9="","",I9) | O9: =SUM(N5:N8)
J10: =IF(D10="","",ROUNDUP(D10/IF(AND(C10="600 ml",ISNUMBER(SEARCH("NORCAU",B10))),95,IF(AND(C10="600 ml",ISNUMBER(SEARCH("APURATOS",B10))),190,IF(C10="600 ml",95,IF(C10="400 ml",125,IF(C10="200 ml",330,IF(C10="180 ml",240,1)))))),0)) | L10: =IF(H10="","",H10) | N10: =IF(I10="","",I10)
A11: 46028 | B11: PRODUTO | C11: EMBALAGEM | D11: CAIXAS | E11: UN | F11: CX/PALLET | G11: PALLETS (PBR) | H11: REAL (CX) | I11: TOTAL LATAS
J12: =IF(D12="","",ROUNDUP(D12/IF(AND(C12="600 ml",ISNUMBER(SEARCH("NORCAU",B12))),95,IF(AND(C12="600 ml",ISNUMBER(SEARCH("APURATOS",B12))),190,IF(C12="600 ml",95,IF(C12="400 ml",125,IF(C12="200 ml",330,IF(C12="180 ml",240,1)))))),0)) | L12: =IF(H12="","",H12) | N12: =IF(I12="","",I12) | P12: A luz voltou as 15:15.
B13: ADIMIX (FADEVA) | C13: 600 | D13: =D6-L6 | E13: CX | F13: =IF($B13="","",IF(SUMIFS(CONFIG_PALLETS!$C:$C,CONFIG_PALLETS!$A:$A,TRIM($B13),CONFIG_PALLETS!$B:$B,$C13&" ml")>0,SUMIFS(CONFIG_PALLETS!$C:$C,CONFIG_PALLETS!$A:$A,TRIM($B13),CONFIG_PALLETS!$B:$B,$C13&" ml"),IF(SUMIFS(CONFIG_PALLETS!$C:$C,CONFIG_PALLETS!$A:$A,"GERAL",CONFIG_PALLETS!$B:$B,$C13&" ml")>0,SUMIFS(CONFIG_PALLETS!$C:$C,CONFIG_PALLETS!$A:$A,"GERAL",CONFIG_PALLETS!$B:$B,$C13&" ml"),""))) | G13: =IFERROR(ROUNDUP(D13/F13,0),"") | H13: 156 | I13: =IF(H13="","",H13*IF(SUMIFS(CONFIG_PALLETS!$D:$D,CONFIG_PALLETS!$A:$A,IF(ISNUMBER(SEARCH("ESPUMA",$B13)),"ESPUMA",IF(OR(ISNUMBER(SEARCH("OLEO DE COCO",$B13)),ISNUMBER(SEARCH("ÓLEO DE COCO",$B13)),ISNUMBER(SEARCH("COPRA",$B13))),"ÓLEO DE COCO",IF(ISNUMBER(SEARCH("CORANTE",$B13)),"CORANTE",TRIM($B13)))),CONFIG_PALLETS!$B:$B,$C13&" ml")>0,SUMIFS(CONFIG_PALLETS!$D:$D,CONFIG_PALLETS!$A:$A,IF(ISNUMBER(SEARCH("ESPUMA",$B13)),"ESPUMA",IF(OR(ISNUMBER(SEARCH("OLEO DE COCO",$B13)),ISNUMBER(SEARCH("ÓLEO DE COCO",$B13)),ISNUMBER(SEARCH("COPRA",$B13))),"ÓLEO DE COCO",IF(ISNUMBER(SEARCH("CORANTE",$B13)),"CORANTE",TRIM($B13)))),CONFIG_PALLETS!$B:$B,$C13&" ml"),IF(SUMIFS(CONFIG_PALLETS!$D:$D,CONFIG_PALLETS!$A:$A,"GERAL",CONFIG_PALLETS!$B:$B,$C13&" ml")>0,SUMIFS(CONFIG_PALLETS!$D:$D,CONFIG_PALLETS!$A:$A,"GERAL",CONFIG_PALLETS!$B:$B,$C13&" ml"),12))) | J13: =IF(D13="","",ROUNDUP(D13/IF(AND(C13="600 ml",ISNUMBER(SEARCH("NORCAU",B13))),95,IF(AND(C13="600 ml",ISNUMBER(SEARCH("APURATOS",B13))),190,IF(C13="600 ml",95,IF(C13="400 ml",125,IF(C13="200 ml",330,IF(C13="180 ml",240,1)))))),0)) | L13: =IF(H13="","",H13) | N13: =IF(I13="","",I13)
E14: CX | F14: =IF($B14="","",IF(SUMIFS(CONFIG_PALLETS!$C:$C,CONFIG_PALLETS!$A:$A,TRIM($B14),CONFIG_PALLETS!$B:$B,$C14&" ml")>0,SUMIFS(CONFIG_PALLETS!$C:$C,CONFIG_PALLETS!$A:$A,TRIM($B14),CONFIG_PALLETS!$B:$B,$C14&" ml"),IF(SUMIFS(CONFIG_PALLETS!$C:$C,CONFIG_PALLETS!$A:$A,"GERAL",CONFIG_PALLETS!$B:$B,$C14&" ml")>0,SUMIFS(CONFIG_PALLETS!$C:$C,CONFIG_PALLETS!$A:$A,"GERAL",CONFIG_PALLETS!$B:$B,$C14&" ml"),""))) | G14: =IFERROR(ROUNDUP(D14/F14,0),"") | I14: =IF(H14="","",H14*IF(SUMIFS(CONFIG_PALLETS!$D:$D,CONFIG_PALLETS!$A:$A,IF(ISNUMBER(SEARCH("ESPUMA",$B14)),"ESPUMA",IF(OR(ISNUMBER(SEARCH("OLEO DE COCO",$B14)),ISNUMBER(SEARCH("ÓLEO DE COCO",$B14)),ISNUMBER(SEARCH("COPRA",$B14))),"ÓLEO DE COCO",IF(ISNUMBER(SEARCH("CORANTE",$B14)),"CORANTE",TRIM($B14)))),CONFIG_PALLETS!$B:$B,$C14&" ml")>0,SUMIFS(CONFIG_PALLETS!$D:$D,CONFIG_PALLETS!$A:$A,IF(ISNUMBER(SEARCH("ESPUMA",$B14)),"ESPUMA",IF(OR(ISNUMBER(SEARCH("OLEO DE COCO",$B14)),ISNUMBER(SEARCH("ÓLEO DE COCO",$B14)),ISNUMBER(SEARCH("COPRA",$B14))),"ÓLEO DE COCO",IF(ISNUMBER(SEARCH("CORANTE",$B14)),"CORANTE",TRIM($B14)))),CONFIG_PALLETS!$B:$B,$C14&" ml"),IF(SUMIFS(CONFIG_PALLETS!$D:$D,CONFIG_PALLETS!$A:$A,"GERAL",CONFIG_PALLETS!$B:$B,$C14&" ml")>0,SUMIFS(CONFIG_PALLETS!$D:$D,CONFIG_PALLETS!$A:$A,"GERAL",CONFIG_PALLETS!$B:$B,$C14&" ml"),12))) | J14: =IF(D14="","",ROUNDUP(D14/IF(AND(C14="600 ml",ISNUMBER(SEARCH("NORCAU",B14))),95,IF(AND(C14="600 ml",ISNUMBER(SEARCH("APURATOS",B14))),190,IF(C14="600 ml",95,IF(C14="400 ml",125,IF(C14="200 ml",330,IF(C14="180 ml",240,1)))))),0)) | L14: =IF(H14="","",H14) | N14: =IF(I14="","",I14)
J15: =IF(D15="","",ROUNDUP(D15/IF(AND(C15="600 ml",ISNUMBER(SEARCH("NORCAU",B15))),95,IF(AND(C15="600 ml",ISNUMBER(SEARCH("APURATOS",B15))),190,IF(C15="600 ml",95,IF(C15="400 ml",125,IF(C15="200 ml",330,IF(C15="180 ml",240,1)))))),0)) | L15: =IF(H15="","",H15) | N15: =IF(I15="","",I15)
B16: TOTAL | D16: =IF(J16="","",TEXT(J16,"#,##0")) | G16: =IF(K16="","",TEXT(K16,"#,##0")) | H16: =IF(L16="","",TEXT(L16,"#,##0")) | I16: =IF(M16="","",TEXT(M16,"#,##0")) | J16: =SUM(D12:D15) | K16: =SUM(G12:G15) | L16: =SUM(H12:H15) | M16: =SUM(I12:I15) | N16: =IF(I16="","",I16) | O16: =SUM(N13:N15)
J17: =IF(D17="","",ROUNDUP(D17/IF(AND(C17="600 ml",ISNUMBER(SEARCH("NORCAU",B17))),95,IF(AND(C17="600 ml",ISNUMBER(SEARCH("APURATOS",B17))),190,IF(C17="600 ml",95,IF(C17="400 ml",125,IF(C17="200 ml",330,IF(C17="180 ml",240,1)))))),0)) | L17: =IF(H17="","",H17) | N17: =IF(I17="","",I17)
A18: 46029 | B18: PRODUTO | C18: EMBALAGEM | D18: CAIXAS | E18: UN | F18: CX/PALLET | G18: PALLETS (PBR) | H18: REAL (CX) | I18: TOTAL LATAS
J19: =IF(D19="","",ROUNDUP(D19/IF(AND(C19="600 ml",ISNUMBER(SEARCH("NORCAU",B19))),95,IF(AND(C19="600 ml",ISNUMBER(SEARCH("APURATOS",B19))),190,IF(C19="600 ml",95,IF(C19="400 ml",125,IF(C19="200 ml",330,IF(C19="180 ml",240,1)))))),0)) | L19: =IF(H19="","",H19) | N19: =IF(I19="","",I19)
B20: ADIMIX | C20: 600 | D20: =D13-L13 | E20: CX | F20: =IF($B20="","",IF(SUMIFS(CONFIG_PALLETS!$C:$C,CONFIG_PALLETS!$A:$A,TRIM($B20),CONFIG_PALLETS!$B:$B,$C20&" ml")>0,SUMIFS(CONFIG_PALLETS!$C:$C,CONFIG_PALLETS!$A:$A,TRIM($B20),CONFIG_PALLETS!$B:$B,$C20&" ml"),IF(SUMIFS(CONFIG_PALLETS!$C:$C,CONFIG_PALLETS!$A:$A,"GERAL",CONFIG_PALLETS!$B:$B,$C20&" ml")>0,SUMIFS(CONFIG_PALLETS!$C:$C,CONFIG_PALLETS!$A:$A,"GERAL",CONFIG_PALLETS!$B:$B,$C20&" ml"),""))) | G20: =IFERROR(ROUNDUP(D20/F20,0),"") | H20: 494 | I20: =IF(H20="","",H20*IF(SUMIFS(CONFIG_PALLETS!$D:$D,CONFIG_PALLETS!$A:$A,IF(ISNUMBER(SEARCH("ESPUMA",$B20)),"ESPUMA",IF(OR(ISNUMBER(SEARCH("OLEO DE COCO",$B20)),ISNUMBER(SEARCH("ÓLEO DE COCO",$B20)),ISNUMBER(SEARCH("COPRA",$B20))),"ÓLEO DE COCO",IF(ISNUMBER(SEARCH("CORANTE",$B20)),"CORANTE",TRIM($B20)))),CONFIG_PALLETS!$B:$B,$C20&" ml")>0,SUMIFS(CONFIG_PALLETS!$D:$D,CONFIG_PALLETS!$A:$A,IF(ISNUMBER(SEARCH("ESPUMA",$B20)),"ESPUMA",IF(OR(ISNUMBER(SEARCH("OLEO DE COCO",$B20)),ISNUMBER(SEARCH("ÓLEO DE COCO",$B20)),ISNUMBER(SEARCH("COPRA",$B20))),"ÓLEO DE COCO",IF(ISNUMBER(SEARCH("CORANTE",$B20)),"CORANTE",TRIM($B20)))),CONFIG_PALLETS!$B:$B,$C20&" ml"),IF(SUMIFS(CONFIG_PALLETS!$D:$D,CONFIG_PALLETS!$A:$A,"GERAL",CONFIG_PALLETS!$B:$B,$C20&" ml")>0,SUMIFS(CONFIG_PALLETS!$D:$D,CONFIG_PALLETS!$A:$A,"GERAL",CONFIG_PALLETS!$B:$B,$C20&" ml"),12))) | J20: =IF(D20="","",ROUNDUP(D20/IF(AND(C20="600 ml",ISNUMBER(SEARCH("NORCAU",B20))),95,IF(AND(C20="600 ml",ISNUMBER(SEARCH("APURATOS",B20))),190,IF(C20="600 ml",95,IF(C20="400 ml",125,IF(C20="200 ml",330,IF(C20="180 ml",240,1)))))),0)) | L20: =IF(H20="","",H20) | N20: =IF(I20="","",I20)
B21: UNTA FACIL | C21: 600 | D21: 1348 | E21: CX | F21: =IF($B21="","",IF(SUMIFS(CONFIG_PALLETS!$C:$C,CONFIG_PALLETS!$A:$A,TRIM($B21),CONFIG_PALLETS!$B:$B,$C21&" ml")>0,SUMIFS(CONFIG_PALLETS!$C:$C,CONFIG_PALLETS!$A:$A,TRIM($B21),CONFIG_PALLETS!$B:$B,$C21&" ml"),IF(SUMIFS(CONFIG_PALLETS!$C:$C,CONFIG_PALLETS!$A:$A,"GERAL",CONFIG_PALLETS!$B:$B,$C21&" ml")>0,SUMIFS(CONFIG_PALLETS!$C:$C,CONFIG_PALLETS!$A:$A,"GERAL",CONFIG_PALLETS!$B:$B,$C21&" ml"),""))) | G21: =IFERROR(ROUNDUP(D21/F21,0),"") | H21: 509 | I21: =IF(H21="","",H21*IF(SUMIFS(CONFIG_PALLETS!$D:$D,CONFIG_PALLETS!$A:$A,IF(ISNUMBER(SEARCH("ESPUMA",$B21)),"ESPUMA",IF(OR(ISNUMBER(SEARCH("OLEO DE COCO",$B21)),ISNUMBER(SEARCH("ÓLEO DE COCO",$B21)),ISNUMBER(SEARCH("COPRA",$B21))),"ÓLEO DE COCO",IF(ISNUMBER(SEARCH("CORANTE",$B21)),"CORANTE",TRIM($B21)))),CONFIG_PALLETS!$B:$B,$C21&" ml")>0,SUMIFS(CONFIG_PALLETS!$D:$D,CONFIG_PALLETS!$A:$A,IF(ISNUMBER(SEARCH("ESPUMA",$B21)),"ESPUMA",IF(OR(ISNUMBER(SEARCH("OLEO DE COCO",$B21)),ISNUMBER(SEARCH("ÓLEO DE COCO",$B21)),ISNUMBER(SEARCH("COPRA",$B21))),"ÓLEO DE COCO",IF(ISNUMBER(SEARCH("CORANTE",$B21)),"CORANTE",TRIM($B21)))),CONFIG_PALLETS!$B:$B,$C21&" ml"),IF(SUMIFS(CONFIG_PALLETS!$D:$D,CONFIG_PALLETS!$A:$A,"GERAL",CONFIG_PALLETS!$B:$B,$C21&" ml")>0,SUMIFS(CONFIG_PALLETS!$D:$D,CONFIG_PALLETS!$A:$A,"GERAL",CONFIG_PALLETS!$B:$B,$C21&" ml"),12))) | J21: =IF(D21="","",ROUNDUP(D21/IF(AND(C21="600 ml",ISNUMBER(SEARCH("NORCAU",B21))),95,IF(AND(C21="600 ml",ISNUMBER(SEARCH("APURATOS",B21))),190,IF(C21="600 ml",95,IF(C21="400 ml",125,IF(C21="200 ml",330,IF(C21="180 ml",240,1)))))),0)) | L21: =IF(H21="","",H21) | N21: =IF(I21="","",I21)
E22: CX | F22: =IF($B22="","",IF(SUMIFS(CONFIG_PALLETS!$C:$C,CONFIG_PALLETS!$A:$A,TRIM($B22),CONFIG_PALLETS!$B:$B,$C22&" ml")>0,SUMIFS(CONFIG_PALLETS!$C:$C,CONFIG_PALLETS!$A:$A,TRIM($B22),CONFIG_PALLETS!$B:$B,$C22&" ml"),IF(SUMIFS(CONFIG_PALLETS!$C:$C,CONFIG_PALLETS!$A:$A,"GERAL",CONFIG_PALLETS!$B:$B,$C22&" ml")>0,SUMIFS(CONFIG_PALLETS!$C:$C,CONFIG_PALLETS!$A:$A,"GERAL",CONFIG_PALLETS!$B:$B,$C22&" ml"),""))) | G22: =IFERROR(ROUNDUP(D22/F22,0),"") | I22: =IF(H22="","",H22*IF(SUMIFS(CONFIG_PALLETS!$D:$D,CONFIG_PALLETS!$A:$A,IF(ISNUMBER(SEARCH("ESPUMA",$B22)),"ESPUMA",IF(OR(ISNUMBER(SEARCH("OLEO DE COCO",$B22)),ISNUMBER(SEARCH("ÓLEO DE COCO",$B22)),ISNUMBER(SEARCH("COPRA",$B22))),"ÓLEO DE COCO",IF(ISNUMBER(SEARCH("CORANTE",$B22)),"CORANTE",TRIM($B22)))),CONFIG_PALLETS!$B:$B,$C22&" ml")>0,SUMIFS(CONFIG_PALLETS!$D:$D,CONFIG_PALLETS!$A:$A,IF(ISNUMBER(SEARCH("ESPUMA",$B22)),"ESPUMA",IF(OR(ISNUMBER(SEARCH("OLEO DE COCO",$B22)),ISNUMBER(SEARCH("ÓLEO DE COCO",$B22)),ISNUMBER(SEARCH("COPRA",$B22))),"ÓLEO DE COCO",IF(ISNUMBER(SEARCH("CORANTE",$B22)),"CORANTE",TRIM($B22)))),CONFIG_PALLETS!$B:$B,$C22&" ml"),IF(SUMIFS(CONFIG_PALLETS!$D:$D,CONFIG_PALLETS!$A:$A,"GERAL",CONFIG_PALLETS!$B:$B,$C22&" ml")>0,SUMIFS(CONFIG_PALLETS!$D:$D,CONFIG_PALLETS!$A:$A,"GERAL",CONFIG_PALLETS!$B:$B,$C22&" ml"),12))) | J22: =IF(D22="","",ROUNDUP(D22/IF(AND(C22="600 ml",ISNUMBER(SEARCH("NORCAU",B22))),95,IF(AND(C22="600 ml",ISNUMBER(SEARCH("APURATOS",B22))),190,IF(C22="600 ml",95,IF(C22="400 ml",125,IF(C22="200 ml",330,IF(C22="180 ml",240,1)))))),0)) | L22: =IF(H22="","",H22) | N22: =IF(I22="","",I22)
J23: =IF(D23="","",ROUNDUP(D23/IF(AND(C23="600 ml",ISNUMBER(SEARCH("NORCAU",B23))),95,IF(AND(C23="600 ml",ISNUMBER(SEARCH("APURATOS",B23))),190,IF(C23="600 ml",95,IF(C23="400 ml",125,IF(C23="200 ml",330,IF(C23="180 ml",240,1)))))),0)) | L23: =IF(H23="","",H23) | N23: =IF(I23="","",I23)
B24: TOTAL | D24: =IF(J24="","",TEXT(J24,"#,##0")) | G24: =IF(K24="","",TEXT(K24,"#,##0")) | H24: =IF(L24="","",TEXT(L24,"#,##0")) | I24: =IF(M24="","",TEXT(M24,"#,##0")) | J24: =SUM(D19:D23) | K24: =SUM(G19:G23) | L24: =SUM(H19:H23) | M24: =SUM(I19:I23) | N24: =IF(I24="","",I24) | O24: =SUM(N20:N23)
J25: =IF(D25="","",ROUNDUP(D25/IF(AND(C25="600 ml",ISNUMBER(SEARCH("NORCAU",B25))),95,IF(AND(C25="600 ml",ISNUMBER(SEARCH("APURATOS",B25))),190,IF(C25="600 ml",95,IF(C25="400 ml",125,IF(C25="200 ml",330,IF(C25="180 ml",240,1)))))),0)) | L25: =IF(H25="","",H25) | N25: =IF(I25="","",I25)
A26: 46030 | B26: PRODUTO | C26: EMBALAGEM | D26: CAIXAS | E26: UN | F26: CX/PALLET | G26: PALLETS (PBR) | H26: REAL (CX) | I26: TOTAL LATAS | P26: Acabou o gás eram 08:40, voltamos 10:30.
J27: =IF(D27="","",ROUNDUP(D27/IF(AND(C27="600 ml",ISNUMBER(SEARCH("NORCAU",B27))),95,IF(AND(C27="600 ml",ISNUMBER(SEARCH("APURATOS",B27))),190,IF(C27="600 ml",95,IF(C27="400 ml",125,IF(C27="200 ml",330,IF(C27="180 ml",240,1)))))),0)) | L27: =IF(H27="","",H27) | N27: =IF(I27="","",I27)
B28: UNTA FACIL | C28: 600 | D28: =D21-L21 | E28: CX | F28: =IF($B28="","",IF(SUMIFS(CONFIG_PALLETS!$C:$C,CONFIG_PALLETS!$A:$A,TRIM($B28),CONFIG_PALLETS!$B:$B,$C28&" ml")>0,SUMIFS(CONFIG_PALLETS!$C:$C,CONFIG_PALLETS!$A:$A,TRIM($B28),CONFIG_PALLETS!$B:$B,$C28&" ml"),IF(SUMIFS(CONFIG_PALLETS!$C:$C,CONFIG_PALLETS!$A:$A,"GERAL",CONFIG_PALLETS!$B:$B,$C28&" ml")>0,SUMIFS(CONFIG_PALLETS!$C:$C,CONFIG_PALLETS!$A:$A,"GERAL",CONFIG_PALLETS!$B:$B,$C28&" ml"),""))) | G28: =IFERROR(ROUNDUP(D28/F28,0),"") | H28: 821 | I28: =IF(H28="","",H28*IF(SUMIFS(CONFIG_PALLETS!$D:$D,CONFIG_PALLETS!$A:$A,IF(ISNUMBER(SEARCH("ESPUMA",$B28)),"ESPUMA",IF(OR(ISNUMBER(SEARCH("OLEO DE COCO",$B28)),ISNUMBER(SEARCH("ÓLEO DE COCO",$B28)),ISNUMBER(SEARCH("COPRA",$B28))),"ÓLEO DE COCO",IF(ISNUMBER(SEARCH("CORANTE",$B28)),"CORANTE",TRIM($B28)))),CONFIG_PALLETS!$B:$B,$C28&" ml")>0,SUMIFS(CONFIG_PALLETS!$D:$D,CONFIG_PALLETS!$A:$A,IF(ISNUMBER(SEARCH("ESPUMA",$B28)),"ESPUMA",IF(OR(ISNUMBER(SEARCH("OLEO DE COCO",$B28)),ISNUMBER(SEARCH("ÓLEO DE COCO",$B28)),ISNUMBER(SEARCH("COPRA",$B28))),"ÓLEO DE COCO",IF(ISNUMBER(SEARCH("CORANTE",$B28)),"CORANTE",TRIM($B28)))),CONFIG_PALLETS!$B:$B,$C28&" ml"),IF(SUMIFS(CONFIG_PALLETS!$D:$D,CONFIG_PALLETS!$A:$A,"GERAL",CONFIG_PALLETS!$B:$B,$C28&" ml")>0,SUMIFS(CONFIG_PALLETS!$D:$D,CONFIG_PALLETS!$A:$A,"GERAL",CONFIG_PALLETS!$B:$B,$C28&" ml"),12))) | J28: =IF(D28="","",ROUNDUP(D28/IF(AND(C28="600 ml",ISNUMBER(SEARCH("NORCAU",B28))),95,IF(AND(C28="600 ml",ISNUMBER(SEARCH("APURATOS",B28))),190,IF(C28="600 ml",95,IF(C28="400 ml",125,IF(C28="200 ml",330,IF(C28="180 ml",240,1)))))),0)) | L28: =IF(H28="","",H28) | N28: =IF(I28="","",I28)
E29: CX | F29: =IF($B29="","",IF(SUMIFS(CONFIG_PALLETS!$C:$C,CONFIG_PALLETS!$A:$A,TRIM($B29),CONFIG_PALLETS!$B:$B,$C29&" ml")>0,SUMIFS(CONFIG_PALLETS!$C:$C,CONFIG_PALLETS!$A:$A,TRIM($B29),CONFIG_PALLETS!$B:$B,$C29&" ml"),IF(SUMIFS(CONFIG_PALLETS!$C:$C,CONFIG_PALLETS!$A:$A,"GERAL",CONFIG_PALLETS!$B:$B,$C29&" ml")>0,SUMIFS(CONFIG_PALLETS!$C:$C,CONFIG_PALLETS!$A:$A,"GERAL",CONFIG_PALLETS!$B:$B,$C29&" ml"),""))) | G29: =IFERROR(ROUNDUP(D29/F29,0),"") | I29: =IF(H29="","",H29*IF(SUMIFS(CONFIG_PALLETS!$D:$D,CONFIG_PALLETS!$A:$A,IF(ISNUMBER(SEARCH("ESPUMA",$B29)),"ESPUMA",IF(OR(ISNUMBER(SEARCH("OLEO DE COCO",$B29)),ISNUMBER(SEARCH("ÓLEO DE COCO",$B29)),ISNUMBER(SEARCH("COPRA",$B29))),"ÓLEO DE COCO",IF(ISNUMBER(SEARCH("CORANTE",$B29)),"CORANTE",TRIM($B29)))),CONFIG_PALLETS!$B:$B,$C29&" ml")>0,SUMIFS(CONFIG_PALLETS!$D:$D,CONFIG_PALLETS!$A:$A,IF(ISNUMBER(SEARCH("ESPUMA",$B29)),"ESPUMA",IF(OR(ISNUMBER(SEARCH("OLEO DE COCO",$B29)),ISNUMBER(SEARCH("ÓLEO DE COCO",$B29)),ISNUMBER(SEARCH("COPRA",$B29))),"ÓLEO DE COCO",IF(ISNUMBER(SEARCH("CORANTE",$B29)),"CORANTE",TRIM($B29)))),CONFIG_PALLETS!$B:$B,$C29&" ml"),IF(SUMIFS(CONFIG_PALLETS!$D:$D,CONFIG_PALLETS!$A:$A,"GERAL",CONFIG_PALLETS!$B:$B,$C29&" ml")>0,SUMIFS(CONFIG_PALLETS!$D:$D,CONFIG_PALLETS!$A:$A,"GERAL",CONFIG_PALLETS!$B:$B,$C29&" ml"),12))) | J29: =IF(D29="","",ROUNDUP(D29/IF(AND(C29="600 ml",ISNUMBER(SEARCH("NORCAU",B29))),95,IF(AND(C29="600 ml",ISNUMBER(SEARCH("APURATOS",B29))),190,IF(C29="600 ml",95,IF(C29="400 ml",125,IF(C29="200 ml",330,IF(C29="180 ml",240,1)))))),0)) | L29: =IF(H29="","",H29) | N29: =IF(I29="","",I29)
E30: CX | F30: =IF($B30="","",IF(SUMIFS(CONFIG_PALLETS!$C:$C,CONFIG_PALLETS!$A:$A,TRIM($B30),CONFIG_PALLETS!$B:$B,$C30&" ml")>0,SUMIFS(CONFIG_PALLETS!$C:$C,CONFIG_PALLETS!$A:$A,TRIM($B30),CONFIG_PALLETS!$B:$B,$C30&" ml"),IF(SUMIFS(CONFIG_PALLETS!$C:$C,CONFIG_PALLETS!$A:$A,"GERAL",CONFIG_PALLETS!$B:$B,$C30&" ml")>0,SUMIFS(CONFIG_PALLETS!$C:$C,CONFIG_PALLETS!$A:$A,"GERAL",CONFIG_PALLETS!$B:$B,$C30&" ml"),""))) | G30: =IFERROR(ROUNDUP(D30/F30,0),"") | I30: =IF(H30="","",H30*IF(SUMIFS(CONFIG_PALLETS!$D:$D,CONFIG_PALLETS!$A:$A,IF(ISNUMBER(SEARCH("ESPUMA",$B30)),"ESPUMA",IF(OR(ISNUMBER(SEARCH("OLEO DE COCO",$B30)),ISNUMBER(SEARCH("ÓLEO DE COCO",$B30)),ISNUMBER(SEARCH("COPRA",$B30))),"ÓLEO DE COCO",IF(ISNUMBER(SEARCH("CORANTE",$B30)),"CORANTE",TRIM($B30)))),CONFIG_PALLETS!$B:$B,$C30&" ml")>0,SUMIFS(CONFIG_PALLETS!$D:$D,CONFIG_PALLETS!$A:$A,IF(ISNUMBER(SEARCH("ESPUMA",$B30)),"ESPUMA",IF(OR(ISNUMBER(SEARCH("OLEO DE COCO",$B30)),ISNUMBER(SEARCH("ÓLEO DE COCO",$B30)),ISNUMBER(SEARCH("COPRA",$B30))),"ÓLEO DE COCO",IF(ISNUMBER(SEARCH("CORANTE",$B30)),"CORANTE",TRIM($B30)))),CONFIG_PALLETS!$B:$B,$C30&" ml"),IF(SUMIFS(CONFIG_PALLETS!$D:$D,CONFIG_PALLETS!$A:$A,"GERAL",CONFIG_PALLETS!$B:$B,$C30&" ml")>0,SUMIFS(CONFIG_PALLETS!$D:$D,CONFIG_PALLETS!$A:$A,"GERAL",CONFIG_PALLETS!$B:$B,$C30&" ml"),12))) | J30: =IF(D30="","",ROUNDUP(D30/IF(AND(C30="600 ml",ISNUMBER(SEARCH("NORCAU",B30))),95,IF(AND(C30="600 ml",ISNUMBER(SEARCH("APURATOS",B30))),190,IF(C30="600 ml",95,IF(C30="400 ml",125,IF(C30="200 ml",330,IF(C30="180 ml",240,1)))))),0)) | L30: =IF(H30="","",H30) | N30: =IF(I30="","",I30)
J31: =IF(D31="","",ROUNDUP(D31/IF(AND(C31="600 ml",ISNUMBER(SEARCH("NORCAU",B31))),95,IF(AND(C31="600 ml",ISNUMBER(SEARCH("APURATOS",B31))),190,IF(C31="600 ml",95,IF(C31="400 ml",125,IF(C31="200 ml",330,IF(C31="180 ml",240,1)))))),0)) | L31: =IF(H31="","",H31) | N31: =IF(I31="","",I31)
B32: TOTAL | D32: =IF(J32="","",TEXT(J32,"#,##0")) | G32: =IF(K32="","",TEXT(K32,"#,##0")) | H32: =IF(L32="","",TEXT(L32,"#,##0")) | I32: =IF(M32="","",TEXT(M32,"#,##0")) | J32: =SUM(D27:D31) | K32: =SUM(G27:G31) | L32: =SUM(H27:H31) | M32: =SUM(I27:I31) | N32: =IF(I32="","",I32) | O32: =SUM(N28:N31)
J33: =IF(D33="","",ROUNDUP(D33/IF(AND(C33="600 ml",ISNUMBER(SEARCH("NORCAU",B33))),95,IF(AND(C33="600 ml",ISNUMBER(SEARCH("APURATOS",B33))),190,IF(C33="600 ml",95,IF(C33="400 ml",125,IF(C33="200 ml",330,IF(C33="180 ml",240,1)))))),0)) | L33: =IF(H33="","",H33) | N33: =IF(I33="","",I33)
A34: 46031 | B34: PRODUTO | C34: EMBALAGEM | D34: CAIXAS | E34: UN | F34: CX/PALLET | G34: PALLETS (PBR) | H34: REAL (CX) | I34: TOTAL LATAS
J35: =IF(D35="","",ROUNDUP(D35/IF(AND(C35="600 ml",ISNUMBER(SEARCH("NORCAU",B35))),95,IF(AND(C35="600 ml",ISNUMBER(SEARCH("APURATOS",B35))),190,IF(C35="600 ml",95,IF(C35="400 ml",125,IF(C35="200 ml",330,IF(C35="180 ml",240,1)))))),0)) | L35: =IF(H35="","",H35) | N35: =IF(I35="","",I35) | P35: Explodiu o transformador.
B36: UNTA FACIL | C36: 600 | D36: =D28-L28 | E36: CX | F36: =IF($B36="","",IF(SUMIFS(CONFIG_PALLETS!$C:$C,CONFIG_PALLETS!$A:$A,TRIM($B36),CONFIG_PALLETS!$B:$B,$C36&" ml")>0,SUMIFS(CONFIG_PALLETS!$C:$C,CONFIG_PALLETS!$A:$A,TRIM($B36),CONFIG_PALLETS!$B:$B,$C36&" ml"),IF(SUMIFS(CONFIG_PALLETS!$C:$C,CONFIG_PALLETS!$A:$A,"GERAL",CONFIG_PALLETS!$B:$B,$C36&" ml")>0,SUMIFS(CONFIG_PALLETS!$C:$C,CONFIG_PALLETS!$A:$A,"GERAL",CONFIG_PALLETS!$B:$B,$C36&" ml"),""))) | G36: =IFERROR(ROUNDUP(D36/F36,0),"") | H36: 13 | I36: =IF(H36="","",H36*IF(SUMIFS(CONFIG_PALLETS!$D:$D,CONFIG_PALLETS!$A:$A,IF(ISNUMBER(SEARCH("ESPUMA",$B36)),"ESPUMA",IF(OR(ISNUMBER(SEARCH("OLEO DE COCO",$B36)),ISNUMBER(SEARCH("ÓLEO DE COCO",$B36)),ISNUMBER(SEARCH("COPRA",$B36))),"ÓLEO DE COCO",IF(ISNUMBER(SEARCH("CORANTE",$B36)),"CORANTE",TRIM($B36)))),CONFIG_PALLETS!$B:$B,$C36&" ml")>0,SUMIFS(CONFIG_PALLETS!$D:$D,CONFIG_PALLETS!$A:$A,IF(ISNUMBER(SEARCH("ESPUMA",$B36)),"ESPUMA",IF(OR(ISNUMBER(SEARCH("OLEO DE COCO",$B36)),ISNUMBER(SEARCH("ÓLEO DE COCO",$B36)),ISNUMBER(SEARCH("COPRA",$B36))),"ÓLEO DE COCO",IF(ISNUMBER(SEARCH("CORANTE",$B36)),"CORANTE",TRIM($B36)))),CONFIG_PALLETS!$B:$B,$C36&" ml"),IF(SUMIFS(CONFIG_PALLETS!$D:$D,CONFIG_PALLETS!$A:$A,"GERAL",CONFIG_PALLETS!$B:$B,$C36&" ml")>0,SUMIFS(CONFIG_PALLETS!$D:$D,CONFIG_PALLETS!$A:$A,"GERAL",CONFIG_PALLETS!$B:$B,$C36&" ml"),12))) | J36: =IF(D36="","",ROUNDUP(D36/IF(AND(C36="600 ml",ISNUMBER(SEARCH("NORCAU",B36))),95,IF(AND(C36="600 ml",ISNUMBER(SEARCH("APURATOS",B36))),190,IF(C36="600 ml",95,IF(C36="400 ml",125,IF(C36="200 ml",330,IF(C36="180 ml",240,1)))))),0)) | L36: =IF(H36="","",H36) | N36: =IF(I36="","",I36)
B37: PURATOS | C37: 600 | D37: 2660 | E37: CX | F37: =IF($B37="","",IF(SUMIFS(CONFIG_PALLETS!$C:$C,CONFIG_PALLETS!$A:$A,TRIM($B37),CONFIG_PALLETS!$B:$B,$C37&" ml")>0,SUMIFS(CONFIG_PALLETS!$C:$C,CONFIG_PALLETS!$A:$A,TRIM($B37),CONFIG_PALLETS!$B:$B,$C37&" ml"),IF(SUMIFS(CONFIG_PALLETS!$C:$C,CONFIG_PALLETS!$A:$A,"GERAL",CONFIG_PALLETS!$B:$B,$C37&" ml")>0,SUMIFS(CONFIG_PALLETS!$C:$C,CONFIG_PALLETS!$A:$A,"GERAL",CONFIG_PALLETS!$B:$B,$C37&" ml"),""))) | G37: =IFERROR(ROUNDUP(D37/F37,0),"") | H37: 1057 | I37: =IF(H37="","",H37*IF(SUMIFS(CONFIG_PALLETS!$D:$D,CONFIG_PALLETS!$A:$A,IF(ISNUMBER(SEARCH("ESPUMA",$B37)),"ESPUMA",IF(OR(ISNUMBER(SEARCH("OLEO DE COCO",$B37)),ISNUMBER(SEARCH("ÓLEO DE COCO",$B37)),ISNUMBER(SEARCH("COPRA",$B37))),"ÓLEO DE COCO",IF(ISNUMBER(SEARCH("CORANTE",$B37)),"CORANTE",TRIM($B37)))),CONFIG_PALLETS!$B:$B,$C37&" ml")>0,SUMIFS(CONFIG_PALLETS!$D:$D,CONFIG_PALLETS!$A:$A,IF(ISNUMBER(SEARCH("ESPUMA",$B37)),"ESPUMA",IF(OR(ISNUMBER(SEARCH("OLEO DE COCO",$B37)),ISNUMBER(SEARCH("ÓLEO DE COCO",$B37)),ISNUMBER(SEARCH("COPRA",$B37))),"ÓLEO DE COCO",IF(ISNUMBER(SEARCH("CORANTE",$B37)),"CORANTE",TRIM($B37)))),CONFIG_PALLETS!$B:$B,$C37&" ml"),IF(SUMIFS(CONFIG_PALLETS!$D:$D,CONFIG_PALLETS!$A:$A,"GERAL",CONFIG_PALLETS!$B:$B,$C37&" ml")>0,SUMIFS(CONFIG_PALLETS!$D:$D,CONFIG_PALLETS!$A:$A,"GERAL",CONFIG_PALLETS!$B:$B,$C37&" ml"),12))) | J37: =IF(D37="","",ROUNDUP(D37/IF(AND(C37="600 ml",ISNUMBER(SEARCH("NORCAU",B37))),95,IF(AND(C37="600 ml",ISNUMBER(SEARCH("APURATOS",B37))),190,IF(C37="600 ml",95,IF(C37="400 ml",125,IF(C37="200 ml",330,IF(C37="180 ml",240,1)))))),0)) | L37: =IF(H37="","",H37) | N37: =IF(I37="","",I37)
E38: CX | F38: =IF($B38="","",IF(SUMIFS(CONFIG_PALLETS!$C:$C,CONFIG_PALLETS!$A:$A,TRIM($B38),CONFIG_PALLETS!$B:$B,$C38&" ml")>0,SUMIFS(CONFIG_PALLETS!$C:$C,CONFIG_PALLETS!$A:$A,TRIM($B38),CONFIG_PALLETS!$B:$B,$C38&" ml"),IF(SUMIFS(CONFIG_PALLETS!$C:$C,CONFIG_PALLETS!$A:$A,"GERAL",CONFIG_PALLETS!$B:$B,$C38&" ml")>0,SUMIFS(CONFIG_PALLETS!$C:$C,CONFIG_PALLETS!$A:$A,"GERAL",CONFIG_PALLETS!$B:$B,$C38&" ml"),""))) | G38: =IFERROR(ROUNDUP(D38/F38,0),"") | I38: =IF(H38="","",H38*IF(SUMIFS(CONFIG_PALLETS!$D:$D,CONFIG_PALLETS!$A:$A,IF(ISNUMBER(SEARCH("ESPUMA",$B38)),"ESPUMA",IF(OR(ISNUMBER(SEARCH("OLEO DE COCO",$B38)),ISNUMBER(SEARCH("ÓLEO DE COCO",$B38)),ISNUMBER(SEARCH("COPRA",$B38))),"ÓLEO DE COCO",IF(ISNUMBER(SEARCH("CORANTE",$B38)),"CORANTE",TRIM($B38)))),CONFIG_PALLETS!$B:$B,$C38&" ml")>0,SUMIFS(CONFIG_PALLETS!$D:$D,CONFIG_PALLETS!$A:$A,IF(ISNUMBER(SEARCH("ESPUMA",$B38)),"ESPUMA",IF(OR(ISNUMBER(SEARCH("OLEO DE COCO",$B38)),ISNUMBER(SEARCH("ÓLEO DE COCO",$B38)),ISNUMBER(SEARCH("COPRA",$B38))),"ÓLEO DE COCO",IF(ISNUMBER(SEARCH("CORANTE",$B38)),"CORANTE",TRIM($B38)))),CONFIG_PALLETS!$B:$B,$C38&" ml"),IF(SUMIFS(CONFIG_PALLETS!$D:$D,CONFIG_PALLETS!$A:$A,"GERAL",CONFIG_PALLETS!$B:$B,$C38&" ml")>0,SUMIFS(CONFIG_PALLETS!$D:$D,CONFIG_PALLETS!$A:$A,"GERAL",CONFIG_PALLETS!$B:$B,$C38&" ml"),12))) | J38: =IF(D38="","",ROUNDUP(D38/IF(AND(C38="600 ml",ISNUMBER(SEARCH("NORCAU",B38))),95,IF(AND(C38="600 ml",ISNUMBER(SEARCH("APURATOS",B38))),190,IF(C38="600 ml",95,IF(C38="400 ml",125,IF(C38="200 ml",330,IF(C38="180 ml",240,1)))))),0)) | L38: =IF(H38="","",H38) | N38: =IF(I38="","",I38)
E39: CX | F39: =IF($B39="","",IF(SUMIFS(CONFIG_PALLETS!$C:$C,CONFIG_PALLETS!$A:$A,TRIM($B39),CONFIG_PALLETS!$B:$B,$C39&" ml")>0,SUMIFS(CONFIG_PALLETS!$C:$C,CONFIG_PALLETS!$A:$A,TRIM($B39),CONFIG_PALLETS!$B:$B,$C39&" ml"),IF(SUMIFS(CONFIG_PALLETS!$C:$C,CONFIG_PALLETS!$A:$A,"GERAL",CONFIG_PALLETS!$B:$B,$C39&" ml")>0,SUMIFS(CONFIG_PALLETS!$C:$C,CONFIG_PALLETS!$A:$A,"GERAL",CONFIG_PALLETS!$B:$B,$C39&" ml"),""))) | G39: =IFERROR(ROUNDUP(D39/F39,0),"") | I39: =IF(H39="","",H39*IF(SUMIFS(CONFIG_PALLETS!$D:$D,CONFIG_PALLETS!$A:$A,IF(ISNUMBER(SEARCH("ESPUMA",$B39)),"ESPUMA",IF(OR(ISNUMBER(SEARCH("OLEO DE COCO",$B39)),ISNUMBER(SEARCH("ÓLEO DE COCO",$B39)),ISNUMBER(SEARCH("COPRA",$B39))),"ÓLEO DE COCO",IF(ISNUMBER(SEARCH("CORANTE",$B39)),"CORANTE",TRIM($B39)))),CONFIG_PALLETS!$B:$B,$C39&" ml")>0,SUMIFS(CONFIG_PALLETS!$D:$D,CONFIG_PALLETS!$A:$A,IF(ISNUMBER(SEARCH("ESPUMA",$B39)),"ESPUMA",IF(OR(ISNUMBER(SEARCH("OLEO DE COCO",$B39)),ISNUMBER(SEARCH("ÓLEO DE COCO",$B39)),ISNUMBER(SEARCH("COPRA",$B39))),"ÓLEO DE COCO",IF(ISNUMBER(SEARCH("CORANTE",$B39)),"CORANTE",TRIM($B39)))),CONFIG_PALLETS!$B:$B,$C39&" ml"),IF(SUMIFS(CONFIG_PALLETS!$D:$D,CONFIG_PALLETS!$A:$A,"GERAL",CONFIG_PALLETS!$B:$B,$C39&" ml")>0,SUMIFS(CONFIG_PALLETS!$D:$D,CONFIG_PALLETS!$A:$A,"GERAL",CONFIG_PALLETS!$B:$B,$C39&" ml"),12))) | J39: =IF(D39="","",ROUNDUP(D39/IF(AND(C39="600 ml",ISNUMBER(SEARCH("NORCAU",B39))),95,IF(AND(C39="600 ml",ISNUMBER(SEARCH("APURATOS",B39))),190,IF(C39="600 ml",95,IF(C39="400 ml",125,IF(C39="200 ml",330,IF(C39="180 ml",240,1)))))),0)) | L39: =IF(H39="","",H39) | N39: =IF(I39="","",I39)
J40: =IF(D40="","",ROUNDUP(D40/IF(AND(C40="600 ml",ISNUMBER(SEARCH("NORCAU",B40))),95,IF(AND(C40="600 ml",ISNUMBER(SEARCH("APURATOS",B40))),190,IF(C40="600 ml",95,IF(C40="400 ml",125,IF(C40="200 ml",330,IF(C40="180 ml",240,1)))))),0)) | L40: =IF(H40="","",H40) | N40: =IF(I40="","",I40)
B41: TOTAL | D41: =IF(J41="","",TEXT(J41,"#,##0")) | G41: =IF(K41="","",TEXT(K41,"#,##0")) | H41: =IF(L41="","",TEXT(L41,"#,##0")) | I41: =IF(M41="","",TEXT(M41,"#,##0")) | J41: =SUM(D35:D40) | K41: =SUM(G35:G40) | L41: =SUM(H35:H40) | M41: =SUM(I35:I40) | N41: =IF(I41="","",I41) | O41: =SUM(N36:N40)
J42: =IF(D42="","",ROUNDUP(D42/IF(AND(C42="600 ml",ISNUMBER(SEARCH("NORCAU",B42))),95,IF(AND(C42="600 ml",ISNUMBER(SEARCH("APURATOS",B42))),190,IF(C42="600 ml",95,IF(C42="400 ml",125,IF(C42="200 ml",330,IF(C42="180 ml",240,1)))))),0)) | L42: =IF(H42="","",H42) | N42: =IF(I42="","",I42)
A43: 46034 | B43: PRODUTO | C43: EMBALAGEM | D43: CAIXAS | E43: UN | F43: CX/PALLET | G43: PALLETS (PBR) | H43: REAL (CX) | I43: TOTAL LATAS
J44: =IF(D44="","",ROUNDUP(D44/IF(AND(C44="600 ml",ISNUMBER(SEARCH("NORCAU",B44))),95,IF(AND(C44="600 ml",ISNUMBER(SEARCH("APURATOS",B44))),190,IF(C44="600 ml",95,IF(C44="400 ml",125,IF(C44="200 ml",330,IF(C44="180 ml",240,1)))))),0)) | L44: =IF(H44="","",H44) | N44: =IF(I44="","",I44) | P44: ENTUPIU O SISTEMA, VOLTAMOS 14:40
B45: PURATOS | C45: 600 | D45: =D37-L37 | E45: CX | F45: =IF($B45="","",IF(SUMIFS(CONFIG_PALLETS!$C:$C,CONFIG_PALLETS!$A:$A,TRIM($B45),CONFIG_PALLETS!$B:$B,$C45&" ml")>0,SUMIFS(CONFIG_PALLETS!$C:$C,CONFIG_PALLETS!$A:$A,TRIM($B45),CONFIG_PALLETS!$B:$B,$C45&" ml"),IF(SUMIFS(CONFIG_PALLETS!$C:$C,CONFIG_PALLETS!$A:$A,"GERAL",CONFIG_PALLETS!$B:$B,$C45&" ml")>0,SUMIFS(CONFIG_PALLETS!$C:$C,CONFIG_PALLETS!$A:$A,"GERAL",CONFIG_PALLETS!$B:$B,$C45&" ml"),""))) | G45: =IFERROR(ROUNDUP(D45/F45,0),"") | H45: 1072 | I45: =IF(H45="","",H45*IF(SUMIFS(CONFIG_PALLETS!$D:$D,CONFIG_PALLETS!$A:$A,IF(ISNUMBER(SEARCH("ESPUMA",$B45)),"ESPUMA",IF(OR(ISNUMBER(SEARCH("OLEO DE COCO",$B45)),ISNUMBER(SEARCH("ÓLEO DE COCO",$B45)),ISNUMBER(SEARCH("COPRA",$B45))),"ÓLEO DE COCO",IF(ISNUMBER(SEARCH("CORANTE",$B45)),"CORANTE",TRIM($B45)))),CONFIG_PALLETS!$B:$B,$C45&" ml")>0,SUMIFS(CONFIG_PALLETS!$D:$D,CONFIG_PALLETS!$A:$A,IF(ISNUMBER(SEARCH("ESPUMA",$B45)),"ESPUMA",IF(OR(ISNUMBER(SEARCH("OLEO DE COCO",$B45)),ISNUMBER(SEARCH("ÓLEO DE COCO",$B45)),ISNUMBER(SEARCH("COPRA",$B45))),"ÓLEO DE COCO",IF(ISNUMBER(SEARCH("CORANTE",$B45)),"CORANTE",TRIM($B45)))),CONFIG_PALLETS!$B:$B,$C45&" ml"),IF(SUMIFS(CONFIG_PALLETS!$D:$D,CONFIG_PALLETS!$A:$A,"GERAL",CONFIG_PALLETS!$B:$B,$C45&" ml")>0,SUMIFS(CONFIG_PALLETS!$D:$D,CONFIG_PALLETS!$A:$A,"GERAL",CONFIG_PALLETS!$B:$B,$C45&" ml"),12))) | J45: =IF(D45="","",ROUNDUP(D45/IF(AND(C45="600 ml",ISNUMBER(SEARCH("NORCAU",B45))),95,IF(AND(C45="600 ml",ISNUMBER(SEARCH("APURATOS",B45))),190,IF(C45="600 ml",95,IF(C45="400 ml",125,IF(C45="200 ml",330,IF(C45="180 ml",240,1)))))),0)) | L45: =IF(H45="","",H45) | N45: =IF(I45="","",I45)
E46: CX | F46: =IF($B46="","",IF(SUMIFS(CONFIG_PALLETS!$C:$C,CONFIG_PALLETS!$A:$A,TRIM($B46),CONFIG_PALLETS!$B:$B,$C46&" ml")>0,SUMIFS(CONFIG_PALLETS!$C:$C,CONFIG_PALLETS!$A:$A,TRIM($B46),CONFIG_PALLETS!$B:$B,$C46&" ml"),IF(SUMIFS(CONFIG_PALLETS!$C:$C,CONFIG_PALLETS!$A:$A,"GERAL",CONFIG_PALLETS!$B:$B,$C46&" ml")>0,SUMIFS(CONFIG_PALLETS!$C:$C,CONFIG_PALLETS!$A:$A,"GERAL",CONFIG_PALLETS!$B:$B,$C46&" ml"),""))) | G46: =IFERROR(ROUNDUP(D46/F46,0),"") | I46: =IF(H46="","",H46*IF(SUMIFS(CONFIG_PALLETS!$D:$D,CONFIG_PALLETS!$A:$A,IF(ISNUMBER(SEARCH("ESPUMA",$B46)),"ESPUMA",IF(OR(ISNUMBER(SEARCH("OLEO DE COCO",$B46)),ISNUMBER(SEARCH("ÓLEO DE COCO",$B46)),ISNUMBER(SEARCH("COPRA",$B46))),"ÓLEO DE COCO",IF(ISNUMBER(SEARCH("CORANTE",$B46)),"CORANTE",TRIM($B46)))),CONFIG_PALLETS!$B:$B,$C46&" ml")>0,SUMIFS(CONFIG_PALLETS!$D:$D,CONFIG_PALLETS!$A:$A,IF(ISNUMBER(SEARCH("ESPUMA",$B46)),"ESPUMA",IF(OR(ISNUMBER(SEARCH("OLEO DE COCO",$B46)),ISNUMBER(SEARCH("ÓLEO DE COCO",$B46)),ISNUMBER(SEARCH("COPRA",$B46))),"ÓLEO DE COCO",IF(ISNUMBER(SEARCH("CORANTE",$B46)),"CORANTE",TRIM($B46)))),CONFIG_PALLETS!$B:$B,$C46&" ml"),IF(SUMIFS(CONFIG_PALLETS!$D:$D,CONFIG_PALLETS!$A:$A,"GERAL",CONFIG_PALLETS!$B:$B,$C46&" ml")>0,SUMIFS(CONFIG_PALLETS!$D:$D,CONFIG_PALLETS!$A:$A,"GERAL",CONFIG_PALLETS!$B:$B,$C46&" ml"),12))) | J46: =IF(D46="","",ROUNDUP(D46/IF(AND(C46="600 ml",ISNUMBER(SEARCH("NORCAU",B46))),95,IF(AND(C46="600 ml",ISNUMBER(SEARCH("APURATOS",B46))),190,IF(C46="600 ml",95,IF(C46="400 ml",125,IF(C46="200 ml",330,IF(C46="180 ml",240,1)))))),0)) | L46: =IF(H46="","",H46) | N46: =IF(I46="","",I46)
E47: CX | F47: =IF($B47="","",IF(SUMIFS(CONFIG_PALLETS!$C:$C,CONFIG_PALLETS!$A:$A,TRIM($B47),CONFIG_PALLETS!$B:$B,$C47&" ml")>0,SUMIFS(CONFIG_PALLETS!$C:$C,CONFIG_PALLETS!$A:$A,TRIM($B47),CONFIG_PALLETS!$B:$B,$C47&" ml"),IF(SUMIFS(CONFIG_PALLETS!$C:$C,CONFIG_PALLETS!$A:$A,"GERAL",CONFIG_PALLETS!$B:$B,$C47&" ml")>0,SUMIFS(CONFIG_PALLETS!$C:$C,CONFIG_PALLETS!$A:$A,"GERAL",CONFIG_PALLETS!$B:$B,$C47&" ml"),""))) | G47: =IFERROR(ROUNDUP(D47/F47,0),"") | I47: =IF(H47="","",H47*IF(SUMIFS(CONFIG_PALLETS!$D:$D,CONFIG_PALLETS!$A:$A,IF(ISNUMBER(SEARCH("ESPUMA",$B47)),"ESPUMA",IF(OR(ISNUMBER(SEARCH("OLEO DE COCO",$B47)),ISNUMBER(SEARCH("ÓLEO DE COCO",$B47)),ISNUMBER(SEARCH("COPRA",$B47))),"ÓLEO DE COCO",IF(ISNUMBER(SEARCH("CORANTE",$B47)),"CORANTE",TRIM($B47)))),CONFIG_PALLETS!$B:$B,$C47&" ml")>0,SUMIFS(CONFIG_PALLETS!$D:$D,CONFIG_PALLETS!$A:$A,IF(ISNUMBER(SEARCH("ESPUMA",$B47)),"ESPUMA",IF(OR(ISNUMBER(SEARCH("OLEO DE COCO",$B47)),ISNUMBER(SEARCH("ÓLEO DE COCO",$B47)),ISNUMBER(SEARCH("COPRA",$B47))),"ÓLEO DE COCO",IF(ISNUMBER(SEARCH("CORANTE",$B47)),"CORANTE",TRIM($B47)))),CONFIG_PALLETS!$B:$B,$C47&" ml"),IF(SUMIFS(CONFIG_PALLETS!$D:$D,CONFIG_PALLETS!$A:$A,"GERAL",CONFIG_PALLETS!$B:$B,$C47&" ml")>0,SUMIFS(CONFIG_PALLETS!$D:$D,CONFIG_PALLETS!$A:$A,"GERAL",CONFIG_PALLETS!$B:$B,$C47&" ml"),12))) | J47: =IF(D47="","",ROUNDUP(D47/IF(AND(C47="600 ml",ISNUMBER(SEARCH("NORCAU",B47))),95,IF(AND(C47="600 ml",ISNUMBER(SEARCH("APURATOS",B47))),190,IF(C47="600 ml",95,IF(C47="400 ml",125,IF(C47="200 ml",330,IF(C47="180 ml",240,1)))))),0)) | L47: =IF(H47="","",H47) | N47: =IF(I47="","",I47)
J48: =IF(D48="","",ROUNDUP(D48/IF(AND(C48="600 ml",ISNUMBER(SEARCH("NORCAU",B48))),95,IF(AND(C48="600 ml",ISNUMBER(SEARCH("APURATOS",B48))),190,IF(C48="600 ml",95,IF(C48="400 ml",125,IF(C48="200 ml",330,IF(C48="180 ml",240,1)))))),0)) | L48: =IF(H48="","",H48) | N48: =IF(I48="","",I48)
B49: TOTAL | D49: =IF(J49="","",TEXT(J49,"#,##0")) | G49: =IF(K49="","",TEXT(K49,"#,##0")) | H49: =IF(L49="","",TEXT(L49,"#,##0")) | I49: =IF(M49="","",TEXT(M49,"#,##0")) | J49: =SUM(D44:D48) | K49: =SUM(G44:G48) | L49: =SUM(H44:H48) | M49: =SUM(I44:I48) | N49: =IF(I49="","",I49) | O49: =SUM(N45:N48)
J50: =IF(D50="","",ROUNDUP(D50/IF(AND(C50="600 ml",ISNUMBER(SEARCH("NORCAU",B50))),95,IF(AND(C50="600 ml",ISNUMBER(SEARCH("APURATOS",B50))),190,IF(C50="600 ml",95,IF(C50="400 ml",125,IF(C50="200 ml",330,IF(C50="180 ml",240,1)))))),0)) | L50: =IF(H50="","",H50) | N50: =IF(I50="","",I50)
A51: 46035 | B51: PRODUTO | C51: EMBALAGEM | D51: CAIXAS | E51: UN | F51: CX/PALLET | G51: PALLETS (PBR) | H51: REAL (CX) | I51: TOTAL LATAS
J52: =IF(D52="","",ROUNDUP(D52/IF(AND(C52="600 ml",ISNUMBER(SEARCH("NORCAU",B52))),95,IF(AND(C52="600 ml",ISNUMBER(SEARCH("APURATOS",B52))),190,IF(C52="600 ml",95,IF(C52="400 ml",125,IF(C52="200 ml",330,IF(C52="180 ml",240,1)))))),0)) | L52: =IF(H52="","",H52) | N52: =IF(I52="","",I52)
B53: PURATOS | C53: 600 | D53: =D45-L45 | E53: CX | F53: =IF($B53="","",IF(SUMIFS(CONFIG_PALLETS!$C:$C,CONFIG_PALLETS!$A:$A,TRIM($B53),CONFIG_PALLETS!$B:$B,$C53&" ml")>0,SUMIFS(CONFIG_PALLETS!$C:$C,CONFIG_PALLETS!$A:$A,TRIM($B53),CONFIG_PALLETS!$B:$B,$C53&" ml"),IF(SUMIFS(CONFIG_PALLETS!$C:$C,CONFIG_PALLETS!$A:$A,"GERAL",CONFIG_PALLETS!$B:$B,$C53&" ml")>0,SUMIFS(CONFIG_PALLETS!$C:$C,CONFIG_PALLETS!$A:$A,"GERAL",CONFIG_PALLETS!$B:$B,$C53&" ml"),""))) | G53: =IFERROR(ROUNDUP(D53/F53,0),"") | H53: 562 | I53: =IF(H53="","",H53*IF(SUMIFS(CONFIG_PALLETS!$D:$D,CONFIG_PALLETS!$A:$A,IF(ISNUMBER(SEARCH("ESPUMA",$B53)),"ESPUMA",IF(OR(ISNUMBER(SEARCH("OLEO DE COCO",$B53)),ISNUMBER(SEARCH("ÓLEO DE COCO",$B53)),ISNUMBER(SEARCH("COPRA",$B53))),"ÓLEO DE COCO",IF(ISNUMBER(SEARCH("CORANTE",$B53)),"CORANTE",TRIM($B53)))),CONFIG_PALLETS!$B:$B,$C53&" ml")>0,SUMIFS(CONFIG_PALLETS!$D:$D,CONFIG_PALLETS!$A:$A,IF(ISNUMBER(SEARCH("ESPUMA",$B53)),"ESPUMA",IF(OR(ISNUMBER(SEARCH("OLEO DE COCO",$B53)),ISNUMBER(SEARCH("ÓLEO DE COCO",$B53)),ISNUMBER(SEARCH("COPRA",$B53))),"ÓLEO DE COCO",IF(ISNUMBER(SEARCH("CORANTE",$B53)),"CORANTE",TRIM($B53)))),CONFIG_PALLETS!$B:$B,$C53&" ml"),IF(SUMIFS(CONFIG_PALLETS!$D:$D,CONFIG_PALLETS!$A:$A,"GERAL",CONFIG_PALLETS!$B:$B,$C53&" ml")>0,SUMIFS(CONFIG_PALLETS!$D:$D,CONFIG_PALLETS!$A:$A,"GERAL",CONFIG_PALLETS!$B:$B,$C53&" ml"),12))) | J53: =IF(D53="","",ROUNDUP(D53/IF(AND(C53="600 ml",ISNUMBER(SEARCH("NORCAU",B53))),95,IF(AND(C53="600 ml",ISNUMBER(SEARCH("APURATOS",B53))),190,IF(C53="600 ml",95,IF(C53="400 ml",125,IF(C53="200 ml",330,IF(C53="180 ml",240,1)))))),0)) | L53: =IF(H53="","",H53) | N53: =IF(I53="","",I53)
E54: CX | F54: =IF($B54="","",IF(SUMIFS(CONFIG_PALLETS!$C:$C,CONFIG_PALLETS!$A:$A,TRIM($B54),CONFIG_PALLETS!$B:$B,$C54&" ml")>0,SUMIFS(CONFIG_PALLETS!$C:$C,CONFIG_PALLETS!$A:$A,TRIM($B54),CONFIG_PALLETS!$B:$B,$C54&" ml"),IF(SUMIFS(CONFIG_PALLETS!$C:$C,CONFIG_PALLETS!$A:$A,"GERAL",CONFIG_PALLETS!$B:$B,$C54&" ml")>0,SUMIFS(CONFIG_PALLETS!$C:$C,CONFIG_PALLETS!$A:$A,"GERAL",CONFIG_PALLETS!$B:$B,$C54&" ml"),""))) | G54: =IFERROR(ROUNDUP(D54/F54,0),"") | I54: =IF(H54="","",H54*IF(SUMIFS(CONFIG_PALLETS!$D:$D,CONFIG_PALLETS!$A:$A,IF(ISNUMBER(SEARCH("ESPUMA",$B54)),"ESPUMA",IF(OR(ISNUMBER(SEARCH("OLEO DE COCO",$B54)),ISNUMBER(SEARCH("ÓLEO DE COCO",$B54)),ISNUMBER(SEARCH("COPRA",$B54))),"ÓLEO DE COCO",IF(ISNUMBER(SEARCH("CORANTE",$B54)),"CORANTE",TRIM($B54)))),CONFIG_PALLETS!$B:$B,$C54&" ml")>0,SUMIFS(CONFIG_PALLETS!$D:$D,CONFIG_PALLETS!$A:$A,IF(ISNUMBER(SEARCH("ESPUMA",$B54)),"ESPUMA",IF(OR(ISNUMBER(SEARCH("OLEO DE COCO",$B54)),ISNUMBER(SEARCH("ÓLEO DE COCO",$B54)),ISNUMBER(SEARCH("COPRA",$B54))),"ÓLEO DE COCO",IF(ISNUMBER(SEARCH("CORANTE",$B54)),"CORANTE",TRIM($B54)))),CONFIG_PALLETS!$B:$B,$C54&" ml"),IF(SUMIFS(CONFIG_PALLETS!$D:$D,CONFIG_PALLETS!$A:$A,"GERAL",CONFIG_PALLETS!$B:$B,$C54&" ml")>0,SUMIFS(CONFIG_PALLETS!$D:$D,CONFIG_PALLETS!$A:$A,"GERAL",CONFIG_PALLETS!$B:$B,$C54&" ml"),12))) | J54: =IF(D54="","",ROUNDUP(D54/IF(AND(C54="600 ml",ISNUMBER(SEARCH("NORCAU",B54))),95,IF(AND(C54="600 ml",ISNUMBER(SEARCH("APURATOS",B54))),190,IF(C54="600 ml",95,IF(C54="400 ml",125,IF(C54="200 ml",330,IF(C54="180 ml",240,1)))))),0)) | L54: =IF(H54="","",H54) | N54: =IF(I54="","",I54)
B55: PURATOS | C55: 5L | D55: 1140 | E55: CX | F55: =IF($B55="","",IF(SUMIFS(CONFIG_PALLETS!$C:$C,CONFIG_PALLETS!$A:$A,TRIM($B55),CONFIG_PALLETS!$B:$B,$C55&" ml")>0,SUMIFS(CONFIG_PALLETS!$C:$C,CONFIG_PALLETS!$A:$A,TRIM($B55),CONFIG_PALLETS!$B:$B,$C55&" ml"),IF(SUMIFS(CONFIG_PALLETS!$C:$C,CONFIG_PALLETS!$A:$A,"GERAL",CONFIG_PALLETS!$B:$B,$C55&" ml")>0,SUMIFS(CONFIG_PALLETS!$C:$C,CONFIG_PALLETS!$A:$A,"GERAL",CONFIG_PALLETS!$B:$B,$C55&" ml"),""))) | G55: =IFERROR(ROUNDUP(D55/F55,0),"") | H55: 240 | I55: =IF(H55="","",H55*IF(SUMIFS(CONFIG_PALLETS!$D:$D,CONFIG_PALLETS!$A:$A,IF(ISNUMBER(SEARCH("ESPUMA",$B55)),"ESPUMA",IF(OR(ISNUMBER(SEARCH("OLEO DE COCO",$B55)),ISNUMBER(SEARCH("ÓLEO DE COCO",$B55)),ISNUMBER(SEARCH("COPRA",$B55))),"ÓLEO DE COCO",IF(ISNUMBER(SEARCH("CORANTE",$B55)),"CORANTE",TRIM($B55)))),CONFIG_PALLETS!$B:$B,$C55&" ml")>0,SUMIFS(CONFIG_PALLETS!$D:$D,CONFIG_PALLETS!$A:$A,IF(ISNUMBER(SEARCH("ESPUMA",$B55)),"ESPUMA",IF(OR(ISNUMBER(SEARCH("OLEO DE COCO",$B55)),ISNUMBER(SEARCH("ÓLEO DE COCO",$B55)),ISNUMBER(SEARCH("COPRA",$B55))),"ÓLEO DE COCO",IF(ISNUMBER(SEARCH("CORANTE",$B55)),"CORANTE",TRIM($B55)))),CONFIG_PALLETS!$B:$B,$C55&" ml"),IF(SUMIFS(CONFIG_PALLETS!$D:$D,CONFIG_PALLETS!$A:$A,"GERAL",CONFIG_PALLETS!$B:$B,$C55&" ml")>0,SUMIFS(CONFIG_PALLETS!$D:$D,CONFIG_PALLETS!$A:$A,"GERAL",CONFIG_PALLETS!$B:$B,$C55&" ml"),12))) | J55: =IF(D55="","",ROUNDUP(D55/IF(AND(C55="600 ml",ISNUMBER(SEARCH("NORCAU",B55))),95,IF(AND(C55="600 ml",ISNUMBER(SEARCH("APURATOS",B55))),190,IF(C55="600 ml",95,IF(C55="400 ml",125,IF(C55="200 ml",330,IF(C55="180 ml",240,1)))))),0)) | L55: =IF(H55="","",H55) | N55: =IF(I55="","",I55)
J56: =IF(D56="","",ROUNDUP(D56/IF(AND(C56="600 ml",ISNUMBER(SEARCH("NORCAU",B56))),95,IF(AND(C56="600 ml",ISNUMBER(SEARCH("APURATOS",B56))),190,IF(C56="600 ml",95,IF(C56="400 ml",125,IF(C56="200 ml",330,IF(C56="180 ml",240,1)))))),0)) | L56: =IF(H56="","",H56) | N56: =IF(I56="","",I56)
B57: TOTAL | D57: =IF(J57="","",TEXT(J57,"#,##0")) | G57: =IF(K57="","",TEXT(K57,"#,##0")) | H57: =IF(L57="","",TEXT(L57,"#,##0")) | I57: =IF(M57="","",TEXT(M57,"#,##0")) | J57: =SUM(D52:D56) | K57: =SUM(G52:G56) | L57: =SUM(H52:H56) | M57: =SUM(I52:I56) | N57: =IF(I57="","",I57) | O57: =SUM(N53:N56)
J58: =IF(D58="","",ROUNDUP(D58/IF(AND(C58="600 ml",ISNUMBER(SEARCH("NORCAU",B58))),95,IF(AND(C58="600 ml",ISNUMBER(SEARCH("APURATOS",B58))),190,IF(C58="600 ml",95,IF(C58="400 ml",125,IF(C58="200 ml",330,IF(C58="180 ml",240,1)))))),0)) | L58: =IF(H58="","",H58) | N58: =IF(I58="","",I58)
A59: 46036 | B59: PRODUTO | C59: EMBALAGEM | D59: CAIXAS | E59: UN | F59: CX/PALLET | G59: PALLETS (PBR) | H59: REAL (CX) | I59: TOTAL LATAS
J60: =IF(D60="","",ROUNDUP(D60/IF(AND(C60="600 ml",ISNUMBER(SEARCH("NORCAU",B60))),95,IF(AND(C60="600 ml",ISNUMBER(SEARCH("APURATOS",B60))),190,IF(C60="600 ml",95,IF(C60="400 ml",125,IF(C60="200 ml",330,IF(C60="180 ml",240,1)))))),0)) | L60: =IF(H60="","",H60) | N60: =IF(I60="","",I60)
B61: PURATOS | C61: 5L | D61: =D55-L55 | E61: CX | F61: =IF($B61="","",IF(SUMIFS(CONFIG_PALLETS!$C:$C,CONFIG_PALLETS!$A:$A,TRIM($B61),CONFIG_PALLETS!$B:$B,$C61&" ml")>0,SUMIFS(CONFIG_PALLETS!$C:$C,CONFIG_PALLETS!$A:$A,TRIM($B61),CONFIG_PALLETS!$B:$B,$C61&" ml"),IF(SUMIFS(CONFIG_PALLETS!$C:$C,CONFIG_PALLETS!$A:$A,"GERAL",CONFIG_PALLETS!$B:$B,$C61&" ml")>0,SUMIFS(CONFIG_PALLETS!$C:$C,CONFIG_PALLETS!$A:$A,"GERAL",CONFIG_PALLETS!$B:$B,$C61&" ml"),""))) | G61: =IFERROR(ROUNDUP(D61/F61,0),"") | H61: 900 | I61: =IF(H61="","",H61*IF(SUMIFS(CONFIG_PALLETS!$D:$D,CONFIG_PALLETS!$A:$A,IF(ISNUMBER(SEARCH("ESPUMA",$B61)),"ESPUMA",IF(OR(ISNUMBER(SEARCH("OLEO DE COCO",$B61)),ISNUMBER(SEARCH("ÓLEO DE COCO",$B61)),ISNUMBER(SEARCH("COPRA",$B61))),"ÓLEO DE COCO",IF(ISNUMBER(SEARCH("CORANTE",$B61)),"CORANTE",TRIM($B61)))),CONFIG_PALLETS!$B:$B,$C61&" ml")>0,SUMIFS(CONFIG_PALLETS!$D:$D,CONFIG_PALLETS!$A:$A,IF(ISNUMBER(SEARCH("ESPUMA",$B61)),"ESPUMA",IF(OR(ISNUMBER(SEARCH("OLEO DE COCO",$B61)),ISNUMBER(SEARCH("ÓLEO DE COCO",$B61)),ISNUMBER(SEARCH("COPRA",$B61))),"ÓLEO DE COCO",IF(ISNUMBER(SEARCH("CORANTE",$B61)),"CORANTE",TRIM($B61)))),CONFIG_PALLETS!$B:$B,$C61&" ml"),IF(SUMIFS(CONFIG_PALLETS!$D:$D,CONFIG_PALLETS!$A:$A,"GERAL",CONFIG_PALLETS!$B:$B,$C61&" ml")>0,SUMIFS(CONFIG_PALLETS!$D:$D,CONFIG_PALLETS!$A:$A,"GERAL",CONFIG_PALLETS!$B:$B,$C61&" ml"),12))) | J61: =IF(D61="","",ROUNDUP(D61/IF(AND(C61="600 ml",ISNUMBER(SEARCH("NORCAU",B61))),95,IF(AND(C61="600 ml",ISNUMBER(SEARCH("APURATOS",B61))),190,IF(C61="600 ml",95,IF(C61="400 ml",125,IF(C61="200 ml",330,IF(C61="180 ml",240,1)))))),0)) | L61: =IF(H61="","",H61) | N61: =IF(I61="","",I61)
E62: CX | F62: =IF($B62="","",IF(SUMIFS(CONFIG_PALLETS!$C:$C,CONFIG_PALLETS!$A:$A,TRIM($B62),CONFIG_PALLETS!$B:$B,$C62&" ml")>0,SUMIFS(CONFIG_PALLETS!$C:$C,CONFIG_PALLETS!$A:$A,TRIM($B62),CONFIG_PALLETS!$B:$B,$C62&" ml"),IF(SUMIFS(CONFIG_PALLETS!$C:$C,CONFIG_PALLETS!$A:$A,"GERAL",CONFIG_PALLETS!$B:$B,$C62&" ml")>0,SUMIFS(CONFIG_PALLETS!$C:$C,CONFIG_PALLETS!$A:$A,"GERAL",CONFIG_PALLETS!$B:$B,$C62&" ml"),""))) | G62: =IFERROR(ROUNDUP(D62/F62,0),"") | I62: =IF(H62="","",H62*IF(SUMIFS(CONFIG_PALLETS!$D:$D,CONFIG_PALLETS!$A:$A,IF(ISNUMBER(SEARCH("ESPUMA",$B62)),"ESPUMA",IF(OR(ISNUMBER(SEARCH("OLEO DE COCO",$B62)),ISNUMBER(SEARCH("ÓLEO DE COCO",$B62)),ISNUMBER(SEARCH("COPRA",$B62))),"ÓLEO DE COCO",IF(ISNUMBER(SEARCH("CORANTE",$B62)),"CORANTE",TRIM($B62)))),CONFIG_PALLETS!$B:$B,$C62&" ml")>0,SUMIFS(CONFIG_PALLETS!$D:$D,CONFIG_PALLETS!$A:$A,IF(ISNUMBER(SEARCH("ESPUMA",$B62)),"ESPUMA",IF(OR(ISNUMBER(SEARCH("OLEO DE COCO",$B62)),ISNUMBER(SEARCH("ÓLEO DE COCO",$B62)),ISNUMBER(SEARCH("COPRA",$B62))),"ÓLEO DE COCO",IF(ISNUMBER(SEARCH("CORANTE",$B62)),"CORANTE",TRIM($B62)))),CONFIG_PALLETS!$B:$B,$C62&" ml"),IF(SUMIFS(CONFIG_PALLETS!$D:$D,CONFIG_PALLETS!$A:$A,"GERAL",CONFIG_PALLETS!$B:$B,$C62&" ml")>0,SUMIFS(CONFIG_PALLETS!$D:$D,CONFIG_PALLETS!$A:$A,"GERAL",CONFIG_PALLETS!$B:$B,$C62&" ml"),12))) | J62: =IF(D62="","",ROUNDUP(D62/IF(AND(C62="600 ml",ISNUMBER(SEARCH("NORCAU",B62))),95,IF(AND(C62="600 ml",ISNUMBER(SEARCH("APURATOS",B62))),190,IF(C62="600 ml",95,IF(C62="400 ml",125,IF(C62="200 ml",330,IF(C62="180 ml",240,1)))))),0)) | L62: =IF(H62="","",H62) | N62: =IF(I62="","",I62)
E63: CX | F63: =IF($B63="","",IF(SUMIFS(CONFIG_PALLETS!$C:$C,CONFIG_PALLETS!$A:$A,TRIM($B63),CONFIG_PALLETS!$B:$B,$C63&" ml")>0,SUMIFS(CONFIG_PALLETS!$C:$C,CONFIG_PALLETS!$A:$A,TRIM($B63),CONFIG_PALLETS!$B:$B,$C63&" ml"),IF(SUMIFS(CONFIG_PALLETS!$C:$C,CONFIG_PALLETS!$A:$A,"GERAL",CONFIG_PALLETS!$B:$B,$C63&" ml")>0,SUMIFS(CONFIG_PALLETS!$C:$C,CONFIG_PALLETS!$A:$A,"GERAL",CONFIG_PALLETS!$B:$B,$C63&" ml"),""))) | G63: =IFERROR(ROUNDUP(D63/F63,0),"") | I63: =IF(H63="","",H63*IF(SUMIFS(CONFIG_PALLETS!$D:$D,CONFIG_PALLETS!$A:$A,IF(ISNUMBER(SEARCH("ESPUMA",$B63)),"ESPUMA",IF(OR(ISNUMBER(SEARCH("OLEO DE COCO",$B63)),ISNUMBER(SEARCH("ÓLEO DE COCO",$B63)),ISNUMBER(SEARCH("COPRA",$B63))),"ÓLEO DE COCO",IF(ISNUMBER(SEARCH("CORANTE",$B63)),"CORANTE",TRIM($B63)))),CONFIG_PALLETS!$B:$B,$C63&" ml")>0,SUMIFS(CONFIG_PALLETS!$D:$D,CONFIG_PALLETS!$A:$A,IF(ISNUMBER(SEARCH("ESPUMA",$B63)),"ESPUMA",IF(OR(ISNUMBER(SEARCH("OLEO DE COCO",$B63)),ISNUMBER(SEARCH("ÓLEO DE COCO",$B63)),ISNUMBER(SEARCH("COPRA",$B63))),"ÓLEO DE COCO",IF(ISNUMBER(SEARCH("CORANTE",$B63)),"CORANTE",TRIM($B63)))),CONFIG_PALLETS!$B:$B,$C63&" ml"),IF(SUMIFS(CONFIG_PALLETS!$D:$D,CONFIG_PALLETS!$A:$A,"GERAL",CONFIG_PALLETS!$B:$B,$C63&" ml")>0,SUMIFS(CONFIG_PALLETS!$D:$D,CONFIG_PALLETS!$A:$A,"GERAL",CONFIG_PALLETS!$B:$B,$C63&" ml"),12))) | J63: =IF(D63="","",ROUNDUP(D63/IF(AND(C63="600 ml",ISNUMBER(SEARCH("NORCAU",B63))),95,IF(AND(C63="600 ml",ISNUMBER(SEARCH("APURATOS",B63))),190,IF(C63="600 ml",95,IF(C63="400 ml",125,IF(C63="200 ml",330,IF(C63="180 ml",240,1)))))),0)) | L63: =IF(H63="","",H63) | N63: =IF(I63="","",I63)
J64: =IF(D64="","",ROUNDUP(D64/IF(AND(C64="600 ml",ISNUMBER(SEARCH("NORCAU",B64))),95,IF(AND(C64="600 ml",ISNUMBER(SEARCH("APURATOS",B64))),190,IF(C64="600 ml",95,IF(C64="400 ml",125,IF(C64="200 ml",330,IF(C64="180 ml",240,1)))))),0)) | L64: =IF(H64="","",H64) | N64: =IF(I64="","",I64)
B65: TOTAL | D65: =IF(J65="","",TEXT(J65,"#,##0")) | G65: =IF(K65="","",TEXT(K65,"#,##0")) | H65: =IF(L65="","",TEXT(L65,"#,##0")) | I65: =IF(M65="","",TEXT(M65,"#,##0")) | J65: =SUM(D60:D64) | K65: =SUM(G60:G64) | L65: =SUM(H60:H64) | M65: =SUM(I60:I64) | N65: =IF(I65="","",I65) | O65: =SUM(N61:N64)
J66: =IF(D66="","",ROUNDUP(D66/IF(AND(C66="600 ml",ISNUMBER(SEARCH("NORCAU",B66))),95,IF(AND(C66="600 ml",ISNUMBER(SEARCH("APURATOS",B66))),190,IF(C66="600 ml",95,IF(C66="400 ml",125,IF(C66="200 ml",330,IF(C66="180 ml",240,1)))))),0)) | L66: =IF(H66="","",H66) | N66: =IF(I66="","",I66)
A67: 46037 | B67: PRODUTO | C67: EMBALAGEM | D67: CAIXAS | E67: UN | F67: CX/PALLET | G67: PALLETS (PBR) | H67: REAL (CX) | I67: TOTAL LATAS
J68: =IF(D68="","",ROUNDUP(D68/IF(AND(C68="600 ml",ISNUMBER(SEARCH("NORCAU",B68))),95,IF(AND(C68="600 ml",ISNUMBER(SEARCH("APURATOS",B68))),190,IF(C68="600 ml",95,IF(C68="400 ml",125,IF(C68="200 ml",330,IF(C68="180 ml",240,1)))))),0)) | L68: =IF(H68="","",H68) | N68: =IF(I68="","",I68)
B69: ITAIQUARA | C69: 600 | D69: 190 | E69: CX | F69: =IF($B69="","",IF(SUMIFS(CONFIG_PALLETS!$C:$C,CONFIG_PALLETS!$A:$A,TRIM($B69),CONFIG_PALLETS!$B:$B,$C69&" ml")>0,SUMIFS(CONFIG_PALLETS!$C:$C,CONFIG_PALLETS!$A:$A,TRIM($B69),CONFIG_PALLETS!$B:$B,$C69&" ml"),IF(SUMIFS(CONFIG_PALLETS!$C:$C,CONFIG_PALLETS!$A:$A,"GERAL",CONFIG_PALLETS!$B:$B,$C69&" ml")>0,SUMIFS(CONFIG_PALLETS!$C:$C,CONFIG_PALLETS!$A:$A,"GERAL",CONFIG_PALLETS!$B:$B,$C69&" ml"),""))) | G69: =IFERROR(ROUNDUP(D69/F69,0),"") | H69: 190 | I69: =IF(H69="","",H69*IF(SUMIFS(CONFIG_PALLETS!$D:$D,CONFIG_PALLETS!$A:$A,IF(ISNUMBER(SEARCH("ESPUMA",$B69)),"ESPUMA",IF(OR(ISNUMBER(SEARCH("OLEO DE COCO",$B69)),ISNUMBER(SEARCH("ÓLEO DE COCO",$B69)),ISNUMBER(SEARCH("COPRA",$B69))),"ÓLEO DE COCO",IF(ISNUMBER(SEARCH("CORANTE",$B69)),"CORANTE",TRIM($B69)))),CONFIG_PALLETS!$B:$B,$C69&" ml")>0,SUMIFS(CONFIG_PALLETS!$D:$D,CONFIG_PALLETS!$A:$A,IF(ISNUMBER(SEARCH("ESPUMA",$B69)),"ESPUMA",IF(OR(ISNUMBER(SEARCH("OLEO DE COCO",$B69)),ISNUMBER(SEARCH("ÓLEO DE COCO",$B69)),ISNUMBER(SEARCH("COPRA",$B69))),"ÓLEO DE COCO",IF(ISNUMBER(SEARCH("CORANTE",$B69)),"CORANTE",TRIM($B69)))),CONFIG_PALLETS!$B:$B,$C69&" ml"),IF(SUMIFS(CONFIG_PALLETS!$D:$D,CONFIG_PALLETS!$A:$A,"GERAL",CONFIG_PALLETS!$B:$B,$C69&" ml")>0,SUMIFS(CONFIG_PALLETS!$D:$D,CONFIG_PALLETS!$A:$A,"GERAL",CONFIG_PALLETS!$B:$B,$C69&" ml"),12))) | J69: =IF(D69="","",ROUNDUP(D69/IF(AND(C69="600 ml",ISNUMBER(SEARCH("NORCAU",B69))),95,IF(AND(C69="600 ml",ISNUMBER(SEARCH("APURATOS",B69))),190,IF(C69="600 ml",95,IF(C69="400 ml",125,IF(C69="200 ml",330,IF(C69="180 ml",240,1)))))),0)) | L69: =IF(H69="","",H69) | N69: =IF(I69="","",I69)
B70: ALLBREAD | C70: 600 | D70: 768 | E70: CX | F70: =IF($B70="","",IF(SUMIFS(CONFIG_PALLETS!$C:$C,CONFIG_PALLETS!$A:$A,TRIM($B70),CONFIG_PALLETS!$B:$B,$C70&" ml")>0,SUMIFS(CONFIG_PALLETS!$C:$C,CONFIG_PALLETS!$A:$A,TRIM($B70),CONFIG_PALLETS!$B:$B,$C70&" ml"),IF(SUMIFS(CONFIG_PALLETS!$C:$C,CONFIG_PALLETS!$A:$A,"GERAL",CONFIG_PALLETS!$B:$B,$C70&" ml")>0,SUMIFS(CONFIG_PALLETS!$C:$C,CONFIG_PALLETS!$A:$A,"GERAL",CONFIG_PALLETS!$B:$B,$C70&" ml"),""))) | G70: =IFERROR(ROUNDUP(D70/F70,0),"") | H70: 216 | I70: =IF(H70="","",H70*IF(SUMIFS(CONFIG_PALLETS!$D:$D,CONFIG_PALLETS!$A:$A,IF(ISNUMBER(SEARCH("ESPUMA",$B70)),"ESPUMA",IF(OR(ISNUMBER(SEARCH("OLEO DE COCO",$B70)),ISNUMBER(SEARCH("ÓLEO DE COCO",$B70)),ISNUMBER(SEARCH("COPRA",$B70))),"ÓLEO DE COCO",IF(ISNUMBER(SEARCH("CORANTE",$B70)),"CORANTE",TRIM($B70)))),CONFIG_PALLETS!$B:$B,$C70&" ml")>0,SUMIFS(CONFIG_PALLETS!$D:$D,CONFIG_PALLETS!$A:$A,IF(ISNUMBER(SEARCH("ESPUMA",$B70)),"ESPUMA",IF(OR(ISNUMBER(SEARCH("OLEO DE COCO",$B70)),ISNUMBER(SEARCH("ÓLEO DE COCO",$B70)),ISNUMBER(SEARCH("COPRA",$B70))),"ÓLEO DE COCO",IF(ISNUMBER(SEARCH("CORANTE",$B70)),"CORANTE",TRIM($B70)))),CONFIG_PALLETS!$B:$B,$C70&" ml"),IF(SUMIFS(CONFIG_PALLETS!$D:$D,CONFIG_PALLETS!$A:$A,"GERAL",CONFIG_PALLETS!$B:$B,$C70&" ml")>0,SUMIFS(CONFIG_PALLETS!$D:$D,CONFIG_PALLETS!$A:$A,"GERAL",CONFIG_PALLETS!$B:$B,$C70&" ml"),12))) | J70: =IF(D70="","",ROUNDUP(D70/IF(AND(C70="600 ml",ISNUMBER(SEARCH("NORCAU",B70))),95,IF(AND(C70="600 ml",ISNUMBER(SEARCH("APURATOS",B70))),190,IF(C70="600 ml",95,IF(C70="400 ml",125,IF(C70="200 ml",330,IF(C70="180 ml",240,1)))))),0)) | L70: =IF(H70="","",H70) | N70: =IF(I70="","",I70)
E71: CX | F71: =IF($B71="","",IF(SUMIFS(CONFIG_PALLETS!$C:$C,CONFIG_PALLETS!$A:$A,TRIM($B71),CONFIG_PALLETS!$B:$B,$C71&" ml")>0,SUMIFS(CONFIG_PALLETS!$C:$C,CONFIG_PALLETS!$A:$A,TRIM($B71),CONFIG_PALLETS!$B:$B,$C71&" ml"),IF(SUMIFS(CONFIG_PALLETS!$C:$C,CONFIG_PALLETS!$A:$A,"GERAL",CONFIG_PALLETS!$B:$B,$C71&" ml")>0,SUMIFS(CONFIG_PALLETS!$C:$C,CONFIG_PALLETS!$A:$A,"GERAL",CONFIG_PALLETS!$B:$B,$C71&" ml"),""))) | G71: =IFERROR(ROUNDUP(D71/F71,0),"") | I71: =IF(H71="","",H71*IF(SUMIFS(CONFIG_PALLETS!$D:$D,CONFIG_PALLETS!$A:$A,IF(ISNUMBER(SEARCH("ESPUMA",$B71)),"ESPUMA",IF(OR(ISNUMBER(SEARCH("OLEO DE COCO",$B71)),ISNUMBER(SEARCH("ÓLEO DE COCO",$B71)),ISNUMBER(SEARCH("COPRA",$B71))),"ÓLEO DE COCO",IF(ISNUMBER(SEARCH("CORANTE",$B71)),"CORANTE",TRIM($B71)))),CONFIG_PALLETS!$B:$B,$C71&" ml")>0,SUMIFS(CONFIG_PALLETS!$D:$D,CONFIG_PALLETS!$A:$A,IF(ISNUMBER(SEARCH("ESPUMA",$B71)),"ESPUMA",IF(OR(ISNUMBER(SEARCH("OLEO DE COCO",$B71)),ISNUMBER(SEARCH("ÓLEO DE COCO",$B71)),ISNUMBER(SEARCH("COPRA",$B71))),"ÓLEO DE COCO",IF(ISNUMBER(SEARCH("CORANTE",$B71)),"CORANTE",TRIM($B71)))),CONFIG_PALLETS!$B:$B,$C71&" ml"),IF(SUMIFS(CONFIG_PALLETS!$D:$D,CONFIG_PALLETS!$A:$A,"GERAL",CONFIG_PALLETS!$B:$B,$C71&" ml")>0,SUMIFS(CONFIG_PALLETS!$D:$D,CONFIG_PALLETS!$A:$A,"GERAL",CONFIG_PALLETS!$B:$B,$C71&" ml"),12))) | J71: =IF(D71="","",ROUNDUP(D71/IF(AND(C71="600 ml",ISNUMBER(SEARCH("NORCAU",B71))),95,IF(AND(C71="600 ml",ISNUMBER(SEARCH("APURATOS",B71))),190,IF(C71="600 ml",95,IF(C71="400 ml",125,IF(C71="200 ml",330,IF(C71="180 ml",240,1)))))),0)) | L71: =IF(H71="","",H71) | N71: =IF(I71="","",I71)
E72: CX | F72: =IF($B72="","",IF(SUMIFS(CONFIG_PALLETS!$C:$C,CONFIG_PALLETS!$A:$A,TRIM($B72),CONFIG_PALLETS!$B:$B,$C72&" ml")>0,SUMIFS(CONFIG_PALLETS!$C:$C,CONFIG_PALLETS!$A:$A,TRIM($B72),CONFIG_PALLETS!$B:$B,$C72&" ml"),IF(SUMIFS(CONFIG_PALLETS!$C:$C,CONFIG_PALLETS!$A:$A,"GERAL",CONFIG_PALLETS!$B:$B,$C72&" ml")>0,SUMIFS(CONFIG_PALLETS!$C:$C,CONFIG_PALLETS!$A:$A,"GERAL",CONFIG_PALLETS!$B:$B,$C72&" ml"),""))) | G72: =IFERROR(ROUNDUP(D72/F72,0),"") | I72: =IF(H72="","",H72*IF(SUMIFS(CONFIG_PALLETS!$D:$D,CONFIG_PALLETS!$A:$A,IF(ISNUMBER(SEARCH("ESPUMA",$B72)),"ESPUMA",IF(OR(ISNUMBER(SEARCH("OLEO DE COCO",$B72)),ISNUMBER(SEARCH("ÓLEO DE COCO",$B72)),ISNUMBER(SEARCH("COPRA",$B72))),"ÓLEO DE COCO",IF(ISNUMBER(SEARCH("CORANTE",$B72)),"CORANTE",TRIM($B72)))),CONFIG_PALLETS!$B:$B,$C72&" ml")>0,SUMIFS(CONFIG_PALLETS!$D:$D,CONFIG_PALLETS!$A:$A,IF(ISNUMBER(SEARCH("ESPUMA",$B72)),"ESPUMA",IF(OR(ISNUMBER(SEARCH("OLEO DE COCO",$B72)),ISNUMBER(SEARCH("ÓLEO DE COCO",$B72)),ISNUMBER(SEARCH("COPRA",$B72))),"ÓLEO DE COCO",IF(ISNUMBER(SEARCH("CORANTE",$B72)),"CORANTE",TRIM($B72)))),CONFIG_PALLETS!$B:$B,$C72&" ml"),IF(SUMIFS(CONFIG_PALLETS!$D:$D,CONFIG_PALLETS!$A:$A,"GERAL",CONFIG_PALLETS!$B:$B,$C72&" ml")>0,SUMIFS(CONFIG_PALLETS!$D:$D,CONFIG_PALLETS!$A:$A,"GERAL",CONFIG_PALLETS!$B:$B,$C72&" ml"),12))) | J72: =IF(D72="","",ROUNDUP(D72/IF(AND(C72="600 ml",ISNUMBER(SEARCH("NORCAU",B72))),95,IF(AND(C72="600 ml",ISNUMBER(SEARCH("APURATOS",B72))),190,IF(C72="600 ml",95,IF(C72="400 ml",125,IF(C72="200 ml",330,IF(C72="180 ml",240,1)))))),0)) | L72: =IF(H72="","",H72) | N72: =IF(I72="","",I72)
J73: =IF(D73="","",ROUNDUP(D73/IF(AND(C73="600 ml",ISNUMBER(SEARCH("NORCAU",B73))),95,IF(AND(C73="600 ml",ISNUMBER(SEARCH("APURATOS",B73))),190,IF(C73="600 ml",95,IF(C73="400 ml",125,IF(C73="200 ml",330,IF(C73="180 ml",240,1)))))),0)) | L73: =IF(H73="","",H73) | N73: =IF(I73="","",I73)
B74: TOTAL | D74: =IF(J74="","",TEXT(J74,"#,##0")) | G74: =IF(K74="","",TEXT(K74,"#,##0")) | H74: =IF(L74="","",TEXT(L74,"#,##0")) | I74: =IF(M74="","",TEXT(M74,"#,##0")) | J74: =SUM(D68:D73) | K74: =SUM(G68:G73) | L74: =SUM(H68:H73) | M74: =SUM(I68:I73) | N74: =IF(I74="","",I74) | O74: =SUM(N69:N73)
J75: =IF(D75="","",ROUNDUP(D75/IF(AND(C75="600 ml",ISNUMBER(SEARCH("NORCAU",B75))),95,IF(AND(C75="600 ml",ISNUMBER(SEARCH("APURATOS",B75))),190,IF(C75="600 ml",95,IF(C75="400 ml",125,IF(C75="200 ml",330,IF(C75="180 ml",240,1)))))),0)) | L75: =IF(H75="","",H75) | N75: =IF(I75="","",I75)
A76: 46038 | B76: PRODUTO | C76: EMBALAGEM | D76: CAIXAS | E76: UN | F76: CX/PALLET | G76: PALLETS (PBR) | H76: REAL (CX) | I76: TOTAL LATAS
J77: =IF(D77="","",ROUNDUP(D77/IF(AND(C77="600 ml",ISNUMBER(SEARCH("NORCAU",B77))),95,IF(AND(C77="600 ml",ISNUMBER(SEARCH("APURATOS",B77))),190,IF(C77="600 ml",95,IF(C77="400 ml",125,IF(C77="200 ml",330,IF(C77="180 ml",240,1)))))),0)) | L77: =IF(H77="","",H77) | N77: =IF(I77="","",I77)
B78: ALLBREAD | C78: 600 | D78: =D70-L70 | E78: CX | F78: =IF($B78="","",IF(SUMIFS(CONFIG_PALLETS!$C:$C,CONFIG_PALLETS!$A:$A,TRIM($B78),CONFIG_PALLETS!$B:$B,$C78&" ml")>0,SUMIFS(CONFIG_PALLETS!$C:$C,CONFIG_PALLETS!$A:$A,TRIM($B78),CONFIG_PALLETS!$B:$B,$C78&" ml"),IF(SUMIFS(CONFIG_PALLETS!$C:$C,CONFIG_PALLETS!$A:$A,"GERAL",CONFIG_PALLETS!$B:$B,$C78&" ml")>0,SUMIFS(CONFIG_PALLETS!$C:$C,CONFIG_PALLETS!$A:$A,"GERAL",CONFIG_PALLETS!$B:$B,$C78&" ml"),""))) | G78: =IFERROR(ROUNDUP(D78/F78,0),"") | H78: 552 | I78: =IF(H78="","",H78*IF(SUMIFS(CONFIG_PALLETS!$D:$D,CONFIG_PALLETS!$A:$A,IF(ISNUMBER(SEARCH("ESPUMA",$B78)),"ESPUMA",IF(OR(ISNUMBER(SEARCH("OLEO DE COCO",$B78)),ISNUMBER(SEARCH("ÓLEO DE COCO",$B78)),ISNUMBER(SEARCH("COPRA",$B78))),"ÓLEO DE COCO",IF(ISNUMBER(SEARCH("CORANTE",$B78)),"CORANTE",TRIM($B78)))),CONFIG_PALLETS!$B:$B,$C78&" ml")>0,SUMIFS(CONFIG_PALLETS!$D:$D,CONFIG_PALLETS!$A:$A,IF(ISNUMBER(SEARCH("ESPUMA",$B78)),"ESPUMA",IF(OR(ISNUMBER(SEARCH("OLEO DE COCO",$B78)),ISNUMBER(SEARCH("ÓLEO DE COCO",$B78)),ISNUMBER(SEARCH("COPRA",$B78))),"ÓLEO DE COCO",IF(ISNUMBER(SEARCH("CORANTE",$B78)),"CORANTE",TRIM($B78)))),CONFIG_PALLETS!$B:$B,$C78&" ml"),IF(SUMIFS(CONFIG_PALLETS!$D:$D,CONFIG_PALLETS!$A:$A,"GERAL",CONFIG_PALLETS!$B:$B,$C78&" ml")>0,SUMIFS(CONFIG_PALLETS!$D:$D,CONFIG_PALLETS!$A:$A,"GERAL",CONFIG_PALLETS!$B:$B,$C78&" ml"),12))) | J78: =IF(D78="","",ROUNDUP(D78/IF(AND(C78="600 ml",ISNUMBER(SEARCH("NORCAU",B78))),95,IF(AND(C78="600 ml",ISNUMBER(SEARCH("APURATOS",B78))),190,IF(C78="600 ml",95,IF(C78="400 ml",125,IF(C78="200 ml",330,IF(C78="180 ml",240,1)))))),0)) | L78: =IF(H78="","",H78) | N78: =IF(I78="","",I78)
B79: PURATOS | C79: 600 | D79: 950 | E79: CX | F79: =IF($B79="","",IF(SUMIFS(CONFIG_PALLETS!$C:$C,CONFIG_PALLETS!$A:$A,TRIM($B79),CONFIG_PALLETS!$B:$B,$C79&" ml")>0,SUMIFS(CONFIG_PALLETS!$C:$C,CONFIG_PALLETS!$A:$A,TRIM($B79),CONFIG_PALLETS!$B:$B,$C79&" ml"),IF(SUMIFS(CONFIG_PALLETS!$C:$C,CONFIG_PALLETS!$A:$A,"GERAL",CONFIG_PALLETS!$B:$B,$C79&" ml")>0,SUMIFS(CONFIG_PALLETS!$C:$C,CONFIG_PALLETS!$A:$A,"GERAL",CONFIG_PALLETS!$B:$B,$C79&" ml"),""))) | G79: =IFERROR(ROUNDUP(D79/F79,0),"") | H79: 559 | I79: =IF(H79="","",H79*IF(SUMIFS(CONFIG_PALLETS!$D:$D,CONFIG_PALLETS!$A:$A,IF(ISNUMBER(SEARCH("ESPUMA",$B79)),"ESPUMA",IF(OR(ISNUMBER(SEARCH("OLEO DE COCO",$B79)),ISNUMBER(SEARCH("ÓLEO DE COCO",$B79)),ISNUMBER(SEARCH("COPRA",$B79))),"ÓLEO DE COCO",IF(ISNUMBER(SEARCH("CORANTE",$B79)),"CORANTE",TRIM($B79)))),CONFIG_PALLETS!$B:$B,$C79&" ml")>0,SUMIFS(CONFIG_PALLETS!$D:$D,CONFIG_PALLETS!$A:$A,IF(ISNUMBER(SEARCH("ESPUMA",$B79)),"ESPUMA",IF(OR(ISNUMBER(SEARCH("OLEO DE COCO",$B79)),ISNUMBER(SEARCH("ÓLEO DE COCO",$B79)),ISNUMBER(SEARCH("COPRA",$B79))),"ÓLEO DE COCO",IF(ISNUMBER(SEARCH("CORANTE",$B79)),"CORANTE",TRIM($B79)))),CONFIG_PALLETS!$B:$B,$C79&" ml"),IF(SUMIFS(CONFIG_PALLETS!$D:$D,CONFIG_PALLETS!$A:$A,"GERAL",CONFIG_PALLETS!$B:$B,$C79&" ml")>0,SUMIFS(CONFIG_PALLETS!$D:$D,CONFIG_PALLETS!$A:$A,"GERAL",CONFIG_PALLETS!$B:$B,$C79&" ml"),12))) | J79: =IF(D79="","",ROUNDUP(D79/IF(AND(C79="600 ml",ISNUMBER(SEARCH("NORCAU",B79))),95,IF(AND(C79="600 ml",ISNUMBER(SEARCH("APURATOS",B79))),190,IF(C79="600 ml",95,IF(C79="400 ml",125,IF(C79="200 ml",330,IF(C79="180 ml",240,1)))))),0)) | L79: =IF(H79="","",H79) | N79: =IF(I79="","",I79)
E80: CX | F80: =IF($B80="","",IF(SUMIFS(CONFIG_PALLETS!$C:$C,CONFIG_PALLETS!$A:$A,TRIM($B80),CONFIG_PALLETS!$B:$B,$C80&" ml")>0,SUMIFS(CONFIG_PALLETS!$C:$C,CONFIG_PALLETS!$A:$A,TRIM($B80),CONFIG_PALLETS!$B:$B,$C80&" ml"),IF(SUMIFS(CONFIG_PALLETS!$C:$C,CONFIG_PALLETS!$A:$A,"GERAL",CONFIG_PALLETS!$B:$B,$C80&" ml")>0,SUMIFS(CONFIG_PALLETS!$C:$C,CONFIG_PALLETS!$A:$A,"GERAL",CONFIG_PALLETS!$B:$B,$C80&" ml"),""))) | G80: =IFERROR(ROUNDUP(D80/F80,0),"") | I80: =IF(H80="","",H80*IF(SUMIFS(CONFIG_PALLETS!$D:$D,CONFIG_PALLETS!$A:$A,IF(ISNUMBER(SEARCH("ESPUMA",$B80)),"ESPUMA",IF(OR(ISNUMBER(SEARCH("OLEO DE COCO",$B80)),ISNUMBER(SEARCH("ÓLEO DE COCO",$B80)),ISNUMBER(SEARCH("COPRA",$B80))),"ÓLEO DE COCO",IF(ISNUMBER(SEARCH("CORANTE",$B80)),"CORANTE",TRIM($B80)))),CONFIG_PALLETS!$B:$B,$C80&" ml")>0,SUMIFS(CONFIG_PALLETS!$D:$D,CONFIG_PALLETS!$A:$A,IF(ISNUMBER(SEARCH("ESPUMA",$B80)),"ESPUMA",IF(OR(ISNUMBER(SEARCH("OLEO DE COCO",$B80)),ISNUMBER(SEARCH("ÓLEO DE COCO",$B80)),ISNUMBER(SEARCH("COPRA",$B80))),"ÓLEO DE COCO",IF(ISNUMBER(SEARCH("CORANTE",$B80)),"CORANTE",TRIM($B80)))),CONFIG_PALLETS!$B:$B,$C80&" ml"),IF(SUMIFS(CONFIG_PALLETS!$D:$D,CONFIG_PALLETS!$A:$A,"GERAL",CONFIG_PALLETS!$B:$B,$C80&" ml")>0,SUMIFS(CONFIG_PALLETS!$D:$D,CONFIG_PALLETS!$A:$A,"GERAL",CONFIG_PALLETS!$B:$B,$C80&" ml"),12))) | J80: =IF(D80="","",ROUNDUP(D80/IF(AND(C80="600 ml",ISNUMBER(SEARCH("NORCAU",B80))),95,IF(AND(C80="600 ml",ISNUMBER(SEARCH("APURATOS",B80))),190,IF(C80="600 ml",95,IF(C80="400 ml",125,IF(C80="200 ml",330,IF(C80="180 ml",240,1)))))),0)) | L80: =IF(H80="","",H80) | N80: =IF(I80="","",I80)
J81: =IF(D81="","",ROUNDUP(D81/IF(AND(C81="600 ml",ISNUMBER(SEARCH("NORCAU",B81))),95,IF(AND(C81="600 ml",ISNUMBER(SEARCH("APURATOS",B81))),190,IF(C81="600 ml",95,IF(C81="400 ml",125,IF(C81="200 ml",330,IF(C81="180 ml",240,1)))))),0)) | L81: =IF(H81="","",H81) | N81: =IF(I81="","",I81)
B82: TOTAL | D82: =IF(J82="","",TEXT(J82,"#,##0")) | G82: =IF(K82="","",TEXT(K82,"#,##0")) | H82: =IF(L82="","",TEXT(L82,"#,##0")) | I82: =IF(M82="","",TEXT(M82,"#,##0")) | J82: =SUM(D77:D81) | K82: =SUM(G77:G81) | L82: =SUM(H77:H81) | M82: =SUM(I77:I81) | N82: =IF(I82="","",I82) | O82: =SUM(N78:N81)
J83: =IF(D83="","",ROUNDUP(D83/IF(AND(C83="600 ml",ISNUMBER(SEARCH("NORCAU",B83))),95,IF(AND(C83="600 ml",ISNUMBER(SEARCH("APURATOS",B83))),190,IF(C83="600 ml",95,IF(C83="400 ml",125,IF(C83="200 ml",330,IF(C83="180 ml",240,1)))))),0)) | L83: =IF(H83="","",H83) | N83: =IF(I83="","",I83)
A84: 46041 | B84: PRODUTO | C84: EMBALAGEM | D84: CAIXAS | E84: UN | F84: CX/PALLET | G84: PALLETS (PBR) | H84: REAL (CX) | I84: TOTAL LATAS
J85: =IF(D85="","",ROUNDUP(D85/IF(AND(C85="600 ml",ISNUMBER(SEARCH("NORCAU",B85))),95,IF(AND(C85="600 ml",ISNUMBER(SEARCH("APURATOS",B85))),190,IF(C85="600 ml",95,IF(C85="400 ml",125,IF(C85="200 ml",330,IF(C85="180 ml",240,1)))))),0)) | L85: =IF(H85="","",H85) | N85: =IF(I85="","",I85)
B86: PURATOS | C86: 600 | D86: =D79-L79 | E86: CX | F86: =IF($B86="","",IF(SUMIFS(CONFIG_PALLETS!$C:$C,CONFIG_PALLETS!$A:$A,TRIM($B86),CONFIG_PALLETS!$B:$B,$C86&" ml")>0,SUMIFS(CONFIG_PALLETS!$C:$C,CONFIG_PALLETS!$A:$A,TRIM($B86),CONFIG_PALLETS!$B:$B,$C86&" ml"),IF(SUMIFS(CONFIG_PALLETS!$C:$C,CONFIG_PALLETS!$A:$A,"GERAL",CONFIG_PALLETS!$B:$B,$C86&" ml")>0,SUMIFS(CONFIG_PALLETS!$C:$C,CONFIG_PALLETS!$A:$A,"GERAL",CONFIG_PALLETS!$B:$B,$C86&" ml"),""))) | G86: =IFERROR(ROUNDUP(D86/F86,0),"") | H86: 400 | I86: =IF(H86="","",H86*IF(SUMIFS(CONFIG_PALLETS!$D:$D,CONFIG_PALLETS!$A:$A,IF(ISNUMBER(SEARCH("ESPUMA",$B86)),"ESPUMA",IF(OR(ISNUMBER(SEARCH("OLEO DE COCO",$B86)),ISNUMBER(SEARCH("ÓLEO DE COCO",$B86)),ISNUMBER(SEARCH("COPRA",$B86))),"ÓLEO DE COCO",IF(ISNUMBER(SEARCH("CORANTE",$B86)),"CORANTE",TRIM($B86)))),CONFIG_PALLETS!$B:$B,$C86&" ml")>0,SUMIFS(CONFIG_PALLETS!$D:$D,CONFIG_PALLETS!$A:$A,IF(ISNUMBER(SEARCH("ESPUMA",$B86)),"ESPUMA",IF(OR(ISNUMBER(SEARCH("OLEO DE COCO",$B86)),ISNUMBER(SEARCH("ÓLEO DE COCO",$B86)),ISNUMBER(SEARCH("COPRA",$B86))),"ÓLEO DE COCO",IF(ISNUMBER(SEARCH("CORANTE",$B86)),"CORANTE",TRIM($B86)))),CONFIG_PALLETS!$B:$B,$C86&" ml"),IF(SUMIFS(CONFIG_PALLETS!$D:$D,CONFIG_PALLETS!$A:$A,"GERAL",CONFIG_PALLETS!$B:$B,$C86&" ml")>0,SUMIFS(CONFIG_PALLETS!$D:$D,CONFIG_PALLETS!$A:$A,"GERAL",CONFIG_PALLETS!$B:$B,$C86&" ml"),12))) | J86: =IF(D86="","",ROUNDUP(D86/IF(AND(C86="600 ml",ISNUMBER(SEARCH("NORCAU",B86))),95,IF(AND(C86="600 ml",ISNUMBER(SEARCH("APURATOS",B86))),190,IF(C86="600 ml",95,IF(C86="400 ml",125,IF(C86="200 ml",330,IF(C86="180 ml",240,1)))))),0)) | L86: =IF(H86="","",H86) | N86: =IF(I86="","",I86)
B87: INLOCO ECO | C87: 600 | D87: 308 | E87: CX | F87: =IF($B87="","",IF(SUMIFS(CONFIG_PALLETS!$C:$C,CONFIG_PALLETS!$A:$A,TRIM($B87),CONFIG_PALLETS!$B:$B,$C87&" ml")>0,SUMIFS(CONFIG_PALLETS!$C:$C,CONFIG_PALLETS!$A:$A,TRIM($B87),CONFIG_PALLETS!$B:$B,$C87&" ml"),IF(SUMIFS(CONFIG_PALLETS!$C:$C,CONFIG_PALLETS!$A:$A,"GERAL",CONFIG_PALLETS!$B:$B,$C87&" ml")>0,SUMIFS(CONFIG_PALLETS!$C:$C,CONFIG_PALLETS!$A:$A,"GERAL",CONFIG_PALLETS!$B:$B,$C87&" ml"),""))) | G87: =IFERROR(ROUNDUP(D87/F87,0),"") | H87: 308 | I87: =IF(H87="","",H87*IF(SUMIFS(CONFIG_PALLETS!$D:$D,CONFIG_PALLETS!$A:$A,IF(ISNUMBER(SEARCH("ESPUMA",$B87)),"ESPUMA",IF(OR(ISNUMBER(SEARCH("OLEO DE COCO",$B87)),ISNUMBER(SEARCH("ÓLEO DE COCO",$B87)),ISNUMBER(SEARCH("COPRA",$B87))),"ÓLEO DE COCO",IF(ISNUMBER(SEARCH("CORANTE",$B87)),"CORANTE",TRIM($B87)))),CONFIG_PALLETS!$B:$B,$C87&" ml")>0,SUMIFS(CONFIG_PALLETS!$D:$D,CONFIG_PALLETS!$A:$A,IF(ISNUMBER(SEARCH("ESPUMA",$B87)),"ESPUMA",IF(OR(ISNUMBER(SEARCH("OLEO DE COCO",$B87)),ISNUMBER(SEARCH("ÓLEO DE COCO",$B87)),ISNUMBER(SEARCH("COPRA",$B87))),"ÓLEO DE COCO",IF(ISNUMBER(SEARCH("CORANTE",$B87)),"CORANTE",TRIM($B87)))),CONFIG_PALLETS!$B:$B,$C87&" ml"),IF(SUMIFS(CONFIG_PALLETS!$D:$D,CONFIG_PALLETS!$A:$A,"GERAL",CONFIG_PALLETS!$B:$B,$C87&" ml")>0,SUMIFS(CONFIG_PALLETS!$D:$D,CONFIG_PALLETS!$A:$A,"GERAL",CONFIG_PALLETS!$B:$B,$C87&" ml"),12))) | J87: =IF(D87="","",ROUNDUP(D87/IF(AND(C87="600 ml",ISNUMBER(SEARCH("NORCAU",B87))),95,IF(AND(C87="600 ml",ISNUMBER(SEARCH("APURATOS",B87))),190,IF(C87="600 ml",95,IF(C87="400 ml",125,IF(C87="200 ml",330,IF(C87="180 ml",240,1)))))),0)) | L87: =IF(H87="","",H87) | N87: =IF(I87="","",I87)
B88: TTF | C88: 600 | D88: 461 | E88: CX | F88: =IF($B88="","",IF(SUMIFS(CONFIG_PALLETS!$C:$C,CONFIG_PALLETS!$A:$A,TRIM($B88),CONFIG_PALLETS!$B:$B,$C88&" ml")>0,SUMIFS(CONFIG_PALLETS!$C:$C,CONFIG_PALLETS!$A:$A,TRIM($B88),CONFIG_PALLETS!$B:$B,$C88&" ml"),IF(SUMIFS(CONFIG_PALLETS!$C:$C,CONFIG_PALLETS!$A:$A,"GERAL",CONFIG_PALLETS!$B:$B,$C88&" ml")>0,SUMIFS(CONFIG_PALLETS!$C:$C,CONFIG_PALLETS!$A:$A,"GERAL",CONFIG_PALLETS!$B:$B,$C88&" ml"),""))) | G88: =IFERROR(ROUNDUP(D88/F88,0),"") | H88: 379 | I88: =IF(H88="","",H88*IF(SUMIFS(CONFIG_PALLETS!$D:$D,CONFIG_PALLETS!$A:$A,IF(ISNUMBER(SEARCH("ESPUMA",$B88)),"ESPUMA",IF(OR(ISNUMBER(SEARCH("OLEO DE COCO",$B88)),ISNUMBER(SEARCH("ÓLEO DE COCO",$B88)),ISNUMBER(SEARCH("COPRA",$B88))),"ÓLEO DE COCO",IF(ISNUMBER(SEARCH("CORANTE",$B88)),"CORANTE",TRIM($B88)))),CONFIG_PALLETS!$B:$B,$C88&" ml")>0,SUMIFS(CONFIG_PALLETS!$D:$D,CONFIG_PALLETS!$A:$A,IF(ISNUMBER(SEARCH("ESPUMA",$B88)),"ESPUMA",IF(OR(ISNUMBER(SEARCH("OLEO DE COCO",$B88)),ISNUMBER(SEARCH("ÓLEO DE COCO",$B88)),ISNUMBER(SEARCH("COPRA",$B88))),"ÓLEO DE COCO",IF(ISNUMBER(SEARCH("CORANTE",$B88)),"CORANTE",TRIM($B88)))),CONFIG_PALLETS!$B:$B,$C88&" ml"),IF(SUMIFS(CONFIG_PALLETS!$D:$D,CONFIG_PALLETS!$A:$A,"GERAL",CONFIG_PALLETS!$B:$B,$C88&" ml")>0,SUMIFS(CONFIG_PALLETS!$D:$D,CONFIG_PALLETS!$A:$A,"GERAL",CONFIG_PALLETS!$B:$B,$C88&" ml"),12))) | J88: =IF(D88="","",ROUNDUP(D88/IF(AND(C88="600 ml",ISNUMBER(SEARCH("NORCAU",B88))),95,IF(AND(C88="600 ml",ISNUMBER(SEARCH("APURATOS",B88))),190,IF(C88="600 ml",95,IF(C88="400 ml",125,IF(C88="200 ml",330,IF(C88="180 ml",240,1)))))),0)) | L88: =IF(H88="","",H88) | N88: =IF(I88="","",I88)
E89: CX | F89: =IF($B89="","",IF(SUMIFS(CONFIG_PALLETS!$C:$C,CONFIG_PALLETS!$A:$A,TRIM($B89),CONFIG_PALLETS!$B:$B,$C89&" ml")>0,SUMIFS(CONFIG_PALLETS!$C:$C,CONFIG_PALLETS!$A:$A,TRIM($B89),CONFIG_PALLETS!$B:$B,$C89&" ml"),IF(SUMIFS(CONFIG_PALLETS!$C:$C,CONFIG_PALLETS!$A:$A,"GERAL",CONFIG_PALLETS!$B:$B,$C89&" ml")>0,SUMIFS(CONFIG_PALLETS!$C:$C,CONFIG_PALLETS!$A:$A,"GERAL",CONFIG_PALLETS!$B:$B,$C89&" ml"),""))) | G89: =IFERROR(ROUNDUP(D89/F89,0),"") | I89: =IF(H89="","",H89*IF(SUMIFS(CONFIG_PALLETS!$D:$D,CONFIG_PALLETS!$A:$A,IF(ISNUMBER(SEARCH("ESPUMA",$B89)),"ESPUMA",IF(OR(ISNUMBER(SEARCH("OLEO DE COCO",$B89)),ISNUMBER(SEARCH("ÓLEO DE COCO",$B89)),ISNUMBER(SEARCH("COPRA",$B89))),"ÓLEO DE COCO",IF(ISNUMBER(SEARCH("CORANTE",$B89)),"CORANTE",TRIM($B89)))),CONFIG_PALLETS!$B:$B,$C89&" ml")>0,SUMIFS(CONFIG_PALLETS!$D:$D,CONFIG_PALLETS!$A:$A,IF(ISNUMBER(SEARCH("ESPUMA",$B89)),"ESPUMA",IF(OR(ISNUMBER(SEARCH("OLEO DE COCO",$B89)),ISNUMBER(SEARCH("ÓLEO DE COCO",$B89)),ISNUMBER(SEARCH("COPRA",$B89))),"ÓLEO DE COCO",IF(ISNUMBER(SEARCH("CORANTE",$B89)),"CORANTE",TRIM($B89)))),CONFIG_PALLETS!$B:$B,$C89&" ml"),IF(SUMIFS(CONFIG_PALLETS!$D:$D,CONFIG_PALLETS!$A:$A,"GERAL",CONFIG_PALLETS!$B:$B,$C89&" ml")>0,SUMIFS(CONFIG_PALLETS!$D:$D,CONFIG_PALLETS!$A:$A,"GERAL",CONFIG_PALLETS!$B:$B,$C89&" ml"),12))) | J89: =IF(D89="","",ROUNDUP(D89/IF(AND(C89="600 ml",ISNUMBER(SEARCH("NORCAU",B89))),95,IF(AND(C89="600 ml",ISNUMBER(SEARCH("APURATOS",B89))),190,IF(C89="600 ml",95,IF(C89="400 ml",125,IF(C89="200 ml",330,IF(C89="180 ml",240,1)))))),0)) | L89: =IF(H89="","",H89) | N89: =IF(I89="","",I89)
E90: CX | F90: =IF($B90="","",IF(SUMIFS(CONFIG_PALLETS!$C:$C,CONFIG_PALLETS!$A:$A,TRIM($B90),CONFIG_PALLETS!$B:$B,$C90&" ml")>0,SUMIFS(CONFIG_PALLETS!$C:$C,CONFIG_PALLETS!$A:$A,TRIM($B90),CONFIG_PALLETS!$B:$B,$C90&" ml"),IF(SUMIFS(CONFIG_PALLETS!$C:$C,CONFIG_PALLETS!$A:$A,"GERAL",CONFIG_PALLETS!$B:$B,$C90&" ml")>0,SUMIFS(CONFIG_PALLETS!$C:$C,CONFIG_PALLETS!$A:$A,"GERAL",CONFIG_PALLETS!$B:$B,$C90&" ml"),""))) | G90: =IFERROR(ROUNDUP(D90/F90,0),"") | I90: =IF(H90="","",H90*IF(SUMIFS(CONFIG_PALLETS!$D:$D,CONFIG_PALLETS!$A:$A,IF(ISNUMBER(SEARCH("ESPUMA",$B90)),"ESPUMA",IF(OR(ISNUMBER(SEARCH("OLEO DE COCO",$B90)),ISNUMBER(SEARCH("ÓLEO DE COCO",$B90)),ISNUMBER(SEARCH("COPRA",$B90))),"ÓLEO DE COCO",IF(ISNUMBER(SEARCH("CORANTE",$B90)),"CORANTE",TRIM($B90)))),CONFIG_PALLETS!$B:$B,$C90&" ml")>0,SUMIFS(CONFIG_PALLETS!$D:$D,CONFIG_PALLETS!$A:$A,IF(ISNUMBER(SEARCH("ESPUMA",$B90)),"ESPUMA",IF(OR(ISNUMBER(SEARCH("OLEO DE COCO",$B90)),ISNUMBER(SEARCH("ÓLEO DE COCO",$B90)),ISNUMBER(SEARCH("COPRA",$B90))),"ÓLEO DE COCO",IF(ISNUMBER(SEARCH("CORANTE",$B90)),"CORANTE",TRIM($B90)))),CONFIG_PALLETS!$B:$B,$C90&" ml"),IF(SUMIFS(CONFIG_PALLETS!$D:$D,CONFIG_PALLETS!$A:$A,"GERAL",CONFIG_PALLETS!$B:$B,$C90&" ml")>0,SUMIFS(CONFIG_PALLETS!$D:$D,CONFIG_PALLETS!$A:$A,"GERAL",CONFIG_PALLETS!$B:$B,$C90&" ml"),12))) | J90: =IF(D90="","",ROUNDUP(D90/IF(AND(C90="600 ml",ISNUMBER(SEARCH("NORCAU",B90))),95,IF(AND(C90="600 ml",ISNUMBER(SEARCH("APURATOS",B90))),190,IF(C90="600 ml",95,IF(C90="400 ml",125,IF(C90="200 ml",330,IF(C90="180 ml",240,1)))))),0)) | L90: =IF(H90="","",H90) | N90: =IF(I90="","",I90)
J91: =IF(D91="","",ROUNDUP(D91/IF(AND(C91="600 ml",ISNUMBER(SEARCH("NORCAU",B91))),95,IF(AND(C91="600 ml",ISNUMBER(SEARCH("APURATOS",B91))),190,IF(C91="600 ml",95,IF(C91="400 ml",125,IF(C91="200 ml",330,IF(C91="180 ml",240,1)))))),0)) | L91: =IF(H91="","",H91) | N91: =IF(I91="","",I91)
B92: TOTAL | D92: =IF(J92="","",TEXT(J92,"#,##0")) | G92: =IF(K92="","",TEXT(K92,"#,##0")) | H92: =IF(L92="","",TEXT(L92,"#,##0")) | I92: =IF(M92="","",TEXT(M92,"#,##0")) | J92: =SUM(D85:D91) | K92: =SUM(G85:G91) | L92: =SUM(H85:H91) | M92: =SUM(I85:I91) | N92: =IF(I92="","",I92) | O92: =SUM(N86:N91)
J93: =IF(D93="","",ROUNDUP(D93/IF(AND(C93="600 ml",ISNUMBER(SEARCH("NORCAU",B93))),95,IF(AND(C93="600 ml",ISNUMBER(SEARCH("APURATOS",B93))),190,IF(C93="600 ml",95,IF(C93="400 ml",125,IF(C93="200 ml",330,IF(C93="180 ml",240,1)))))),0)) | L93: =IF(H93="","",H93) | N93: =IF(I93="","",I93)
A94: 46042 | B94: PRODUTO | C94: EMBALAGEM | D94: CAIXAS | E94: UN | F94: CX/PALLET | G94: PALLETS (PBR) | H94: REAL (CX) | I94: TOTAL LATAS
J95: =IF(D95="","",ROUNDUP(D95/IF(AND(C95="600 ml",ISNUMBER(SEARCH("NORCAU",B95))),95,IF(AND(C95="600 ml",ISNUMBER(SEARCH("APURATOS",B95))),190,IF(C95="600 ml",95,IF(C95="400 ml",125,IF(C95="200 ml",330,IF(C95="180 ml",240,1)))))),0)) | L95: =IF(H95="","",H95) | N95: =IF(I95="","",I95)
B96: TTF | C96: 600 | D96: =D88-L88 | E96: CX | F96: =IF($B96="","",IF(SUMIFS(CONFIG_PALLETS!$C:$C,CONFIG_PALLETS!$A:$A,TRIM($B96),CONFIG_PALLETS!$B:$B,$C96&" ml")>0,SUMIFS(CONFIG_PALLETS!$C:$C,CONFIG_PALLETS!$A:$A,TRIM($B96),CONFIG_PALLETS!$B:$B,$C96&" ml"),IF(SUMIFS(CONFIG_PALLETS!$C:$C,CONFIG_PALLETS!$A:$A,"GERAL",CONFIG_PALLETS!$B:$B,$C96&" ml")>0,SUMIFS(CONFIG_PALLETS!$C:$C,CONFIG_PALLETS!$A:$A,"GERAL",CONFIG_PALLETS!$B:$B,$C96&" ml"),""))) | G96: =IFERROR(ROUNDUP(D96/F96,0),"") | H96: 82 | I96: =IF(H96="","",H96*IF(SUMIFS(CONFIG_PALLETS!$D:$D,CONFIG_PALLETS!$A:$A,IF(ISNUMBER(SEARCH("ESPUMA",$B96)),"ESPUMA",IF(OR(ISNUMBER(SEARCH("OLEO DE COCO",$B96)),ISNUMBER(SEARCH("ÓLEO DE COCO",$B96)),ISNUMBER(SEARCH("COPRA",$B96))),"ÓLEO DE COCO",IF(ISNUMBER(SEARCH("CORANTE",$B96)),"CORANTE",TRIM($B96)))),CONFIG_PALLETS!$B:$B,$C96&" ml")>0,SUMIFS(CONFIG_PALLETS!$D:$D,CONFIG_PALLETS!$A:$A,IF(ISNUMBER(SEARCH("ESPUMA",$B96)),"ESPUMA",IF(OR(ISNUMBER(SEARCH("OLEO DE COCO",$B96)),ISNUMBER(SEARCH("ÓLEO DE COCO",$B96)),ISNUMBER(SEARCH("COPRA",$B96))),"ÓLEO DE COCO",IF(ISNUMBER(SEARCH("CORANTE",$B96)),"CORANTE",TRIM($B96)))),CONFIG_PALLETS!$B:$B,$C96&" ml"),IF(SUMIFS(CONFIG_PALLETS!$D:$D,CONFIG_PALLETS!$A:$A,"GERAL",CONFIG_PALLETS!$B:$B,$C96&" ml")>0,SUMIFS(CONFIG_PALLETS!$D:$D,CONFIG_PALLETS!$A:$A,"GERAL",CONFIG_PALLETS!$B:$B,$C96&" ml"),12))) | J96: =IF(D96="","",ROUNDUP(D96/IF(AND(C96="600 ml",ISNUMBER(SEARCH("NORCAU",B96))),95,IF(AND(C96="600 ml",ISNUMBER(SEARCH("APURATOS",B96))),190,IF(C96="600 ml",95,IF(C96="400 ml",125,IF(C96="200 ml",330,IF(C96="180 ml",240,1)))))),0)) | L96: =IF(H96="","",H96) | N96: =IF(I96="","",I96)
B97: ROCHAPAN | C97: 400 | D97: 250 | E97: CX | F97: =IF($B97="","",IF(SUMIFS(CONFIG_PALLETS!$C:$C,CONFIG_PALLETS!$A:$A,TRIM($B97),CONFIG_PALLETS!$B:$B,$C97&" ml")>0,SUMIFS(CONFIG_PALLETS!$C:$C,CONFIG_PALLETS!$A:$A,TRIM($B97),CONFIG_PALLETS!$B:$B,$C97&" ml"),IF(SUMIFS(CONFIG_PALLETS!$C:$C,CONFIG_PALLETS!$A:$A,"GERAL",CONFIG_PALLETS!$B:$B,$C97&" ml")>0,SUMIFS(CONFIG_PALLETS!$C:$C,CONFIG_PALLETS!$A:$A,"GERAL",CONFIG_PALLETS!$B:$B,$C97&" ml"),""))) | G97: =IFERROR(ROUNDUP(D97/F97,0),"") | H97: 250 | I97: =IF(H97="","",H97*IF(SUMIFS(CONFIG_PALLETS!$D:$D,CONFIG_PALLETS!$A:$A,IF(ISNUMBER(SEARCH("ESPUMA",$B97)),"ESPUMA",IF(OR(ISNUMBER(SEARCH("OLEO DE COCO",$B97)),ISNUMBER(SEARCH("ÓLEO DE COCO",$B97)),ISNUMBER(SEARCH("COPRA",$B97))),"ÓLEO DE COCO",IF(ISNUMBER(SEARCH("CORANTE",$B97)),"CORANTE",TRIM($B97)))),CONFIG_PALLETS!$B:$B,$C97&" ml")>0,SUMIFS(CONFIG_PALLETS!$D:$D,CONFIG_PALLETS!$A:$A,IF(ISNUMBER(SEARCH("ESPUMA",$B97)),"ESPUMA",IF(OR(ISNUMBER(SEARCH("OLEO DE COCO",$B97)),ISNUMBER(SEARCH("ÓLEO DE COCO",$B97)),ISNUMBER(SEARCH("COPRA",$B97))),"ÓLEO DE COCO",IF(ISNUMBER(SEARCH("CORANTE",$B97)),"CORANTE",TRIM($B97)))),CONFIG_PALLETS!$B:$B,$C97&" ml"),IF(SUMIFS(CONFIG_PALLETS!$D:$D,CONFIG_PALLETS!$A:$A,"GERAL",CONFIG_PALLETS!$B:$B,$C97&" ml")>0,SUMIFS(CONFIG_PALLETS!$D:$D,CONFIG_PALLETS!$A:$A,"GERAL",CONFIG_PALLETS!$B:$B,$C97&" ml"),12))) | J97: =IF(D97="","",ROUNDUP(D97/IF(AND(C97="600 ml",ISNUMBER(SEARCH("NORCAU",B97))),95,IF(AND(C97="600 ml",ISNUMBER(SEARCH("APURATOS",B97))),190,IF(C97="600 ml",95,IF(C97="400 ml",125,IF(C97="200 ml",330,IF(C97="180 ml",240,1)))))),0)) | L97: =IF(H97="","",H97) | N97: =IF(I97="","",I97)
B98: CASA PANIFICADOR | C98: 400 | D98: 200 | E98: CX | F98: =IF($B98="","",IF(SUMIFS(CONFIG_PALLETS!$C:$C,CONFIG_PALLETS!$A:$A,TRIM($B98),CONFIG_PALLETS!$B:$B,$C98&" ml")>0,SUMIFS(CONFIG_PALLETS!$C:$C,CONFIG_PALLETS!$A:$A,TRIM($B98),CONFIG_PALLETS!$B:$B,$C98&" ml"),IF(SUMIFS(CONFIG_PALLETS!$C:$C,CONFIG_PALLETS!$A:$A,"GERAL",CONFIG_PALLETS!$B:$B,$C98&" ml")>0,SUMIFS(CONFIG_PALLETS!$C:$C,CONFIG_PALLETS!$A:$A,"GERAL",CONFIG_PALLETS!$B:$B,$C98&" ml"),""))) | G98: =IFERROR(ROUNDUP(D98/F98,0),"") | H98: 201 | I98: =IF(H98="","",H98*IF(SUMIFS(CONFIG_PALLETS!$D:$D,CONFIG_PALLETS!$A:$A,IF(ISNUMBER(SEARCH("ESPUMA",$B98)),"ESPUMA",IF(OR(ISNUMBER(SEARCH("OLEO DE COCO",$B98)),ISNUMBER(SEARCH("ÓLEO DE COCO",$B98)),ISNUMBER(SEARCH("COPRA",$B98))),"ÓLEO DE COCO",IF(ISNUMBER(SEARCH("CORANTE",$B98)),"CORANTE",TRIM($B98)))),CONFIG_PALLETS!$B:$B,$C98&" ml")>0,SUMIFS(CONFIG_PALLETS!$D:$D,CONFIG_PALLETS!$A:$A,IF(ISNUMBER(SEARCH("ESPUMA",$B98)),"ESPUMA",IF(OR(ISNUMBER(SEARCH("OLEO DE COCO",$B98)),ISNUMBER(SEARCH("ÓLEO DE COCO",$B98)),ISNUMBER(SEARCH("COPRA",$B98))),"ÓLEO DE COCO",IF(ISNUMBER(SEARCH("CORANTE",$B98)),"CORANTE",TRIM($B98)))),CONFIG_PALLETS!$B:$B,$C98&" ml"),IF(SUMIFS(CONFIG_PALLETS!$D:$D,CONFIG_PALLETS!$A:$A,"GERAL",CONFIG_PALLETS!$B:$B,$C98&" ml")>0,SUMIFS(CONFIG_PALLETS!$D:$D,CONFIG_PALLETS!$A:$A,"GERAL",CONFIG_PALLETS!$B:$B,$C98&" ml"),12))) | J98: =IF(D98="","",ROUNDUP(D98/IF(AND(C98="600 ml",ISNUMBER(SEARCH("NORCAU",B98))),95,IF(AND(C98="600 ml",ISNUMBER(SEARCH("APURATOS",B98))),190,IF(C98="600 ml",95,IF(C98="400 ml",125,IF(C98="200 ml",330,IF(C98="180 ml",240,1)))))),0)) | L98: =IF(H98="","",H98) | N98: =IF(I98="","",I98)
E99: CX | F99: =IF($B99="","",IF(SUMIFS(CONFIG_PALLETS!$C:$C,CONFIG_PALLETS!$A:$A,TRIM($B99),CONFIG_PALLETS!$B:$B,$C99&" ml")>0,SUMIFS(CONFIG_PALLETS!$C:$C,CONFIG_PALLETS!$A:$A,TRIM($B99),CONFIG_PALLETS!$B:$B,$C99&" ml"),IF(SUMIFS(CONFIG_PALLETS!$C:$C,CONFIG_PALLETS!$A:$A,"GERAL",CONFIG_PALLETS!$B:$B,$C99&" ml")>0,SUMIFS(CONFIG_PALLETS!$C:$C,CONFIG_PALLETS!$A:$A,"GERAL",CONFIG_PALLETS!$B:$B,$C99&" ml"),""))) | G99: =IFERROR(ROUNDUP(D99/F99,0),"") | I99: =IF(H99="","",H99*IF(SUMIFS(CONFIG_PALLETS!$D:$D,CONFIG_PALLETS!$A:$A,IF(ISNUMBER(SEARCH("ESPUMA",$B99)),"ESPUMA",IF(OR(ISNUMBER(SEARCH("OLEO DE COCO",$B99)),ISNUMBER(SEARCH("ÓLEO DE COCO",$B99)),ISNUMBER(SEARCH("COPRA",$B99))),"ÓLEO DE COCO",IF(ISNUMBER(SEARCH("CORANTE",$B99)),"CORANTE",TRIM($B99)))),CONFIG_PALLETS!$B:$B,$C99&" ml")>0,SUMIFS(CONFIG_PALLETS!$D:$D,CONFIG_PALLETS!$A:$A,IF(ISNUMBER(SEARCH("ESPUMA",$B99)),"ESPUMA",IF(OR(ISNUMBER(SEARCH("OLEO DE COCO",$B99)),ISNUMBER(SEARCH("ÓLEO DE COCO",$B99)),ISNUMBER(SEARCH("COPRA",$B99))),"ÓLEO DE COCO",IF(ISNUMBER(SEARCH("CORANTE",$B99)),"CORANTE",TRIM($B99)))),CONFIG_PALLETS!$B:$B,$C99&" ml"),IF(SUMIFS(CONFIG_PALLETS!$D:$D,CONFIG_PALLETS!$A:$A,"GERAL",CONFIG_PALLETS!$B:$B,$C99&" ml")>0,SUMIFS(CONFIG_PALLETS!$D:$D,CONFIG_PALLETS!$A:$A,"GERAL",CONFIG_PALLETS!$B:$B,$C99&" ml"),12))) | J99: =IF(D99="","",ROUNDUP(D99/IF(AND(C99="600 ml",ISNUMBER(SEARCH("NORCAU",B99))),95,IF(AND(C99="600 ml",ISNUMBER(SEARCH("APURATOS",B99))),190,IF(C99="600 ml",95,IF(C99="400 ml",125,IF(C99="200 ml",330,IF(C99="180 ml",240,1)))))),0)) | L99: =IF(H99="","",H99) | N99: =IF(I99="","",I99)
E100: CX | F100: =IF($B100="","",IF(SUMIFS(CONFIG_PALLETS!$C:$C,CONFIG_PALLETS!$A:$A,TRIM($B100),CONFIG_PALLETS!$B:$B,$C100&" ml")>0,SUMIFS(CONFIG_PALLETS!$C:$C,CONFIG_PALLETS!$A:$A,TRIM($B100),CONFIG_PALLETS!$B:$B,$C100&" ml"),IF(SUMIFS(CONFIG_PALLETS!$C:$C,CONFIG_PALLETS!$A:$A,"GERAL",CONFIG_PALLETS!$B:$B,$C100&" ml")>0,SUMIFS(CONFIG_PALLETS!$C:$C,CONFIG_PALLETS!$A:$A,"GERAL",CONFIG_PALLETS!$B:$B,$C100&" ml"),""))) | G100: =IFERROR(ROUNDUP(D100/F100,0),"") | I100: =IF(H100="","",H100*IF(SUMIFS(CONFIG_PALLETS!$D:$D,CONFIG_PALLETS!$A:$A,IF(ISNUMBER(SEARCH("ESPUMA",$B100)),"ESPUMA",IF(OR(ISNUMBER(SEARCH("OLEO DE COCO",$B100)),ISNUMBER(SEARCH("ÓLEO DE COCO",$B100)),ISNUMBER(SEARCH("COPRA",$B100))),"ÓLEO DE COCO",IF(ISNUMBER(SEARCH("CORANTE",$B100)),"CORANTE",TRIM($B100)))),CONFIG_PALLETS!$B:$B,$C100&" ml")>0,SUMIFS(CONFIG_PALLETS!$D:$D,CONFIG_PALLETS!$A:$A,IF(ISNUMBER(SEARCH("ESPUMA",$B100)),"ESPUMA",IF(OR(ISNUMBER(SEARCH("OLEO DE COCO",$B100)),ISNUMBER(SEARCH("ÓLEO DE COCO",$B100)),ISNUMBER(SEARCH("COPRA",$B100))),"ÓLEO DE COCO",IF(ISNUMBER(SEARCH("CORANTE",$B100)),"CORANTE",TRIM($B100)))),CONFIG_PALLETS!$B:$B,$C100&" ml"),IF(SUMIFS(CONFIG_PALLETS!$D:$D,CONFIG_PALLETS!$A:$A,"GERAL",CONFIG_PALLETS!$B:$B,$C100&" ml")>0,SUMIFS(CONFIG_PALLETS!$D:$D,CONFIG_PALLETS!$A:$A,"GERAL",CONFIG_PALLETS!$B:$B,$C100&" ml"),12))) | J100: =IF(D100="","",ROUNDUP(D100/IF(AND(C100="600 ml",ISNUMBER(SEARCH("NORCAU",B100))),95,IF(AND(C100="600 ml",ISNUMBER(SEARCH("APURATOS",B100))),190,IF(C100="600 ml",95,IF(C100="400 ml",125,IF(C100="200 ml",330,IF(C100="180 ml",240,1)))))),0)) | L100: =IF(H100="","",H100) | N100: =IF(I100="","",I100)
...

Sheet GRAFICO JANEIRO
A1: RESULTADOS E GRÁFICO - JANEIRO
B3: Total do mês | D3: Meta do mês | F3: Média por dia | H3: Melhor dia | J3: Atingimento | K3: Legenda | L3: Leitura
B4: =SUM(C9:C30) | D4: =COUNTA(A9:A30)*CONFIG!$B$3 | F4: =IFERROR(SUMIFS(C9:C30,A9:A30,"<="&TODAY(),F9:F30,"<>*Feriado*")/COUNTIFS(A9:A30,"<="&TODAY(),F9:F30,"<>*Feriado*"),0) | H4: =IFERROR(MAX(C9:C30),0) | J4: =IFERROR(B4/D4,0) | K4: Verde | L4: Acima da meta
K5: Vermelho | L5: Abaixo da meta
K6: Cinza | L6: Igual à meta
A8: Data | B8: Dias trabalhados | C8: Realizado | D8: Meta diária | E8: Diferença | F8: Observações | X8: Realizado gráfico | Y8: Meta gráfico
A9: 46023 | B9: 1 | C9: 0 | D9: =CONFIG!$B$3 | E9: =C9-D9 | F9: Feriado - Confraternização Universal | X9: =IF(COUNTIF($F9,"*Feriado*")>0,NA(),$C9) | Y9: =IF(COUNTIF($F9,"*Feriado*")>0,NA(),$D9)
A10: 46024 | B10: 2 | C10: 0 | D10: =CONFIG!$B$3 | E10: =C10-D10 | X10: =IF(COUNTIF($F10,"*Feriado*")>0,NA(),$C10) | Y10: =IF(COUNTIF($F10,"*Feriado*")>0,NA(),$D10)
A11: 46027 | B11: 3 | C11: ='SEMANA JANEIRO'!$M$9 | D11: =CONFIG!$B$3 | E11: =C11-D11 | X11: =IF(COUNTIF($F11,"*Feriado*")>0,NA(),$C11) | Y11: =IF(COUNTIF($F11,"*Feriado*")>0,NA(),$D11)
A12: 46028 | B12: 4 | C12: ='SEMANA JANEIRO'!$M$16 | D12: =CONFIG!$B$3 | E12: =C12-D12 | X12: =IF(COUNTIF($F12,"*Feriado*")>0,NA(),$C12) | Y12: =IF(COUNTIF($F12,"*Feriado*")>0,NA(),$D12)
A13: 46029 | B13: 5 | C13: ='SEMANA JANEIRO'!$M$24 | D13: =CONFIG!$B$3 | E13: =C13-D13 | X13: =IF(COUNTIF($F13,"*Feriado*")>0,NA(),$C13) | Y13: =IF(COUNTIF($F13,"*Feriado*")>0,NA(),$D13)
A14: 46030 | B14: 6 | C14: ='SEMANA JANEIRO'!$M$32 | D14: =CONFIG!$B$3 | E14: =C14-D14 | X14: =IF(COUNTIF($F14,"*Feriado*")>0,NA(),$C14) | Y14: =IF(COUNTIF($F14,"*Feriado*")>0,NA(),$D14)
A15: 46031 | B15: 7 | C15: ='SEMANA JANEIRO'!$M$41 | D15: =CONFIG!$B$3 | E15: =C15-D15 | X15: =IF(COUNTIF($F15,"*Feriado*")>0,NA(),$C15) | Y15: =IF(COUNTIF($F15,"*Feriado*")>0,NA(),$D15)
A16: 46034 | B16: 8 | C16: ='SEMANA JANEIRO'!$M$49 | D16: =CONFIG!$B$3 | E16: =C16-D16 | X16: =IF(COUNTIF($F16,"*Feriado*")>0,NA(),$C16) | Y16: =IF(COUNTIF($F16,"*Feriado*")>0,NA(),$D16)
A17: 46035 | B17: 9 | C17: ='SEMANA JANEIRO'!$M$57 | D17: =CONFIG!$B$3 | E17: =C17-D17 | X17: =IF(COUNTIF($F17,"*Feriado*")>0,NA(),$C17) | Y17: =IF(COUNTIF($F17,"*Feriado*")>0,NA(),$D17)
A18: 46036 | B18: 10 | C18: ='SEMANA JANEIRO'!$M$65 | D18: =CONFIG!$B$3 | E18: =C18-D18 | X18: =IF(COUNTIF($F18,"*Feriado*")>0,NA(),$C18) | Y18: =IF(COUNTIF($F18,"*Feriado*")>0,NA(),$D18)
A19: 46037 | B19: 11 | C19: ='SEMANA JANEIRO'!$M$74 | D19: =CONFIG!$B$3 | E19: =C19-D19 | X19: =IF(COUNTIF($F19,"*Feriado*")>0,NA(),$C19) | Y19: =IF(COUNTIF($F19,"*Feriado*")>0,NA(),$D19)
A20: 46038 | B20: 12 | C20: ='SEMANA JANEIRO'!$M$82 | D20: =CONFIG!$B$3 | E20: =C20-D20 | X20: =IF(COUNTIF($F20,"*Feriado*")>0,NA(),$C20) | Y20: =IF(COUNTIF($F20,"*Feriado*")>0,NA(),$D20)
A21: 46041 | B21: 13 | C21: ='SEMANA JANEIRO'!$M$92 | D21: =CONFIG!$B$3 | E21: =C21-D21 | X21: =IF(COUNTIF($F21,"*Feriado*")>0,NA(),$C21) | Y21: =IF(COUNTIF($F21,"*Feriado*")>0,NA(),$D21)
A22: 46042 | B22: 14 | C22: ='SEMANA JANEIRO'!$M$102 | D22: =CONFIG!$B$3 | E22: =C22-D22 | X22: =IF(COUNTIF($F22,"*Feriado*")>0,NA(),$C22) | Y22: =IF(COUNTIF($F22,"*Feriado*")>0,NA(),$D22)
A23: 46043 | B23: 15 | C23: 0 | D23: =CONFIG!$B$3 | E23: =C23-D23 | X23: =IF(COUNTIF($F23,"*Feriado*")>0,NA(),$C23) | Y23: =IF(COUNTIF($F23,"*Feriado*")>0,NA(),$D23)
A24: 46044 | B24: 16 | C24: ='SEMANA JANEIRO'!$M$120 | D24: =CONFIG!$B$3 | E24: =C24-D24 | X24: =IF(COUNTIF($F24,"*Feriado*")>0,NA(),$C24) | Y24: =IF(COUNTIF($F24,"*Feriado*")>0,NA(),$D24)
A25: 46045 | B25: 17 | C25: 0 | D25: =CONFIG!$B$3 | E25: =C25-D25 | X25: =IF(COUNTIF($F25,"*Feriado*")>0,NA(),$C25) | Y25: =IF(COUNTIF($F25,"*Feriado*")>0,NA(),$D25)
A26: 46048 | B26: 18 | C26: ='SEMANA JANEIRO'!$M$142 | D26: =CONFIG!$B$3 | E26: =C26-D26 | X26: =IF(COUNTIF($F26,"*Feriado*")>0,NA(),$C26) | Y26: =IF(COUNTIF($F26,"*Feriado*")>0,NA(),$D26)
A27: 46049 | B27: 19 | C27: ='SEMANA JANEIRO'!$M$150 | D27: =CONFIG!$B$3 | E27: =C27-D27 | X27: =IF(COUNTIF($F27,"*Feriado*")>0,NA(),$C27) | Y27: =IF(COUNTIF($F27,"*Feriado*")>0,NA(),$D27)
A28: 46050 | B28: 20 | C28: ='SEMANA JANEIRO'!$M$161 | D28: =CONFIG!$B$3 | E28: =C28-D28 | X28: =IF(COUNTIF($F28,"*Feriado*")>0,NA(),$C28) | Y28: =IF(COUNTIF($F28,"*Feriado*")>0,NA(),$D28)
A29: 46051 | B29: 21 | C29: ='SEMANA JANEIRO'!$M$169 | D29: =CONFIG!$B$3 | E29: =C29-D29 | X29: =IF(COUNTIF($F29,"*Feriado*")>0,NA(),$C29) | Y29: =IF(COUNTIF($F29,"*Feriado*")>0,NA(),$D29)
A30: 46052 | B30: 22 | C30: ='SEMANA JANEIRO'!$M$198 | D30: =CONFIG!$B$3 | E30: =C30-D30 | X30: =IF(COUNTIF($F30,"*Feriado*")>0,NA(),$C30) | Y30: =IF(COUNTIF($F30,"*Feriado*")>0,NA(),$D30)

Sheet FEVEREIRO
B1: ORDEM DE PRODUÇÃO - FEVEREIRO
B3: OP | C3: LOTE | E3: LOTE CLIENTE | G3: PRODUTO | K3: CLIENTE | M3: QTDE(Kg) | N3: FABRICAÇÃO
B4: 2026/031 | C4: 26010146 | E4: OL 131/32/33/34/35 | G4: OL 40/20 - 25LTRS | K4: INDIPAN | M4: 90 BBs | N4: 46055
B5: 2026/032 | C5: 26010147 | G5: UNTA FACIL 400ML | K5: IN LOCO | M5: 30.000 LATAS | N5: 46062
B6: 2026/033 | C6: 26010148 | G6: UNTA MAIS 400ML | K6: CASA DO PANIFICADOR | M6: 2.400 LATAS | N6: 46066
B7: 2026/034 | C7: 26010149 | G7: CHEF MASTER 400ML | K7: REPETECO | M7: 3.000 LATAS | N7: 46066
B8: 2026/035 | C8: 26010150 | G8: BONASSE 400ML | K8: ROCHAPAN | M8: 3.000 LATAS | N8: 46066
B9: 2026/036 | C9: 26010151 | G9: UNTA FORMA 400ML | K9: BRICOFLEX | M9: 1.500 LATAS | N9: 46071
B10: 2026/037 | C10: 26010152 | G10: UNTA FORMA 400ML | K10: TTF | M10: 1.500 LATAS | N10: 46071
B11: 2026/038 | C11: 26010153 | G11: UNTA FORMA 400ML | K11: DISPAN | M11: 4.500 LATAS | N11: 46072
B12: 2026/039 | E12: 2631392 | G12: DESMOLDANTE CHEF | K12: ICEBERG | M12: 27.192 LATAS | N12: 46064
B13: 2026/040 | C13: 26010154 | G13: OL 40 | K13: SMART | M13: 420 KG | N13: 46058
C14: 26010155 | G14: OL 40 | M14: 420 KG | N14: 46058
C15: 26010156 | G15: OL 40 | M15: 420 KG | N15: 46062
C16: 26010157 | G16: OL ABELHA | M16: 420 KG | N16: 46058
C17: 26010158 | G17: OL ABELHA | M17: 420 KG | N17: 46058
C18: 26010159 | G18: OL ABELHA | M18: 420 KG | N18: 46058
C19: 26010160 | G19: OL ABELHA | M19: 420 KG | N19: 46058
C20: 26010161 | G20: OL 40 | M20: 420 KG | N20: 46062
C21: 26010162 | G21: OL 40 | M21: 420 KG | N21: 46062
C22: 26010163 | G22: OL 40 | M22: 420 KG | N22: 46062
C23: 26010164 | G23: OL 40 | M23: 420 KG | N23: 46062
C24: 26010165 | G24: OL 40 | M24: 420 KG | N24: 46063
C25: 26010166 | G25: OL 40 | M25: 420 KG | N25: 46063
... C31: 26010172 | G31: OL 40 | M31: 420 KG | N31: 46064
B32: 2026/041 | C32: 26010173 30 | G32: LISSE 600ML | K32: ADIMIX | M32: 7.980 LATAS | N32: 46084
B33: 2026/042 | C33: 26010174 | G33: OL 40 | K33: SMART | M33: 420 KG | N33: 46064
C34: 26010175 | G34: OL 40 | M34: 420 KG | N34: 46064
C35: 26010176 | G35: OL 40 | M35: 420 KG | N35: 46064
C36: 26010177 | G36: OL 40 | M36: 420 KG | N36: 46064
C37: 26010178 | G37: OL 40 | M37: 420 KG | N37: 46065
C38: 26010179 | G38: OL 40 | M38: 420 KG | N38: 46065
C39: 26010180 | G39: OL 40 | M39: 420 KG | N39: 46065
C40: 26010181 | G40: OL 40 | M40: 420 KG | N40: 46065
C41: 26010182 | G41: OL 40 | M41: 420 KG | N41: 46065
C42: 26010183 | G42: OL 40 | M42: 420 KG | N42: 46066
C43: 26010184 | G43: OL 40 | M43: 420 KG | N43: 46066
C44: 26010185 | G44: OL 40 | M44: 420 KG | N44: 46066
C45: 26010186 | G45: OL 40 | M45: 420 KG | N45: 46066
... C57: 26010198 | G57: OL 40 | M57: 420 KG | N57: 46071
B58: 2026/043 | C58: 26010199 | G58: OL 40/20 - 25LTRS | K58: DISPAN | M58: 180 BBs | N58: 46065
B59: 2026/044 | C59: 26010200 | G59: OL 40 | K59: SMART | M59: 420 KG | N59: 46071
C60: 26010201 | G60: OL 40 | M60: 420 KG | N60: 46071
C61: 26010202 | G61: OL 40 | M61: 420 KG | N61: 46072
C62: 26010203 | G62: OL 40 | M62: 420 KG | N62: 46072
C63: 26010204 | G63: OL 40 | M63: 420 KG | N63: 46072
C64: 26010205 | G64: OL 40 | M64: 420 KG | N64: 46072
C65: 26010206 | G65: OL 40 | M65: 420 KG | N65: 46072
C66: 26010207 | G66: OL 40 | M66: 420 KG | N66: 46072
C67: 26010208 | G67: OL 40 | M67: 420 KG | N67: 46080
C68: 26010209 | G68: OL 40 | M68: 420 KG | N68: 46080
C69: 26010210 | G69: OL 40 | M69: 420 KG | N69: 46080
C70: 26010211 | G70: OL 40 | M70: 420 KG | N70: 46080
C71: 26010212 | G71: OL 40 | M71: 420 KG | N71: 46080
... C83: 26010224 | G83: OL 40 | M83: 420 KG | N83: 46084
B84: 2026/045 | C84: 26010225 | G84: UNTA FORMA 180ML | K84: ADKO | M84: 2.880 LATAS | N84: 46072
B85: 2026/046 | C85: 26010226 | G85: UNTA FACIL 180ML | K85: IN LOCO | M85: 5.760 LATAS | N85: 46072
B86: 2026/047 | C86: 26040227 | G86: MANTEIGA DE COCO | K86: QUALICOCO | M86: 8.640 LATAS | N86: 46072
C87: 26040228 | G87: ÓLEO DE COCO EXTRAVIRGEM | M87: 8.640 LATAS | N87: 46076
B88: 2026/048 | C88: 26040229 | G88: ÓLEO DE COCO EXTRAVIRGEM | K88: SANTO ÓLEO | M88: 8.640 LATAS | N88: 46077
C89: 26040230 | G89: ÓLEO DE COCO SEM SABOR | M89: 8.640 LATAS | N89: 46077
B90: 2026/049 | C90: 26040231 | G90: ÓLEO DE COCO EXTRAVIRGEM | K90: COPRA | M90: 6.000 LATAS | N90: 46076
C91: 26040232 | G91: ÓLEO DE COCO SEM SABOR | M91: 7.000 LATAS | N91: 46076
B92: 2026/050 | C92: 26030233 | G92: CORANTE LARANJA | K92: SMART | M92: 24 KG | N92: 46072
B93: 2026/051 | E93: 25030938 | G93: CORANTE VERDE | K93: REPETECO | M93: 1.440 LATAS | N93: 46078
E94: 26030233 | G94: CORANTE LARANJA | M94: 1.440 LATAS | N94: 46078
E95: 26030054 | G95: CORANTE VERMELHO | M95: 1.440 LATAS | N95: 46078
E96: 26030053 | G96: CORANTE ROSA | M96: 1.440 LATAS | N96: 46078
B97: 2026/052 | C97: 26020234 | G97: ESPUMA DE GENGIBRE | K97: SMART | M97: 780 KG | N97: 46079
B98: 2026/053 | E98: 26020234 | G98: ESPUMA DE GENGIBRE | K98: DILUTE | M98: 3.960 LATAS | N98: 46079
B99: 2026/054 | C99: 26010235 | G99: VP 600ML | K99: VIA PANE | M99: 1.080 LATAS | N99: 46080
B100: 2026/055 | C100: 26010236 | G100: UNTA FACIL 600ML | K100: IN LOCO | M100: 15.960 LATAS | N100: 46080
B101: 2026/056 | E101: 26010118 | G101: DESTAK 600ML | K101: PURATOS | M101: 7.980 LATAS | N101: 46083

Sheet SEMANA FEVEREIRO
A1: LANÇAMENTO DE PRODUÇÃO • PREENCHIMENTO RÁPIDO | J1: _TOTAL_CX_NUM | K1: _TOTAL_PALLETS_NUM | L1: _TOTAL_REALCX_NUM | M1: _TOTAL_LATAS_NUM
A2: Preencha produto, embalagem e caixas. As demais colunas ajudam a leitura diária. | G2: Legenda: verde = acima da meta • vermelho = abaixo da meta | P2: Pallet PBR: 600ml=95 | 400ml=125 | 200ml=330 | 180ml=240 cx
A3: 46055 | B3: PRODUTO | C3: EMBALAGEM | D3: CAIXAS | E3: UN | F3: CX/PALLET | G3: PALLETS (PBR) | H3: REAL (CX) | I3: TOTAL LATAS
L4: =IF(H4="","",H4) | N4: =IF(I4="","",I4)
A5: 600 | B5: ALLBREAD | C5: 600 | D5: ='SEMANA JANEIRO'!D174-'SEMANA JANEIRO'!L174 | E5: CX | F5: =IF($B5="","",IF(SUMIFS(CONFIG_PALLETS!$C:$C,CONFIG_PALLETS!$A:$A,TRIM($B5),CONFIG_PALLETS!$B:$B,$C5&" ml")>0,SUMIFS(CONFIG_PALLETS!$C:$C,CONFIG_PALLETS!$A:$A,TRIM($B5),CONFIG_PALLETS!$B:$B,$C5&" ml"),IF(SUMIFS(CONFIG_PALLETS!$C:$C,CONFIG_PALLETS!$A:$A,"GERAL",CONFIG_PALLETS!$B:$B,$C5&" ml")>0,SUMIFS(CONFIG_PALLETS!$C:$C,CONFIG_PALLETS!$A:$A,"GERAL",CONFIG_PALLETS!$B:$B,$C5&" ml"),""))) | G5: =IFERROR(ROUNDUP(D5/F5,0),"") | H5: 438 | I5: =IF(H5="","",H5*IF(SUMIFS(CONFIG_PALLETS!$D:$D,CONFIG_PALLETS!$A:$A,IF(ISNUMBER(SEARCH("ESPUMA",$B5)),"ESPUMA",IF(OR(ISNUMBER(SEARCH("OLEO DE COCO",$B5)),ISNUMBER(SEARCH("ÓLEO DE COCO",$B5)),ISNUMBER(SEARCH("COPRA",$B5))),"ÓLEO DE COCO",IF(ISNUMBER(SEARCH("CORANTE",$B5)),"CORANTE",TRIM($B5)))),CONFIG_PALLETS!$B:$B,$C5&" ml")>0,SUMIFS(CONFIG_PALLETS!$D:$D,CONFIG_PALLETS!$A:$A,IF(ISNUMBER(SEARCH("ESPUMA",$B5)),"ESPUMA",IF(OR(ISNUMBER(SEARCH("OLEO DE COCO",$B5)),ISNUMBER(SEARCH("ÓLEO DE COCO",$B5)),ISNUMBER(SEARCH("COPRA",$B5))),"ÓLEO DE COCO",IF(ISNUMBER(SEARCH("CORANTE",$B5)),"CORANTE",TRIM($B5)))),CONFIG_PALLETS!$B:$B,$C5&" ml"),IF(SUMIFS(CONFIG_PALLETS!$D:$D,CONFIG_PALLETS!$A:$A,"GERAL",CONFIG_PALLETS!$B:$B,$C5&" ml")>0,SUMIFS(CONFIG_PALLETS!$D:$D,CONFIG_PALLETS!$A:$A,"GERAL",CONFIG_PALLETS!$B:$B,$C5&" ml"),12))) | J5: =IF(D5="","",ROUNDUP(D5/IF(AND(C5="600 ml",ISNUMBER(SEARCH("NORCAU",B5))),95,IF(AND(C5="600 ml",ISNUMBER(SEARCH("APURATOS",B5))),190,IF(C5="600 ml",95,IF(C5="400 ml",125,IF(C5="200 ml",330,IF(C5="180 ml",240,1)))))),0)) | L5: =IF(H5="","",H5) | N5: =IF(I5="","",I5)
B6: UNTA FACIL | C6: 600 | D6: 1330 | E6: CX | F6: =IF($B6="","",IF(SUMIFS(CONFIG_PALLETS!$C:$C,CONFIG_PALLETS!$A:$A,TRIM($B6),CONFIG_PALLETS!$B:$B,$C6&" ml")>0,SUMIFS(CONFIG_PALLETS!$C:$C,CONFIG_PALLETS!$A:$A,TRIM($B6),CONFIG_PALLETS!$B:$B,$C6&" ml"),IF(SUMIFS(CONFIG_PALLETS!$C:$C,CONFIG_PALLETS!$A:$A,"GERAL",CONFIG_PALLETS!$B:$B,$C6&" ml")>0,SUMIFS(CONFIG_PALLETS!$C:$C,CONFIG_PALLETS!$A:$A,"GERAL",CONFIG_PALLETS!$B:$B,$C6&" ml"),""))) | G6: =IFERROR(ROUNDUP(D6/F6,0),"") | H6: 506 | I6: =IF(H6="","",H6*IF(SUMIFS(CONFIG_PALLETS!$D:$D,CONFIG_PALLETS!$A:$A,IF(ISNUMBER(SEARCH("ESPUMA",$B6)),"ESPUMA",IF(OR(ISNUMBER(SEARCH("OLEO DE COCO",$B6)),ISNUMBER(SEARCH("ÓLEO DE COCO",$B6)),ISNUMBER(SEARCH("COPRA",$B6))),"ÓLEO DE COCO",IF(ISNUMBER(SEARCH("CORANTE",$B6)),"CORANTE",TRIM($B6)))),CONFIG_PALLETS!$B:$B,$C6&" ml")>0,SUMIFS(CONFIG_PALLETS!$D:$D,CONFIG_PALLETS!$A:$A,IF(ISNUMBER(SEARCH("ESPUMA",$B6)),"ESPUMA",IF(OR(ISNUMBER(SEARCH("OLEO DE COCO",$B6)),ISNUMBER(SEARCH("ÓLEO DE COCO",$B6)),ISNUMBER(SEARCH("COPRA",$B6))),"ÓLEO DE COCO",IF(ISNUMBER(SEARCH("CORANTE",$B6)),"CORANTE",TRIM($B6)))),CONFIG_PALLETS!$B:$B,$C6&" ml"),IF(SUMIFS(CONFIG_PALLETS!$D:$D,CONFIG_PALLETS!$A:$A,"GERAL",CONFIG_PALLETS!$B:$B,$C6&" ml")>0,SUMIFS(CONFIG_PALLETS!$D:$D,CONFIG_PALLETS!$A:$A,"GERAL",CONFIG_PALLETS!$B:$B,$C6&" ml"),12))) | J6: =IF(D6="","",ROUNDUP(D6/IF(AND(C6="600 ml",ISNUMBER(SEARCH("NORCAU",B6))),95,IF(AND(C6="600 ml",ISNUMBER(SEARCH("APURATOS",B6))),190,IF(C6="600 ml",95,IF(C6="400 ml",125,IF(C6="200 ml",330,IF(C6="180 ml",240,1)))))),0)) | L6: =IF(H6="","",H6) | N6: =IF(I6="","",I6)
E7: CX | F7: =IF($B7="","",IF(SUMIFS(CONFIG_PALLETS!$C:$C,CONFIG_PALLETS!$A:$A,TRIM($B7),CONFIG_PALLETS!$B:$B,$C7&" ml")>0,SUMIFS(CONFIG_PALLETS!$C:$C,CONFIG_PALLETS!$A:$A,TRIM($B7),CONFIG_PALLETS!$B:$B,$C7&" ml"),IF(SUMIFS(CONFIG_PALLETS!$C:$C,CONFIG_PALLETS!$A:$A,"GERAL",CONFIG_PALLETS!$B:$B,$C7&" ml")>0,SUMIFS(CONFIG_PALLETS!$C:$C,CONFIG_PALLETS!$A:$A,"GERAL",CONFIG_PALLETS!$B:$B,$C7&" ml"),""))) | G7: =IFERROR(ROUNDUP(D7/F7,0),"") | I7: =IF(H7="","",H7*IF(SUMIFS(CONFIG_PALLETS!$D:$D,CONFIG_PALLETS!$A:$A,IF(ISNUMBER(SEARCH("ESPUMA",$B7)),"ESPUMA",IF(OR(ISNUMBER(SEARCH("OLEO DE COCO",$B7)),ISNUMBER(SEARCH("ÓLEO DE COCO",$B7)),ISNUMBER(SEARCH("COPRA",$B7))),"ÓLEO DE COCO",IF(ISNUMBER(SEARCH("CORANTE",$B7)),"CORANTE",TRIM($B7)))),CONFIG_PALLETS!$B:$B,$C7&" ml")>0,SUMIFS(CONFIG_PALLETS!$D:$D,CONFIG_PALLETS!$A:$A,IF(ISNUMBER(SEARCH("ESPUMA",$B7)),"ESPUMA",IF(OR(ISNUMBER(SEARCH("OLEO DE COCO",$B7)),ISNUMBER(SEARCH("ÓLEO DE COCO",$B7)),ISNUMBER(SEARCH("COPRA",$B7))),"ÓLEO DE COCO",IF(ISNUMBER(SEARCH("CORANTE",$B7)),"CORANTE",TRIM($B7)))),CONFIG_PALLETS!$B:$B,$C7&" ml"),IF(SUMIFS(CONFIG_PALLETS!$D:$D,CONFIG_PALLETS!$A:$A,"GERAL",CONFIG_PALLETS!$B:$B,$C7&" ml")>0,SUMIFS(CONFIG_PALLETS!$D:$D,CONFIG_PALLETS!$A:$A,"GERAL",CONFIG_PALLETS!$B:$B,$C7&" ml"),12))) | J7: =IF(D7="","",ROUNDUP(D7/IF(AND(C7="600 ml",ISNUMBER(SEARCH("NORCAU",B7))),95,IF(AND(C7="600 ml",ISNUMBER(SEARCH("APURATOS",B7))),190,IF(C7="600 ml",95,IF(C7="400 ml",125,IF(C7="200 ml",330,IF(C7="180 ml",240,1)))))),0)) | L7: =IF(H7="","",H7) | N7: =IF(I7="","",I7)
J8: =IF(D8="","",ROUNDUP(D8/IF(AND(C8="600 ml",ISNUMBER(SEARCH("NORCAU",B8))),95,IF(AND(C8="600 ml",ISNUMBER(SEARCH("APURATOS",B8))),190,IF(C8="600 ml",95,IF(C8="400 ml",125,IF(C8="200 ml",330,IF(C8="180 ml",240,1)))))),0)) | L8: =IF(H8="","",H8) | N8: =IF(I8="","",I8)
B9: TOTAL | D9: =IF(J9="","",TEXT(J9,"#,##0")) | G9: =IF(K9="","",TEXT(K9,"#,##0")) | H9: =IF(L9="","",TEXT(L9,"#,##0")) | I9: =IF(M9="","",TEXT(M9,"#,##0")) | J9: =SUM(D4:D8) | K9: =SUM(G4:G8) | L9: =SUM(H4:H8) | M9: =SUM(I4:I8) | N9: =IF(I9="","",I9) | O9: =SUM(N5:N8)
J10: =IF(D10="","",ROUNDUP(D10/IF(AND(C10="600 ml",ISNUMBER(SEARCH("NORCAU",B10))),95,IF(AND(C10="600 ml",ISNUMBER(SEARCH("APURATOS",B10))),190,IF(C10="600 ml",95,IF(C10="400 ml",125,IF(C10="200 ml",330,IF(C10="180 ml",240,1)))))),0)) | L10: =IF(H10="","",H10) | N10: =IF(I10="","",I10)
A11: 46056 | B11: PRODUTO | C11: EMBALAGEM | D11: CAIXAS | E11: UN | F11: CX/PALLET | G11: PALLETS (PBR) | H11: REAL (CX) | I11: TOTAL LATAS
J12: =IF(D12="","",ROUNDUP(D12/IF(AND(C12="600 ml",ISNUMBER(SEARCH("NORCAU",B12))),95,IF(AND(C12="600 ml",ISNUMBER(SEARCH("APURATOS",B12))),190,IF(C12="600 ml",95,IF(C12="400 ml",125,IF(C12="200 ml",330,IF(C12="180 ml",240,1)))))),0)) | L12: =IF(H12="","",H12) | N12: =IF(I12="","",I12) | P12: PARAMOS ÀS 11:20, GÁS ACABOU. VOLTAMOS 15:00.
A13: 600 | B13: UNTA FACIL | C13: 600 | D13: =D6-L6 | E13: CX | F13: =IF($B13="","",IF(SUMIFS(CONFIG_PALLETS!$C:$C,CONFIG_PALLETS!$A:$A,TRIM($B13),CONFIG_PALLETS!$B:$B,$C13&" ml")>0,SUMIFS(CONFIG_PALLETS!$C:$C,CONFIG_PALLETS!$A:$A,TRIM($B13),CONFIG_PALLETS!$B:$B,$C13&" ml"),IF(SUMIFS(CONFIG_PALLETS!$C:$C,CONFIG_PALLETS!$A:$A,"GERAL",CONFIG_PALLETS!$B:$B,$C13&" ml")>0,SUMIFS(CONFIG_PALLETS!$C:$C,CONFIG_PALLETS!$A:$A,"GERAL",CONFIG_PALLETS!$B:$B,$C13&" ml"),""))) | G13: =IFERROR(ROUNDUP(D13/F13,0),"") | H13: 702 | I13: =IF(H13="","",H13*IF(SUMIFS(CONFIG_PALLETS!$D:$D,CONFIG_PALLETS!$A:$A,IF(ISNUMBER(SEARCH("ESPUMA",$B13)),"ESPUMA",IF(OR(ISNUMBER(SEARCH("OLEO DE COCO",$B13)),ISNUMBER(SEARCH("ÓLEO DE COCO",$B13)),ISNUMBER(SEARCH("COPRA",$B13))),"ÓLEO DE COCO",IF(ISNUMBER(SEARCH("CORANTE",$B13)),"CORANTE",TRIM($B13)))),CONFIG_PALLETS!$B:$B,$C13&" ml")>0,SUMIFS(CONFIG_PALLETS!$D:$D,CONFIG_PALLETS!$A:$A,IF(ISNUMBER(SEARCH("ESPUMA",$B13)),"ESPUMA",IF(OR(ISNUMBER(SEARCH("OLEO DE COCO",$B13)),ISNUMBER(SEARCH("ÓLEO DE COCO",$B13)),ISNUMBER(SEARCH("COPRA",$B13))),"ÓLEO DE COCO",IF(ISNUMBER(SEARCH("CORANTE",$B13)),"CORANTE",TRIM($B13)))),CONFIG_PALLETS!$B:$B,$C13&" ml"),IF(SUMIFS(CONFIG_PALLETS!$D:$D,CONFIG_PALLETS!$A:$A,"GERAL",CONFIG_PALLETS!$B:$B,$C13&" ml")>0,SUMIFS(CONFIG_PALLETS!$D:$D,CONFIG_PALLETS!$A:$A,"GERAL",CONFIG_PALLETS!$B:$B,$C13&" ml"),12))) | J13: =IF(D13="","",ROUNDUP(D13/IF(AND(C13="600 ml",ISNUMBER(SEARCH("NORCAU",B13))),95,IF(AND(C13="600 ml",ISNUMBER(SEARCH("APURATOS",B13))),190,IF(C13="600 ml",95,IF(C13="400 ml",125,IF(C13="200 ml",330,IF(C13="180 ml",240,1)))))),0)) | L13: =IF(H13="","",H13) | N13: =IF(I13="","",I13)
E14: CX | F14: =IF($B14="","",IF(SUMIFS(CONFIG_PALLETS!$C:$C,CONFIG_PALLETS!$A:$A,TRIM($B14),CONFIG_PALLETS!$B:$B,$C14&" ml")>0,SUMIFS(CONFIG_PALLETS!$C:$C,CONFIG_PALLETS!$A:$A,TRIM($B14),CONFIG_PALLETS!$B:$B,$C14&" ml"),IF(SUMIFS(CONFIG_PALLETS!$C:$C,CONFIG_PALLETS!$A:$A,"GERAL",CONFIG_PALLETS!$B:$B,$C14&" ml")>0,SUMIFS(CONFIG_PALLETS!$C:$C,CONFIG_PALLETS!$A:$A,"GERAL",CONFIG_PALLETS!$B:$B,$C14&" ml"),""))) | G14: =IFERROR(ROUNDUP(D14/F14,0),"") | I14: =IF(H14="","",H14*IF(SUMIFS(CONFIG_PALLETS!$D:$D,CONFIG_PALLETS!$A:$A,IF(ISNUMBER(SEARCH("ESPUMA",$B14)),"ESPUMA",IF(OR(ISNUMBER(SEARCH("OLEO DE COCO",$B14)),ISNUMBER(SEARCH("ÓLEO DE COCO",$B14)),ISNUMBER(SEARCH("COPRA",$B14))),"ÓLEO DE COCO",IF(ISNUMBER(SEARCH("CORANTE",$B14)),"CORANTE",TRIM($B14)))),CONFIG_PALLETS!$B:$B,$C14&" ml")>0,SUMIFS(CONFIG_PALLETS!$D:$D,CONFIG_PALLETS!$A:$A,IF(ISNUMBER(SEARCH("ESPUMA",$B14)),"ESPUMA",IF(OR(ISNUMBER(SEARCH("OLEO DE COCO",$B14)),ISNUMBER(SEARCH("ÓLEO DE COCO",$B14)),ISNUMBER(SEARCH("COPRA",$B14))),"ÓLEO DE COCO",IF(ISNUMBER(SEARCH("CORANTE",$B14)),"CORANTE",TRIM($B14)))),CONFIG_PALLETS!$B:$B,$C14&" ml"),IF(SUMIFS(CONFIG_PALLETS!$D:$D,CONFIG_PALLETS!$A:$A,"GERAL",CONFIG_PALLETS!$B:$B,$C14&" ml")>0,SUMIFS(CONFIG_PALLETS!$D:$D,CONFIG_PALLETS!$A:$A,"GERAL",CONFIG_PALLETS!$B:$B,$C14&" ml"),12))) | J14: =IF(D14="","",ROUNDUP(D14/IF(AND(C14="600 ml",ISNUMBER(SEARCH("NORCAU",B14))),95,IF(AND(C14="600 ml",ISNUMBER(SEARCH("APURATOS",B14))),190,IF(C14="600 ml",95,IF(C14="400 ml",125,IF(C14="200 ml",330,IF(C14="180 ml",240,1)))))),0)) | L14: =IF(H14="","",H14) | N14: =IF(I14="","",I14)
E15: CX | F15: =IF($B15="","",IF(SUMIFS(CONFIG_PALLETS!$C:$C,CONFIG_PALLETS!$A:$A,TRIM($B15),CONFIG_PALLETS!$B:$B,$C15&" ml")>0,SUMIFS(CONFIG_PALLETS!$C:$C,CONFIG_PALLETS!$A:$A,TRIM($B15),CONFIG_PALLETS!$B:$B,$C15&" ml"),IF(SUMIFS(CONFIG_PALLETS!$C:$C,CONFIG_PALLETS!$A:$A,"GERAL",CONFIG_PALLETS!$B:$B,$C15&" ml")>0,SUMIFS(CONFIG_PALLETS!$C:$C,CONFIG_PALLETS!$A:$A,"GERAL",CONFIG_PALLETS!$B:$B,$C15&" ml"),""))) | G15: =IFERROR(ROUNDUP(D15/F15,0),"") | I15: =IF(H15="","",H15*IF(SUMIFS(CONFIG_PALLETS!$D:$D,CONFIG_PALLETS!$A:$A,IF(ISNUMBER(SEARCH("ESPUMA",$B15)),"ESPUMA",IF(OR(ISNUMBER(SEARCH("OLEO DE COCO",$B15)),ISNUMBER(SEARCH("ÓLEO DE COCO",$B15)),ISNUMBER(SEARCH("COPRA",$B15))),"ÓLEO DE COCO",IF(ISNUMBER(SEARCH("CORANTE",$B15)),"CORANTE",TRIM($B15)))),CONFIG_PALLETS!$B:$B,$C15&" ml")>0,SUMIFS(CONFIG_PALLETS!$D:$D,CONFIG_PALLETS!$A:$A,IF(ISNUMBER(SEARCH("ESPUMA",$B15)),"ESPUMA",IF(OR(ISNUMBER(SEARCH("OLEO DE COCO",$B15)),ISNUMBER(SEARCH("ÓLEO DE COCO",$B15)),ISNUMBER(SEARCH("COPRA",$B15))),"ÓLEO DE COCO",IF(ISNUMBER(SEARCH("CORANTE",$B15)),"CORANTE",TRIM($B15)))),CONFIG_PALLETS!$B:$B,$C15&" ml"),IF(SUMIFS(CONFIG_PALLETS!$D:$D,CONFIG_PALLETS!$A:$A,"GERAL",CONFIG_PALLETS!$B:$B,$C15&" ml")>0,SUMIFS(CONFIG_PALLETS!$D:$D,CONFIG_PALLETS!$A:$A,"GERAL",CONFIG_PALLETS!$B:$B,$C15&" ml"),12))) | J15: =IF(D15="","",ROUNDUP(D15/IF(AND(C15="600 ml",ISNUMBER(SEARCH("NORCAU",B15))),95,IF(AND(C15="600 ml",ISNUMBER(SEARCH("APURATOS",B15))),190,IF(C15="600 ml",95,IF(C15="400 ml",125,IF(C15="200 ml",330,IF(C15="180 ml",240,1)))))),0)) | L15: =IF(H15="","",H15) | N15: =IF(I15="","",I15)
J16: =IF(D16="","",ROUNDUP(D16/IF(AND(C16="600 ml",ISNUMBER(SEARCH("NORCAU",B16))),95,IF(AND(C16="600 ml",ISNUMBER(SEARCH("APURATOS",B16))),190,IF(C16="600 ml",95,IF(C16="400 ml",125,IF(C16="200 ml",330,IF(C16="180 ml",240,1)))))),0)) | L16: =IF(H16="","",H16) | N16: =IF(I16="","",I16)
B17: TOTAL | D17: =IF(J17="","",TEXT(J17,"#,##0")) | G17: =IF(K17="","",TEXT(K17,"#,##0")) | H17: =IF(L17="","",TEXT(L17,"#,##0")) | I17: =IF(M17="","",TEXT(M17,"#,##0")) | J17: =SUM(D12:D16) | K17: =SUM(G12:G16) | L17: =SUM(H12:H16) | M17: =SUM(I12:I16) | N17: =IF(I17="","",I17) | O17: =SUM(N13:N16)
J18: =IF(D18="","",ROUNDUP(D18/IF(AND(C18="600 ml",ISNUMBER(SEARCH("NORCAU",B18))),95,IF(AND(C18="600 ml",ISNUMBER(SEARCH("APURATOS",B18))),190,IF(C18="600 ml",95,IF(C18="400 ml",125,IF(C18="200 ml",330,IF(C18="180 ml",240,1)))))),0)) | L18: =IF(H18="","",H18) | N18: =IF(I18="","",I18)
A19: 46057 | B19: PRODUTO | C19: EMBALAGEM | D19: CAIXAS | E19: UN | F19: CX/PALLET | G19: PALLETS (PBR) | H19: REAL (CX) | I19: TOTAL LATAS
J20: =IF(D20="","",ROUNDUP(D20/IF(AND(C20="600 ml",ISNUMBER(SEARCH("NORCAU",B20))),95,IF(AND(C20="600 ml",ISNUMBER(SEARCH("APURATOS",B20))),190,IF(C20="600 ml",95,IF(C20="400 ml",125,IF(C20="200 ml",330,IF(C20="180 ml",240,1)))))),0)) | L20: =IF(H20="","",H20) | N20: =IF(I20="","",I20) | P20: PARAMOS ÀS 10:00, GÁS ACABOU. VOLTAMOS 13:00.
A21: 600 | B21: UNTA FACIL | C21: 600 | D21: =D13-L13 | E21: CX | F21: =IF($B21="","",IF(SUMIFS(CONFIG_PALLETS!$C:$C,CONFIG_PALLETS!$A:$A,TRIM($B21),CONFIG_PALLETS!$B:$B,$C21&" ml")>0,SUMIFS(CONFIG_PALLETS!$C:$C,CONFIG_PALLETS!$A:$A,TRIM($B21),CONFIG_PALLETS!$B:$B,$C21&" ml"),IF(SUMIFS(CONFIG_PALLETS!$C:$C,CONFIG_PALLETS!$A:$A,"GERAL",CONFIG_PALLETS!$B:$B,$C21&" ml")>0,SUMIFS(CONFIG_PALLETS!$C:$C,CONFIG_PALLETS!$A:$A,"GERAL",CONFIG_PALLETS!$B:$B,$C21&" ml"),""))) | G21: =IFERROR(ROUNDUP(D21/F21,0),"") | H21: 139 | I21: =IF(H21="","",H21*IF(SUMIFS(CONFIG_PALLETS!$D:$D,CONFIG_PALLETS!$A:$A,IF(ISNUMBER(SEARCH("ESPUMA",$B21)),"ESPUMA",IF(OR(ISNUMBER(SEARCH("OLEO DE COCO",$B21)),ISNUMBER(SEARCH("ÓLEO DE COCO",$B21)),ISNUMBER(SEARCH("COPRA",$B21))),"ÓLEO DE COCO",IF(ISNUMBER(SEARCH("CORANTE",$B21)),"CORANTE",TRIM($B21)))),CONFIG_PALLETS!$B:$B,$C21&" ml")>0,SUMIFS(CONFIG_PALLETS!$D:$D,CONFIG_PALLETS!$A:$A,IF(ISNUMBER(SEARCH("ESPUMA",$B21)),"ESPUMA",IF(OR(ISNUMBER(SEARCH("OLEO DE COCO",$B21)),ISNUMBER(SEARCH("ÓLEO DE COCO",$B21)),ISNUMBER(SEARCH("COPRA",$B21))),"ÓLEO DE COCO",IF(ISNUMBER(SEARCH("CORANTE",$B21)),"CORANTE",TRIM($B21)))),CONFIG_PALLETS!$B:$B,$C21&" ml"),IF(SUMIFS(CONFIG_PALLETS!$D:$D,CONFIG_PALLETS!$A:$A,"GERAL",CONFIG_PALLETS!$B:$B,$C21&" ml")>0,SUMIFS(CONFIG_PALLETS!$D:$D,CONFIG_PALLETS!$A:$A,"GERAL",CONFIG_PALLETS!$B:$B,$C21&" ml"),12))) | J21: =IF(D21="","",ROUNDUP(D21/IF(AND(C21="600 ml",ISNUMBER(SEARCH("NORCAU",B21))),95,IF(AND(C21="600 ml",ISNUMBER(SEARCH("APURATOS",B21))),190,IF(C21="600 ml",95,IF(C21="400 ml",125,IF(C21="200 ml",330,IF(C21="180 ml",240,1)))))),0)) | L21: =IF(H21="","",H21) | N21: =IF(I21="","",I21)
B22: PURATOS | C22: 600 | D22: 1330 | E22: CX | F22: =IF($B22="","",IF(SUMIFS(CONFIG_PALLETS!$C:$C,CONFIG_PALLETS!$A:$A,TRIM($B22),CONFIG_PALLETS!$B:$B,$C22&" ml")>0,SUMIFS(CONFIG_PALLETS!$C:$C,CONFIG_PALLETS!$A:$A,TRIM($B22),CONFIG_PALLETS!$B:$B,$C22&" ml"),IF(SUMIFS(CONFIG_PALLETS!$C:$C,CONFIG_PALLETS!$A:$A,"GERAL",CONFIG_PALLETS!$B:$B,$C22&" ml")>0,SUMIFS(CONFIG_PALLETS!$C:$C,CONFIG_PALLETS!$A:$A,"GERAL",CONFIG_PALLETS!$B:$B,$C22&" ml"),""))) | G22: =IFERROR(ROUNDUP(D22/F22,0),"") | H22: 1055 | I22: =IF(H22="","",H22*IF(SUMIFS(CONFIG_PALLETS!$D:$D,CONFIG_PALLETS!$A:$A,IF(ISNUMBER(SEARCH("ESPUMA",$B22)),"ESPUMA",IF(OR(ISNUMBER(SEARCH("OLEO DE COCO",$B22)),ISNUMBER(SEARCH("ÓLEO DE COCO",$B22)),ISNUMBER(SEARCH("COPRA",$B22))),"ÓLEO DE COCO",IF(ISNUMBER(SEARCH("CORANTE",$B22)),"CORANTE",TRIM($B22)))),CONFIG_PALLETS!$B:$B,$C22&" ml")>0,SUMIFS(CONFIG_PALLETS!$D:$D,CONFIG_PALLETS!$A:$A,IF(ISNUMBER(SEARCH("ESPUMA",$B22)),"ESPUMA",IF(OR(ISNUMBER(SEARCH("OLEO DE COCO",$B22)),ISNUMBER(SEARCH("ÓLEO DE COCO",$B22)),ISNUMBER(SEARCH("COPRA",$B22))),"ÓLEO DE COCO",IF(ISNUMBER(SEARCH("CORANTE",$B22)),"CORANTE",TRIM($B22)))),CONFIG_PALLETS!$B:$B,$C22&" ml"),IF(SUMIFS(CONFIG_PALLETS!$D:$D,CONFIG_PALLETS!$A:$A,"GERAL",CONFIG_PALLETS!$B:$B,$C22&" ml")>0,SUMIFS(CONFIG_PALLETS!$D:$D,CONFIG_PALLETS!$A:$A,"GERAL",CONFIG_PALLETS!$B:$B,$C22&" ml"),12))) | J22: =IF(D22="","",ROUNDUP(D22/IF(AND(C22="600 ml",ISNUMBER(SEARCH("NORCAU",B22))),95,IF(AND(C22="600 ml",ISNUMBER(SEARCH("APURATOS",B22))),190,IF(C22="600 ml",95,IF(C22="400 ml",125,IF(C22="200 ml",330,IF(C22="180 ml",240,1)))))),0)) | L22: =IF(H22="","",H22) | N22: =IF(I22="","",I22)
E23: CX | F23: =IF($B23="","",IF(SUMIFS(CONFIG_PALLETS!$C:$C,CONFIG_PALLETS!$A:$A,TRIM($B23),CONFIG_PALLETS!$B:$B,$C23&" ml")>0,SUMIFS(CONFIG_PALLETS!$C:$C,CONFIG_PALLETS!$A:$A,TRIM($B23),CONFIG_PALLETS!$B:$B,$C23&" ml"),IF(SUMIFS(CONFIG_PALLETS!$C:$C,CONFIG_PALLETS!$A:$A,"GERAL",CONFIG_PALLETS!$B:$B,$C23&" ml")>0,SUMIFS(CONFIG_PALLETS!$C:$C,CONFIG_PALLETS!$A:$A,"GERAL",CONFIG_PALLETS!$B:$B,$C23&" ml"),""))) | G23: =IFERROR(ROUNDUP(D23/F23,0),"") | I23: =IF(H23="","",H23*IF(SUMIFS(CONFIG_PALLETS!$D:$D,CONFIG_PALLETS!$A:$A,IF(ISNUMBER(SEARCH("ESPUMA",$B23)),"ESPUMA",IF(OR(ISNUMBER(SEARCH("OLEO DE COCO",$B23)),ISNUMBER(SEARCH("ÓLEO DE COCO",$B23)),ISNUMBER(SEARCH("COPRA",$B23))),"ÓLEO DE COCO",IF(ISNUMBER(SEARCH("CORANTE",$B23)),"CORANTE",TRIM($B23)))),CONFIG_PALLETS!$B:$B,$C23&" ml")>0,SUMIFS(CONFIG_PALLETS!$D:$D,CONFIG_PALLETS!$A:$A,IF(ISNUMBER(SEARCH("ESPUMA",$B23)),"ESPUMA",IF(OR(ISNUMBER(SEARCH("OLEO DE COCO",$B23)),ISNUMBER(SEARCH("ÓLEO DE COCO",$B23)),ISNUMBER(SEARCH("COPRA",$B23))),"ÓLEO DE COCO",IF(ISNUMBER(SEARCH("CORANTE",$B23)),"CORANTE",TRIM($B23)))),CONFIG_PALLETS!$B:$B,$C23&" ml"),IF(SUMIFS(CONFIG_PALLETS!$D:$D,CONFIG_PALLETS!$A:$A,"GERAL",CONFIG_PALLETS!$B:$B,$C23&" ml")>0,SUMIFS(CONFIG_PALLETS!$D:$D,CONFIG_PALLETS!$A:$A,"GERAL",CONFIG_PALLETS!$B:$B,$C23&" ml"),12))) | J23: =IF(D23="","",ROUNDUP(D23/IF(AND(C23="600 ml",ISNUMBER(SEARCH("NORCAU",B23))),95,IF(AND(C23="600 ml",ISNUMBER(SEARCH("APURATOS",B23))),190,IF(C23="600 ml",95,IF(C23="400 ml",125,IF(C23="200 ml",330,IF(C23="180 ml",240,1)))))),0)) | L23: =IF(H23="","",H23) | N23: =IF(I23="","",I23)
J24: =IF(D24="","",ROUNDUP(D24/IF(AND(C24="600 ml",ISNUMBER(SEARCH("NORCAU",B24))),95,IF(AND(C24="600 ml",ISNUMBER(SEARCH("APURATOS",B24))),190,IF(C24="600 ml",95,IF(C24="400 ml",125,IF(C24="200 ml",330,IF(C24="180 ml",240,1)))))),0)) | L24: =IF(H24="","",H24) | N24: =IF(I24="","",I24)
B25: TOTAL | D25: =IF(J25="","",TEXT(J25,"#,##0")) | G25: =IF(K25="","",TEXT(K25,"#,##0")) | H25: =IF(L25="","",TEXT(L25,"#,##0")) | I25: =IF(M25="","",TEXT(M25,"#,##0")) | J25: =SUM(D20:D24) | K25: =SUM(G20:G24) | L25: =SUM(H20:H24) | M25: =SUM(I20:I24) | N25: =IF(I25="","",I25) | O25: =SUM(N21:N24)
J26: =IF(D26="","",ROUNDUP(D26/IF(AND(C26="600 ml",ISNUMBER(SEARCH("NORCAU",B26))),95,IF(AND(C26="600 ml",ISNUMBER(SEARCH("APURATOS",B26))),190,IF(C26="600 ml",95,IF(C26="400 ml",125,IF(C26="200 ml",330,IF(C26="180 ml",240,1)))))),0)) | L26: =IF(H26="","",H26) | N26: =IF(I26="","",I26)
A27: 46058 | B27: PRODUTO | C27: EMBALAGEM | D27: CAIXAS | E27: UN | F27: CX/PALLET | G27: PALLETS (PBR) | H27: REAL (CX) | I27: TOTAL LATAS
J28: =IF(D28="","",ROUNDUP(D28/IF(AND(C28="600 ml",ISNUMBER(SEARCH("NORCAU",B28))),95,IF(AND(C28="600 ml",ISNUMBER(SEARCH("APURATOS",B28))),190,IF(C28="600 ml",95,IF(C28="400 ml",125,IF(C28="200 ml",330,IF(C28="180 ml",240,1)))))),0)) | L28: =IF(H28="","",H28) | N28: =IF(I28="","",I28) | P28: PARAMOS ÀS 13:30, AS DUAS BOMBAS DE GÁS PARARAM.
A29: 600 | B29: PURATOS | C29: 600 | D29: =D22-L22 | E29: CX | F29: =IF($B29="","",IF(SUMIFS(CONFIG_PALLETS!$C:$C,CONFIG_PALLETS!$A:$A,TRIM($B29),CONFIG_PALLETS!$B:$B,$C29&" ml")>0,SUMIFS(CONFIG_PALLETS!$C:$C,CONFIG_PALLETS!$A:$A,TRIM($B29),CONFIG_PALLETS!$B:$B,$C29&" ml"),IF(SUMIFS(CONFIG_PALLETS!$C:$C,CONFIG_PALLETS!$A:$A,"GERAL",CONFIG_PALLETS!$B:$B,$C29&" ml")>0,SUMIFS(CONFIG_PALLETS!$C:$C,CONFIG_PALLETS!$A:$A,"GERAL",CONFIG_PALLETS!$B:$B,$C29&" ml"),""))) | G29: =IFERROR(ROUNDUP(D29/F29,0),"") | H29: 357 | I29: =IF(H29="","",H29*IF(SUMIFS(CONFIG_PALLETS!$D:$D,CONFIG_PALLETS!$A:$A,IF(ISNUMBER(SEARCH("ESPUMA",$B29)),"ESPUMA",IF(OR(ISNUMBER(SEARCH("OLEO DE COCO",$B29)),ISNUMBER(SEARCH("ÓLEO DE COCO",$B29)),ISNUMBER(SEARCH("COPRA",$B29))),"ÓLEO DE COCO",IF(ISNUMBER(SEARCH("CORANTE",$B29)),"CORANTE",TRIM($B29)))),CONFIG_PALLETS!$B:$B,$C29&" ml")>0,SUMIFS(CONFIG_PALLETS!$D:$D,CONFIG_PALLETS!$A:$A,IF(ISNUMBER(SEARCH("ESPUMA",$B29)),"ESPUMA",IF(OR(ISNUMBER(SEARCH("OLEO DE COCO",$B29)),ISNUMBER(SEARCH("ÓLEO DE COCO",$B29)),ISNUMBER(SEARCH("COPRA",$B29))),"ÓLEO DE COCO",IF(ISNUMBER(SEARCH("CORANTE",$B29)),"CORANTE",TRIM($B29)))),CONFIG_PALLETS!$B:$B,$C29&" ml"),IF(SUMIFS(CONFIG_PALLETS!$D:$D,CONFIG_PALLETS!$A:$A,"GERAL",CONFIG_PALLETS!$B:$B,$C29&" ml")>0,SUMIFS(CONFIG_PALLETS!$D:$D,CONFIG_PALLETS!$A:$A,"GERAL",CONFIG_PALLETS!$B:$B,$C29&" ml"),12))) | J29: =IF(D29="","",ROUNDUP(D29/IF(AND(C29="600 ml",ISNUMBER(SEARCH("NORCAU",B29))),95,IF(AND(C29="600 ml",ISNUMBER(SEARCH("APURATOS",B29))),190,IF(C29="600 ml",95,IF(C29="400 ml",125,IF(C29="200 ml",330,IF(C29="180 ml",240,1)))))),0)) | L29: =IF(H29="","",H29) | N29: =IF(I29="","",I29)
B30: ITAIQUARA | C30: 600 | D30: 190 | E30: CX | F30: =IF($B30="","",IF(SUMIFS(CONFIG_PALLETS!$C:$C,CONFIG_PALLETS!$A:$A,TRIM($B30),CONFIG_PALLETS!$B:$B,$C30&" ml")>0,SUMIFS(CONFIG_PALLETS!$C:$C,CONFIG_PALLETS!$A:$A,TRIM($B30),CONFIG_PALLETS!$B:$B,$C30&" ml"),IF(SUMIFS(CONFIG_PALLETS!$C:$C,CONFIG_PALLETS!$A:$A,"GERAL",CONFIG_PALLETS!$B:$B,$C30&" ml")>0,SUMIFS(CONFIG_PALLETS!$C:$C,CONFIG_PALLETS!$A:$A,"GERAL",CONFIG_PALLETS!$B:$B,$C30&" ml"),""))) | G30: =IFERROR(ROUNDUP(D30/F30,0),"") | H30: 117 | I30: =IF(H30="","",H30*IF(SUMIFS(CONFIG_PALLETS!$D:$D,CONFIG_PALLETS!$A:$A,IF(ISNUMBER(SEARCH("ESPUMA",$B30)),"ESPUMA",IF(OR(ISNUMBER(SEARCH("OLEO DE COCO",$B30)),ISNUMBER(SEARCH("ÓLEO DE COCO",$B30)),ISNUMBER(SEARCH("COPRA",$B30))),"ÓLEO DE COCO",IF(ISNUMBER(SEARCH("CORANTE",$B30)),"CORANTE",TRIM($B30)))),CONFIG_PALLETS!$B:$B,$C30&" ml")>0,SUMIFS(CONFIG_PALLETS!$D:$D,CONFIG_PALLETS!$A:$A,IF(ISNUMBER(SEARCH("ESPUMA",$B30)),"ESPUMA",IF(OR(ISNUMBER(SEARCH("OLEO DE COCO",$B30)),ISNUMBER(SEARCH("ÓLEO DE COCO",$B30)),ISNUMBER(SEARCH("COPRA",$B30))),"ÓLEO DE COCO",IF(ISNUMBER(SEARCH("CORANTE",$B30)),"CORANTE",TRIM($B30)))),CONFIG_PALLETS!$B:$B,$C30&" ml"),IF(SUMIFS(CONFIG_PALLETS!$D:$D,CONFIG_PALLETS!$A:$A,"GERAL",CONFIG_PALLETS!$B:$B,$C30&" ml")>0,SUMIFS(CONFIG_PALLETS!$D:$D,CONFIG_PALLETS!$A:$A,"GERAL",CONFIG_PALLETS!$B:$B,$C30&" ml"),12))) | J30: =IF(D30="","",ROUNDUP(D30/IF(AND(C30="600 ml",ISNUMBER(SEARCH("NORCAU",B30))),95,IF(AND(C30="600 ml",ISNUMBER(SEARCH("APURATOS",B30))),190,IF(C30="600 ml",95,IF(C30="400 ml",125,IF(C30="200 ml",330,IF(C30="180 ml",240,1)))))),0)) | L30: =IF(H30="","",H30) | N30: =IF(I30="","",I30)
B31: VIA PANE | C31: 600 | D31: 100 | E31: CX | F31: =IF($B31="","",IF(SUMIFS(CONFIG_PALLETS!$C:$C,CONFIG_PALLETS!$A:$A,TRIM($B31),CONFIG_PALLETS!$B:$B,$C31&" ml")>0,SUMIFS(CONFIG_PALLETS!$C:$C,CONFIG_PALLETS!$A:$A,TRIM($B31),CONFIG_PALLETS!$B:$B,$C31&" ml"),IF(SUMIFS(CONFIG_PALLETS!$C:$C,CONFIG_PALLETS!$A:$A,"GERAL",CONFIG_PALLETS!$B:$B,$C31&" ml")>0,SUMIFS(CONFIG_PALLETS!$C:$C,CONFIG_PALLETS!$A:$A,"GERAL",CONFIG_PALLETS!$B:$B,$C31&" ml"),""))) | G31: =IFERROR(ROUNDUP(D31/F31,0),"") | H31: 101 | I31: =IF(H31="","",H31*IF(SUMIFS(CONFIG_PALLETS!$D:$D,CONFIG_PALLETS!$A:$A,IF(ISNUMBER(SEARCH("ESPUMA",$B31)),"ESPUMA",IF(OR(ISNUMBER(SEARCH("OLEO DE COCO",$B31)),ISNUMBER(SEARCH("ÓLEO DE COCO",$B31)),ISNUMBER(SEARCH("COPRA",$B31))),"ÓLEO DE COCO",IF(ISNUMBER(SEARCH("CORANTE",$B31)),"CORANTE",TRIM($B31)))),CONFIG_PALLETS!$B:$B,$C31&" ml")>0,SUMIFS(CONFIG_PALLETS!$D:$D,CONFIG_PALLETS!$A:$A,IF(ISNUMBER(SEARCH("ESPUMA",$B31)),"ESPUMA",IF(OR(ISNUMBER(SEARCH("OLEO DE COCO",$B31)),ISNUMBER(SEARCH("ÓLEO DE COCO",$B31)),ISNUMBER(SEARCH("COPRA",$B31))),"ÓLEO DE COCO",IF(ISNUMBER(SEARCH("CORANTE",$B31)),"CORANTE",TRIM($B31)))),CONFIG_PALLETS!$B:$B,$C31&" ml"),IF(SUMIFS(CONFIG_PALLETS!$D:$D,CONFIG_PALLETS!$A:$A,"GERAL",CONFIG_PALLETS!$B:$B,$C31&" ml")>0,SUMIFS(CONFIG_PALLETS!$D:$D,CONFIG_PALLETS!$A:$A,"GERAL",CONFIG_PALLETS!$B:$B,$C31&" ml"),12))) | J31: =IF(D31="","",ROUNDUP(D31/IF(AND(C31="600 ml",ISNUMBER(SEARCH("NORCAU",B31))),95,IF(AND(C31="600 ml",ISNUMBER(SEARCH("APURATOS",B31))),190,IF(C31="600 ml",95,IF(C31="400 ml",125,IF(C31="200 ml",330,IF(C31="180 ml",240,1)))))),0)) | L31: =IF(H31="","",H31) | N31: =IF(I31="","",I31)
B32: ECO UNTA FACIL | C32: 600 | D32: 440 | E32: CX | F32: =IF($B32="","",IF(SUMIFS(CONFIG_PALLETS!$C:$C,CONFIG_PALLETS!$A:$A,TRIM($B32),CONFIG_PALLETS!$B:$B,$C32&" ml")>0,SUMIFS(CONFIG_PALLETS!$C:$C,CONFIG_PALLETS!$A:$A,TRIM($B32),CONFIG_PALLETS!$B:$B,$C32&" ml"),IF(SUMIFS(CONFIG_PALLETS!$C:$C,CONFIG_PALLETS!$A:$A,"GERAL",CONFIG_PALLETS!$B:$B,$C32&" ml")>0,SUMIFS(CONFIG_PALLETS!$C:$C,CONFIG_PALLETS!$A:$A,"GERAL",CONFIG_PALLETS!$B:$B,$C32&" ml"),""))) | G32: =IFERROR(ROUNDUP(D32/F32,0),"") | H32: 169 | I32: =IF(H32="","",H32*IF(SUMIFS(CONFIG_PALLETS!$D:$D,CONFIG_PALLETS!$A:$A,IF(ISNUMBER(SEARCH("ESPUMA",$B32)),"ESPUMA",IF(OR(ISNUMBER(SEARCH("OLEO DE COCO",$B32)),ISNUMBER(SEARCH("ÓLEO DE COCO",$B32)),ISNUMBER(SEARCH("COPRA",$B32))),"ÓLEO DE COCO",IF(ISNUMBER(SEARCH("CORANTE",$B32)),"CORANTE",TRIM($B32)))),CONFIG_PALLETS!$B:$B,$C32&" ml")>0,SUMIFS(CONFIG_PALLETS!$D:$D,CONFIG_PALLETS!$A:$A,IF(ISNUMBER(SEARCH("ESPUMA",$B32)),"ESPUMA",IF(OR(ISNUMBER(SEARCH("OLEO DE COCO",$B32)),ISNUMBER(SEARCH("ÓLEO DE COCO",$B32)),ISNUMBER(SEARCH("COPRA",$B32))),"ÓLEO DE COCO",IF(ISNUMBER(SEARCH("CORANTE",$B32)),"CORANTE",TRIM($B32)))),CONFIG_PALLETS!$B:$B,$C32&" ml"),IF(SUMIFS(CONFIG_PALLETS!$D:$D,CONFIG_PALLETS!$A:$A,"GERAL",CONFIG_PALLETS!$B:$B,$C32&" ml")>0,SUMIFS(CONFIG_PALLETS!$D:$D,CONFIG_PALLETS!$A:$A,"GERAL",CONFIG_PALLETS!$B:$B,$C32&" ml"),12))) | J32: =IF(D32="","",ROUNDUP(D32/IF(AND(C32="600 ml",ISNUMBER(SEARCH("NORCAU",B32))),95,IF(AND(C32="600 ml",ISNUMBER(SEARCH("APURATOS",B32))),190,IF(C32="600 ml",95,IF(C32="400 ml",125,IF(C32="200 ml",330,IF(C32="180 ml",240,1)))))),0)) | L32: =IF(H32="","",H32) | N32: =IF(I32="","",I32)
E33: CX | F33: =IF($B33="","",IF(SUMIFS(CONFIG_PALLETS!$C:$C,CONFIG_PALLETS!$A:$A,TRIM($B33),CONFIG_PALLETS!$B:$B,$C33&" ml")>0,SUMIFS(CONFIG_PALLETS!$C:$C,CONFIG_PALLETS!$A:$A,TRIM($B33),CONFIG_PALLETS!$B:$B,$C33&" ml"),IF(SUMIFS(CONFIG_PALLETS!$C:$C,CONFIG_PALLETS!$A:$A,"GERAL",CONFIG_PALLETS!$B:$B,$C33&" ml")>0,SUMIFS(CONFIG_PALLETS!$C:$C,CONFIG_PALLETS!$A:$A,"GERAL",CONFIG_PALLETS!$B:$B,$C33&" ml"),""))) | G33: =IFERROR(ROUNDUP(D33/F33,0),"") | I33: =IF(H33="","",H33*IF(SUMIFS(CONFIG_PALLETS!$D:$D,CONFIG_PALLETS!$A:$A,IF(ISNUMBER(SEARCH("ESPUMA",$B33)),"ESPUMA",IF(OR(ISNUMBER(SEARCH("OLEO DE COCO",$B33)),ISNUMBER(SEARCH("ÓLEO DE COCO",$B33)),ISNUMBER(SEARCH("COPRA",$B33))),"ÓLEO DE COCO",IF(ISNUMBER(SEARCH("CORANTE",$B33)),"CORANTE",TRIM($B33)))),CONFIG_PALLETS!$B:$B,$C33&" ml")>0,SUMIFS(CONFIG_PALLETS!$D:$D,CONFIG_PALLETS!$A:$A,IF(ISNUMBER(SEARCH("ESPUMA",$B33)),"ESPUMA",IF(OR(ISNUMBER(SEARCH("OLEO DE COCO",$B33)),ISNUMBER(SEARCH("ÓLEO DE COCO",$B33)),ISNUMBER(SEARCH("COPRA",$B33))),"ÓLEO DE COCO",IF(ISNUMBER(SEARCH("CORANTE",$B33)),"CORANTE",TRIM($B33)))),CONFIG_PALLETS!$B:$B,$C33&" ml"),IF(SUMIFS(CONFIG_PALLETS!$D:$D,CONFIG_PALLETS!$A:$A,"GERAL",CONFIG_PALLETS!$B:$B,$C33&" ml")>0,SUMIFS(CONFIG_PALLETS!$D:$D,CONFIG_PALLETS!$A:$A,"GERAL",CONFIG_PALLETS!$B:$B,$C33&" ml"),12))) | J33: =IF(D33="","",ROUNDUP(D33/IF(AND(C33="600 ml",ISNUMBER(SEARCH("NORCAU",B33))),95,IF(AND(C33="600 ml",ISNUMBER(SEARCH("APURATOS",B33))),190,IF(C33="600 ml",95,IF(C33="400 ml",125,IF(C33="200 ml",330,IF(C33="180 ml",240,1)))))),0)) | L33: =IF(H33="","",H33) | N33: =IF(I33="","",I33)
J34: =IF(D34="","",ROUNDUP(D34/IF(AND(C34="600 ml",ISNUMBER(SEARCH("NORCAU",B34))),95,IF(AND(C34="600 ml",ISNUMBER(SEARCH("APURATOS",B34))),190,IF(C34="600 ml",95,IF(C34="400 ml",125,IF(C34="200 ml",330,IF(C34="180 ml",240,1)))))),0)) | L34: =IF(H34="","",H34) | N34: =IF(I34="","",I34)
B35: TOTAL | D35: =IF(J35="","",TEXT(J35,"#,##0")) | G35: =IF(K35="","",TEXT(K35,"#,##0")) | H35: =IF(L35="","",TEXT(L35,"#,##0")) | I35: =IF(M35="","",TEXT(M35,"#,##0")) | J35: =SUM(D28:D34) | K35: =SUM(G28:G34) | L35: =SUM(H28:H34) | M35: =SUM(I28:I34) | N35: =IF(I35="","",I35) | O35: =SUM(N29:N34)
J36: =IF(D36="","",ROUNDUP(D36/IF(AND(C36="600 ml",ISNUMBER(SEARCH("NORCAU",B36))),95,IF(AND(C36="600 ml",ISNUMBER(SEARCH("APURATOS",B36))),190,IF(C36="600 ml",95,IF(C36="400 ml",125,IF(C36="200 ml",330,IF(C36="180 ml",240,1)))))),0)) | L36: =IF(H36="","",H36) | N36: =IF(I36="","",I36)
A37: 46059 | B37: PRODUTO | C37: EMBALAGEM | D37: CAIXAS | E37: UN | F37: CX/PALLET | G37: PALLETS (PBR) | H37: REAL (CX) | I37: TOTAL LATAS
J38: =IF(D38="","",ROUNDUP(D38/IF(AND(C38="600 ml",ISNUMBER(SEARCH("NORCAU",B38))),95,IF(AND(C38="600 ml",ISNUMBER(SEARCH("APURATOS",B38))),190,IF(C38="600 ml",95,IF(C38="400 ml",125,IF(C38="200 ml",330,IF(C38="180 ml",240,1)))))),0)) | L38: =IF(H38="","",H38) | N38: =IF(I38="","",I38)
A39: 600 | E39: CX | F39: =IF($B39="","",IF(SUMIFS(CONFIG_PALLETS!$C:$C,CONFIG_PALLETS!$A:$A,TRIM($B39),CONFIG_PALLETS!$B:$B,$C39&" ml")>0,SUMIFS(CONFIG_PALLETS!$C:$C,CONFIG_PALLETS!$A:$A,TRIM($B39),CONFIG_PALLETS!$B:$B,$C39&" ml"),IF(SUMIFS(CONFIG_PALLETS!$C:$C,CONFIG_PALLETS!$A:$A,"GERAL",CONFIG_PALLETS!$B:$B,$C39&" ml")>0,SUMIFS(CONFIG_PALLETS!$C:$C,CONFIG_PALLETS!$A:$A,"GERAL",CONFIG_PALLETS!$B:$B,$C39&" ml"),""))) | G39: =IFERROR(ROUNDUP(D39/F39,0),"") | I39: =IF(H39="","",H39*IF(SUMIFS(CONFIG_PALLETS!$D:$D,CONFIG_PALLETS!$A:$A,IF(ISNUMBER(SEARCH("ESPUMA",$B39)),"ESPUMA",IF(OR(ISNUMBER(SEARCH("OLEO DE COCO",$B39)),ISNUMBER(SEARCH("ÓLEO DE COCO",$B39)),ISNUMBER(SEARCH("COPRA",$B39))),"ÓLEO DE COCO",IF(ISNUMBER(SEARCH("CORANTE",$B39)),"CORANTE",TRIM($B39)))),CONFIG_PALLETS!$B:$B,$C39&" ml")>0,SUMIFS(CONFIG_PALLETS!$D:$D,CONFIG_PALLETS!$A:$A,IF(ISNUMBER(SEARCH("ESPUMA",$B39)),"ESPUMA",IF(OR(ISNUMBER(SEARCH("OLEO DE COCO",$B39)),ISNUMBER(SEARCH("ÓLEO DE COCO",$B39)),ISNUMBER(SEARCH("COPRA",$B39))),"ÓLEO DE COCO",IF(ISNUMBER(SEARCH("CORANTE",$B39)),"CORANTE",TRIM($B39)))),CONFIG_PALLETS!$B:$B,$C39&" ml"),IF(SUMIFS(CONFIG_PALLETS!$D:$D,CONFIG_PALLETS!$A:$A,"GERAL",CONFIG_PALLETS!$B:$B,$C39&" ml")>0,SUMIFS(CONFIG_PALLETS!$D:$D,CONFIG_PALLETS!$A:$A,"GERAL",CONFIG_PALLETS!$B:$B,$C39&" ml"),12))) | J39: =IF(D39="","",ROUNDUP(D39/IF(AND(C39="600 ml",ISNUMBER(SEARCH("NORCAU",B39))),95,IF(AND(C39="600 ml",ISNUMBER(SEARCH("APURATOS",B39))),190,IF(C39="600 ml",95,IF(C39="400 ml",125,IF(C39="200 ml",330,IF(C39="180 ml",240,1)))))),0)) | L39: =IF(H39="","",H39) | N39: =IF(I39="","",I39) | P39: PARADOS ATÉ CONSERTAREM AS BOMBAS DE GÁS.
E40: CX | F40: =IF($B40="","",IF(SUMIFS(CONFIG_PALLETS!$C:$C,CONFIG_PALLETS!$A:$A,TRIM($B40),CONFIG_PALLETS!$B:$B,$C40&" ml")>0,SUMIFS(CONFIG_PALLETS!$C:$C,CONFIG_PALLETS!$A:$A,TRIM($B40),CONFIG_PALLETS!$B:$B,$C40&" ml"),IF(SUMIFS(CONFIG_PALLETS!$C:$C,CONFIG_PALLETS!$A:$A,"GERAL",CONFIG_PALLETS!$B:$B,$C40&" ml")>0,SUMIFS(CONFIG_PALLETS!$C:$C,CONFIG_PALLETS!$A:$A,"GERAL",CONFIG_PALLETS!$B:$B,$C40&" ml"),""))) | G40: =IFERROR(ROUNDUP(D40/F40,0),"") | I40: =IF(H40="","",H40*IF(SUMIFS(CONFIG_PALLETS!$D:$D,CONFIG_PALLETS!$A:$A,IF(ISNUMBER(SEARCH("ESPUMA",$B40)),"ESPUMA",IF(OR(ISNUMBER(SEARCH("OLEO DE COCO",$B40)),ISNUMBER(SEARCH("ÓLEO DE COCO",$B40)),ISNUMBER(SEARCH("COPRA",$B40))),"ÓLEO DE COCO",IF(ISNUMBER(SEARCH("CORANTE",$B40)),"CORANTE",TRIM($B40)))),CONFIG_PALLETS!$B:$B,$C40&" ml")>0,SUMIFS(CONFIG_PALLETS!$D:$D,CONFIG_PALLETS!$A:$A,IF(ISNUMBER(SEARCH("ESPUMA",$B40)),"ESPUMA",IF(OR(ISNUMBER(SEARCH("OLEO DE COCO",$B40)),ISNUMBER(SEARCH("ÓLEO DE COCO",$B40)),ISNUMBER(SEARCH("COPRA",$B40))),"ÓLEO DE COCO",IF(ISNUMBER(SEARCH("CORANTE",$B40)),"CORANTE",TRIM($B40)))),CONFIG_PALLETS!$B:$B,$C40&" ml"),IF(SUMIFS(CONFIG_PALLETS!$D:$D,CONFIG_PALLETS!$A:$A,"GERAL",CONFIG_PALLETS!$B:$B,$C40&" ml")>0,SUMIFS(CONFIG_PALLETS!$D:$D,CONFIG_PALLETS!$A:$A,"GERAL",CONFIG_PALLETS!$B:$B,$C40&" ml"),12))) | J40: =IF(D40="","",ROUNDUP(D40/IF(AND(C40="600 ml",ISNUMBER(SEARCH("NORCAU",B40))),95,IF(AND(C40="600 ml",ISNUMBER(SEARCH("APURATOS",B40))),190,IF(C40="600 ml",95,IF(C40="400 ml",125,IF(C40="200 ml",330,IF(C40="180 ml",240,1)))))),0)) | L40: =IF(H40="","",H40) | N40: =IF(I40="","",I40)
E41: CX | F41: =IF($B41="","",IF(SUMIFS(CONFIG_PALLETS!$C:$C,CONFIG_PALLETS!$A:$A,TRIM($B41),CONFIG_PALLETS!$B:$B,$C41&" ml")>0,SUMIFS(CONFIG_PALLETS!$C:$C,CONFIG_PALLETS!$A:$A,TRIM($B41),CONFIG_PALLETS!$B:$B,$C41&" ml"),IF(SUMIFS(CONFIG_PALLETS!$C:$C,CONFIG_PALLETS!$A:$A,"GERAL",CONFIG_PALLETS!$B:$B,$C41&" ml")>0,SUMIFS(CONFIG_PALLETS!$C:$C,CONFIG_PALLETS!$A:$A,"GERAL",CONFIG_PALLETS!$B:$B,$C41&" ml"),""))) | G41: =IFERROR(ROUNDUP(D41/F41,0),"") | I41: =IF(H41="","",H41*IF(SUMIFS(CONFIG_PALLETS!$D:$D,CONFIG_PALLETS!$A:$A,IF(ISNUMBER(SEARCH("ESPUMA",$B41)),"ESPUMA",IF(OR(ISNUMBER(SEARCH("OLEO DE COCO",$B41)),ISNUMBER(SEARCH("ÓLEO DE COCO",$B41)),ISNUMBER(SEARCH("COPRA",$B41))),"ÓLEO DE COCO",IF(ISNUMBER(SEARCH("CORANTE",$B41)),"CORANTE",TRIM($B41)))),CONFIG_PALLETS!$B:$B,$C41&" ml")>0,SUMIFS(CONFIG_PALLETS!$D:$D,CONFIG_PALLETS!$A:$A,IF(ISNUMBER(SEARCH("ESPUMA",$B41)),"ESPUMA",IF(OR(ISNUMBER(SEARCH("OLEO DE COCO",$B41)),ISNUMBER(SEARCH("ÓLEO DE COCO",$B41)),ISNUMBER(SEARCH("COPRA",$B41))),"ÓLEO DE COCO",IF(ISNUMBER(SEARCH("CORANTE",$B41)),"CORANTE",TRIM($B41)))),CONFIG_PALLETS!$B:$B,$C41&" ml"),IF(SUMIFS(CONFIG_PALLETS!$D:$D,CONFIG_PALLETS!$A:$A,"GERAL",CONFIG_PALLETS!$B:$B,$C41&" ml")>0,SUMIFS(CONFIG_PALLETS!$D:$D,CONFIG_PALLETS!$A:$A,"GERAL",CONFIG_PALLETS!$B:$B,$C41&" ml"),12))) | J41: =IF(D41="","",ROUNDUP(D41/IF(AND(C41="600 ml",ISNUMBER(SEARCH("NORCAU",B41))),95,IF(AND(C41="600 ml",ISNUMBER(SEARCH("APURATOS",B41))),190,IF(C41="600 ml",95,IF(C41="400 ml",125,IF(C41="200 ml",330,IF(C41="180 ml",240,1)))))),0)) | L41: =IF(H41="","",H41) | N41: =IF(I41="","",I41)
E42: CX | F42: =IF($B42="","",IF(SUMIFS(CONFIG_PALLETS!$C:$C,CONFIG_PALLETS!$A:$A,TRIM($B42),CONFIG_PALLETS!$B:$B,$C42&" ml")>0,SUMIFS(CONFIG_PALLETS!$C:$C,CONFIG_PALLETS!$A:$A,TRIM($B42),CONFIG_PALLETS!$B:$B,$C42&" ml"),IF(SUMIFS(CONFIG_PALLETS!$C:$C,CONFIG_PALLETS!$A:$A,"GERAL",CONFIG_PALLETS!$B:$B,$C42&" ml")>0,SUMIFS(CONFIG_PALLETS!$C:$C,CONFIG_PALLETS!$A:$A,"GERAL",CONFIG_PALLETS!$B:$B,$C42&" ml"),""))) | G42: =IFERROR(ROUNDUP(D42/F42,0),"") | I42: =IF(H42="","",H42*IF(SUMIFS(CONFIG_PALLETS!$D:$D,CONFIG_PALLETS!$A:$A,IF(ISNUMBER(SEARCH("ESPUMA",$B42)),"ESPUMA",IF(OR(ISNUMBER(SEARCH("OLEO DE COCO",$B42)),ISNUMBER(SEARCH("ÓLEO DE COCO",$B42)),ISNUMBER(SEARCH("COPRA",$B42))),"ÓLEO DE COCO",IF(ISNUMBER(SEARCH("CORANTE",$B42)),"CORANTE",TRIM($B42)))),CONFIG_PALLETS!$B:$B,$C42&" ml")>0,SUMIFS(CONFIG_PALLETS!$D:$D,CONFIG_PALLETS!$A:$A,IF(ISNUMBER(SEARCH("ESPUMA",$B42)),"ESPUMA",IF(OR(ISNUMBER(SEARCH("OLEO DE COCO",$B42)),ISNUMBER(SEARCH("ÓLEO DE COCO",$B42)),ISNUMBER(SEARCH("COPRA",$B42))),"ÓLEO DE COCO",IF(ISNUMBER(SEARCH("CORANTE",$B42)),"CORANTE",TRIM($B42)))),CONFIG_PALLETS!$B:$B,$C42&" ml"),IF(SUMIFS(CONFIG_PALLETS!$D:$D,CONFIG_PALLETS!$A:$A,"GERAL",CONFIG_PALLETS!$B:$B,$C42&" ml")>0,SUMIFS(CONFIG_PALLETS!$D:$D,CONFIG_PALLETS!$A:$A,"GERAL",CONFIG_PALLETS!$B:$B,$C42&" ml"),12))) | J42: =IF(D42="","",ROUNDUP(D42/IF(AND(C42="600 ml",ISNUMBER(SEARCH("NORCAU",B42))),95,IF(AND(C42="600 ml",ISNUMBER(SEARCH("APURATOS",B42))),190,IF(C42="600 ml",95,IF(C42="400 ml",125,IF(C42="200 ml",330,IF(C42="180 ml",240,1)))))),0)) | L42: =IF(H42="","",H42) | N42: =IF(I42="","",I42)
J43: =IF(D43="","",ROUNDUP(D43/IF(AND(C43="600 ml",ISNUMBER(SEARCH("NORCAU",B43))),95,IF(AND(C43="600 ml",ISNUMBER(SEARCH("APURATOS",B43))),190,IF(C43="600 ml",95,IF(C43="400 ml",125,IF(C43="200 ml",330,IF(C43="180 ml",240,1)))))),0)) | L43: =IF(H43="","",H43) | N43: =IF(I43="","",I43)
B44: TOTAL | D44: =IF(J44="","",TEXT(J44,"#,##0")) | G44: =IF(K44="","",TEXT(K44,"#,##0")) | H44: =IF(L44="","",TEXT(L44,"#,##0")) | I44: =IF(M44="","",TEXT(M44,"#,##0")) | J44: =SUM(D38:D43) | K44: =SUM(G38:G43) | L44: =SUM(H38:H43) | M44: =SUM(I38:I43) | N44: =IF(I44="","",I44) | O44: =SUM(N39:N43)
J45: =IF(D45="","",ROUNDUP(D45/IF(AND(C45="600 ml",ISNUMBER(SEARCH("NORCAU",B45))),95,IF(AND(C45="600 ml",ISNUMBER(SEARCH("APURATOS",B45))),190,IF(C45="600 ml",95,IF(C45="400 ml",125,IF(C45="200 ml",330,IF(C45="180 ml",240,1)))))),0)) | L45: =IF(H45="","",H45) | N45: =IF(I45="","",I45)
A46: 46062 | B46: PRODUTO | C46: EMBALAGEM | D46: CAIXAS | E46: UN | F46: CX/PALLET | G46: PALLETS (PBR) | H46: REAL (CX) | I46: TOTAL LATAS
J47: =IF(D47="","",ROUNDUP(D47/IF(AND(C47="600 ml",ISNUMBER(SEARCH("NORCAU",B47))),95,IF(AND(C47="600 ml",ISNUMBER(SEARCH("APURATOS",B47))),190,IF(C47="600 ml",95,IF(C47="400 ml",125,IF(C47="200 ml",330,IF(C47="180 ml",240,1)))))),0)) | L47: =IF(H47="","",H47) | N47: =IF(I47="","",I47)
A48: 600 / 400 | B48: ECO UNTA FACIL | C48: 600 | D48: 271 | E48: CX | F48: =IF($B48="","",IF(SUMIFS(CONFIG_PALLETS!$C:$C,CONFIG_PALLETS!$A:$A,TRIM($B48),CONFIG_PALLETS!$B:$B,$C48&" ml")>0,SUMIFS(CONFIG_PALLETS!$C:$C,CONFIG_PALLETS!$A:$A,TRIM($B48),CONFIG_PALLETS!$B:$B,$C48&" ml"),IF(SUMIFS(CONFIG_PALLETS!$C:$C,CONFIG_PALLETS!$A:$A,"GERAL",CONFIG_PALLETS!$B:$B,$C48&" ml")>0,SUMIFS(CONFIG_PALLETS!$C:$C,CONFIG_PALLETS!$A:$A,"GERAL",CONFIG_PALLETS!$B:$B,$C48&" ml"),""))) | G48: =IFERROR(ROUNDUP(D48/F48,0),"") | H48: 266 | I48: =IF(H48="","",H48*IF(SUMIFS(CONFIG_PALLETS!$D:$D,CONFIG_PALLETS!$A:$A,IF(ISNUMBER(SEARCH("ESPUMA",$B48)),"ESPUMA",IF(OR(ISNUMBER(SEARCH("OLEO DE COCO",$B48)),ISNUMBER(SEARCH("ÓLEO DE COCO",$B48)),ISNUMBER(SEARCH("COPRA",$B48))),"ÓLEO DE COCO",IF(ISNUMBER(SEARCH("CORANTE",$B48)),"CORANTE",TRIM($B48)))),CONFIG_PALLETS!$B:$B,$C48&" ml")>0,SUMIFS(CONFIG_PALLETS!$D:$D,CONFIG_PALLETS!$A:$A,IF(ISNUMBER(SEARCH("ESPUMA",$B48)),"ESPUMA",IF(OR(ISNUMBER(SEARCH("OLEO DE COCO",$B48)),ISNUMBER(SEARCH("ÓLEO DE COCO",$B48)),ISNUMBER(SEARCH("COPRA",$B48))),"ÓLEO DE COCO",IF(ISNUMBER(SEARCH("CORANTE",$B48)),"CORANTE",TRIM($B48)))),CONFIG_PALLETS!$B:$B,$C48&" ml"),IF(SUMIFS(CONFIG_PALLETS!$D:$D,CONFIG_PALLETS!$A:$A,"GERAL",CONFIG_PALLETS!$B:$B,$C48&" ml")>0,SUMIFS(CONFIG_PALLETS!$D:$D,CONFIG_PALLETS!$A:$A,"GERAL",CONFIG_PALLETS!$B:$B,$C48&" ml"),12))) | J48: =IF(D48="","",ROUNDUP(D48/IF(AND(C48="600 ml",ISNUMBER(SEARCH("NORCAU",B48))),95,IF(AND(C48="600 ml",ISNUMBER(SEARCH("APURATOS",B48))),190,IF(C48="600 ml",95,IF(C48="400 ml",125,IF(C48="200 ml",330,IF(C48="180 ml",240,1)))))),0)) | L48: =IF(H48="","",H48) | N48: =IF(I48="","",I48)
B49: ITAIQUARA | C49: 600 | D49: 73 | E49: CX | F49: =IF($B49="","",IF(SUMIFS(CONFIG_PALLETS!$C:$C,CONFIG_PALLETS!$A:$A,TRIM($B49),CONFIG_PALLETS!$B:$B,$C49&" ml")>0,SUMIFS(CONFIG_PALLETS!$C:$C,CONFIG_PALLETS!$A:$A,TRIM($B49),CONFIG_PALLETS!$B:$B,$C49&" ml"),IF(SUMIFS(CONFIG_PALLETS!$C:$C,CONFIG_PALLETS!$A:$A,"GERAL",CONFIG_PALLETS!$B:$B,$C49&" ml")>0,SUMIFS(CONFIG_PALLETS!$C:$C,CONFIG_PALLETS!$A:$A,"GERAL",CONFIG_PALLETS!$B:$B,$C49&" ml"),""))) | G49: =IFERROR(ROUNDUP(D49/F49,0),"") | H49: 76 | I49: =IF(H49="","",H49*IF(SUMIFS(CONFIG_PALLETS!$D:$D,CONFIG_PALLETS!$A:$A,IF(ISNUMBER(SEARCH("ESPUMA",$B49)),"ESPUMA",IF(OR(ISNUMBER(SEARCH("OLEO DE COCO",$B49)),ISNUMBER(SEARCH("ÓLEO DE COCO",$B49)),ISNUMBER(SEARCH("COPRA",$B49))),"ÓLEO DE COCO",IF(ISNUMBER(SEARCH("CORANTE",$B49)),"CORANTE",TRIM($B49)))),CONFIG_PALLETS!$B:$B,$C49&" ml")>0,SUMIFS(CONFIG_PALLETS!$D:$D,CONFIG_PALLETS!$A:$A,IF(ISNUMBER(SEARCH("ESPUMA",$B49)),"ESPUMA",IF(OR(ISNUMBER(SEARCH("OLEO DE COCO",$B49)),ISNUMBER(SEARCH("ÓLEO DE COCO",$B49)),ISNUMBER(SEARCH("COPRA",$B49))),"ÓLEO DE COCO",IF(ISNUMBER(SEARCH("CORANTE",$B49)),"CORANTE",TRIM($B49)))),CONFIG_PALLETS!$B:$B,$C49&" ml"),IF(SUMIFS(CONFIG_PALLETS!$D:$D,CONFIG_PALLETS!$A:$A,"GERAL",CONFIG_PALLETS!$B:$B,$C49&" ml")>0,SUMIFS(CONFIG_PALLETS!$D:$D,CONFIG_PALLETS!$A:$A,"GERAL",CONFIG_PALLETS!$B:$B,$C49&" ml"),12))) | J49: =IF(D49="","",ROUNDUP(D49/IF(AND(C49="600 ml",ISNUMBER(SEARCH("NORCAU",B49))),95,IF(AND(C49="600 ml",ISNUMBER(SEARCH("APURATOS",B49))),190,IF(C49="600 ml",95,IF(C49="400 ml",125,IF(C49="200 ml",330,IF(C49="180 ml",240,1)))))),0)) | L49: =IF(H49="","",H49) | N49: =IF(I49="","",I49)
B50: UNTA FACIL | C50: 400 | D50: 2500 | E50: CX | F50: =IF($B50="","",IF(SUMIFS(CONFIG_PALLETS!$C:$C,CONFIG_PALLETS!$A:$A,TRIM($B50),CONFIG_PALLETS!$B:$B,$C50&" ml")>0,SUMIFS(CONFIG_PALLETS!$C:$C,CONFIG_PALLETS!$A:$A,TRIM($B50),CONFIG_PALLETS!$B:$B,$C50&" ml"),IF(SUMIFS(CONFIG_PALLETS!$C:$C,CONFIG_PALLETS!$A:$A,"GERAL",CONFIG_PALLETS!$B:$B,$C50&" ml")>0,SUMIFS(CONFIG_PALLETS!$C:$C,CONFIG_PALLETS!$A:$A,"GERAL",CONFIG_PALLETS!$B:$B,$C50&" ml"),""))) | G50: =IFERROR(ROUNDUP(D50/F50,0),"") | H50: 869 | I50: =IF(H50="","",H50*IF(SUMIFS(CONFIG_PALLETS!$D:$D,CONFIG_PALLETS!$A:$A,IF(ISNUMBER(SEARCH("ESPUMA",$B50)),"ESPUMA",IF(OR(ISNUMBER(SEARCH("OLEO DE COCO",$B50)),ISNUMBER(SEARCH("ÓLEO DE COCO",$B50)),ISNUMBER(SEARCH("COPRA",$B50))),"ÓLEO DE COCO",IF(ISNUMBER(SEARCH("CORANTE",$B50)),"CORANTE",TRIM($B50)))),CONFIG_PALLETS!$B:$B,$C50&" ml")>0,SUMIFS(CONFIG_PALLETS!$D:$D,CONFIG_PALLETS!$A:$A,IF(ISNUMBER(SEARCH("ESPUMA",$B50)),"ESPUMA",IF(OR(ISNUMBER(SEARCH("OLEO DE COCO",$B50)),ISNUMBER(SEARCH("ÓLEO DE COCO",$B50)),ISNUMBER(SEARCH("COPRA",$B50))),"ÓLEO DE COCO",IF(ISNUMBER(SEARCH("CORANTE",$B50)),"CORANTE",TRIM($B50)))),CONFIG_PALLETS!$B:$B,$C50&" ml"),IF(SUMIFS(CONFIG_PALLETS!$D:$D,CONFIG_PALLETS!$A:$A,"GERAL",CONFIG_PALLETS!$B:$B,$C50&" ml")>0,SUMIFS(CONFIG_PALLETS!$D:$D,CONFIG_PALLETS!$A:$A,"GERAL",CONFIG_PALLETS!$B:$B,$C50&" ml"),12))) | J50: =IF(D50="","",ROUNDUP(D50/IF(AND(C50="600 ml",ISNUMBER(SEARCH("NORCAU",B50))),95,IF(AND(C50="600 ml",ISNUMBER(SEARCH("APURATOS",B50))),190,IF(C50="600 ml",95,IF(C50="400 ml",125,IF(C50="200 ml",330,IF(C50="180 ml",240,1)))))),0)) | L50: =IF(H50="","",H50) | N50: =IF(I50="","",I50)
E51: CX | F51: =IF($B51="","",IF(SUMIFS(CONFIG_PALLETS!$C:$C,CONFIG_PALLETS!$A:$A,TRIM($B51),CONFIG_PALLETS!$B:$B,$C51&" ml")>0,SUMIFS(CONFIG_PALLETS!$C:$C,CONFIG_PALLETS!$A:$A,TRIM($B51),CONFIG_PALLETS!$B:$B,$C51&" ml"),IF(SUMIFS(CONFIG_PALLETS!$C:$C,CONFIG_PALLETS!$A:$A,"GERAL",CONFIG_PALLETS!$B:$B,$C51&" ml")>0,SUMIFS(CONFIG_PALLETS!$C:$C,CONFIG_PALLETS!$A:$A,"GERAL",CONFIG_PALLETS!$B:$B,$C51&" ml"),""))) | G51: =IFERROR(ROUNDUP(D51/F51,0),"") | I51: =IF(H51="","",H51*IF(SUMIFS(CONFIG_PALLETS!$D:$D,CONFIG_PALLETS!$A:$A,IF(ISNUMBER(SEARCH("ESPUMA",$B51)),"ESPUMA",IF(OR(ISNUMBER(SEARCH("OLEO DE COCO",$B51)),ISNUMBER(SEARCH("ÓLEO DE COCO",$B51)),ISNUMBER(SEARCH("COPRA",$B51))),"ÓLEO DE COCO",IF(ISNUMBER(SEARCH("CORANTE",$B51)),"CORANTE",TRIM($B51)))),CONFIG_PALLETS!$B:$B,$C51&" ml")>0,SUMIFS(CONFIG_PALLETS!$D:$D,CONFIG_PALLETS!$A:$A,IF(ISNUMBER(SEARCH("ESPUMA",$B51)),"ESPUMA",IF(OR(ISNUMBER(SEARCH("OLEO DE COCO",$B51)),ISNUMBER(SEARCH("ÓLEO DE COCO",$B51)),ISNUMBER(SEARCH("COPRA",$B51))),"ÓLEO DE COCO",IF(ISNUMBER(SEARCH("CORANTE",$B51)),"CORANTE",TRIM($B51)))),CONFIG_PALLETS!$B:$B,$C51&" ml"),IF(SUMIFS(CONFIG_PALLETS!$D:$D,CONFIG_PALLETS!$A:$A,"GERAL",CONFIG_PALLETS!$B:$B,$C51&" ml")>0,SUMIFS(CONFIG_PALLETS!$D:$D,CONFIG_PALLETS!$A:$A,"GERAL",CONFIG_PALLETS!$B:$B,$C51&" ml"),12))) | J51: =IF(D51="","",ROUNDUP(D51/IF(AND(C51="600 ml",ISNUMBER(SEARCH("NORCAU",B51))),95,IF(AND(C51="600 ml",ISNUMBER(SEARCH("APURATOS",B51))),190,IF(C51="600 ml",95,IF(C51="400 ml",125,IF(C51="200 ml",330,IF(C51="180 ml",240,1)))))),0)) | L51: =IF(H51="","",H51) | N51: =IF(I51="","",I51)
J52: =IF(D52="","",ROUNDUP(D52/IF(AND(C52="600 ml",ISNUMBER(SEARCH("NORCAU",B52))),95,IF(AND(C52="600 ml",ISNUMBER(SEARCH("APURATOS",B52))),190,IF(C52="600 ml",95,IF(C52="400 ml",125,IF(C52="200 ml",330,IF(C52="180 ml",240,1)))))),0)) | L52: =IF(H52="","",H52) | N52: =IF(I52="","",I52)
B53: TOTAL | D53: =IF(J53="","",TEXT(J53,"#,##0")) | G53: =IF(K53="","",TEXT(K53,"#,##0")) | H53: =IF(L53="","",TEXT(L53,"#,##0")) | I53: =IF(M53="","",TEXT(M53,"#,##0")) | J53: =SUM(D47:D52) | K53: =SUM(G47:G52) | L53: =SUM(H47:H52) | M53: =SUM(I47:I52) | N53: =IF(I53="","",I53) | O53: =SUM(N48:N52)
J54: =IF(D54="","",ROUNDUP(D54/IF(AND(C54="600 ml",ISNUMBER(SEARCH("NORCAU",B54))),95,IF(AND(C54="600 ml",ISNUMBER(SEARCH("APURATOS",B54))),190,IF(C54="600 ml",95,IF(C54="400 ml",125,IF(C54="200 ml",330,IF(C54="180 ml",240,1)))))),0)) | L54: =IF(H54="","",H54) | N54: =IF(I54="","",I54)
A55: 46063 | B55: PRODUTO | C55: EMBALAGEM | D55: CAIXAS | E55: UN | F55: CX/PALLET | G55: PALLETS (PBR) | H55: REAL (CX) | I55: TOTAL LATAS
J56: =IF(D56="","",ROUNDUP(D56/IF(AND(C56="600 ml",ISNUMBER(SEARCH("NORCAU",B56))),95,IF(AND(C56="600 ml",ISNUMBER(SEARCH("APURATOS",B56))),190,IF(C56="600 ml",95,IF(C56="400 ml",125,IF(C56="200 ml",330,IF(C56="180 ml",240,1)))))),0)) | L56: =IF(H56="","",H56) | N56: =IF(I56="","",I56) | P56: PARAMOS A PRODUÇÃO 14:15. O GÁS SÓ VOLTARÁ AMANHÃ.
A57: 400 | B57: UNTA FACIL | C57: 400 | D57: =D50-L50 | E57: CX | F57: =IF($B57="","",IF(SUMIFS(CONFIG_PALLETS!$C:$C,CONFIG_PALLETS!$A:$A,TRIM($B57),CONFIG_PALLETS!$B:$B,$C57&" ml")>0,SUMIFS(CONFIG_PALLETS!$C:$C,CONFIG_PALLETS!$A:$A,TRIM($B57),CONFIG_PALLETS!$B:$B,$C57&" ml"),IF(SUMIFS(CONFIG_PALLETS!$C:$C,CONFIG_PALLETS!$A:$A,"GERAL",CONFIG_PALLETS!$B:$B,$C57&" ml")>0,SUMIFS(CONFIG_PALLETS!$C:$C,CONFIG_PALLETS!$A:$A,"GERAL",CONFIG_PALLETS!$B:$B,$C57&" ml"),""))) | G57: =IFERROR(ROUNDUP(D57/F57,0),"") | H57: 1027 | I57: =IF(H57="","",H57*IF(SUMIFS(CONFIG_PALLETS!$D:$D,CONFIG_PALLETS!$A:$A,IF(ISNUMBER(SEARCH("ESPUMA",$B57)),"ESPUMA",IF(OR(ISNUMBER(SEARCH("OLEO DE COCO",$B57)),ISNUMBER(SEARCH("ÓLEO DE COCO",$B57)),ISNUMBER(SEARCH("COPRA",$B57))),"ÓLEO DE COCO",IF(ISNUMBER(SEARCH("CORANTE",$B57)),"CORANTE",TRIM($B57)))),CONFIG_PALLETS!$B:$B,$C57&" ml")>0,SUMIFS(CONFIG_PALLETS!$D:$D,CONFIG_PALLETS!$A:$A,IF(ISNUMBER(SEARCH("ESPUMA",$B57)),"ESPUMA",IF(OR(ISNUMBER(SEARCH("OLEO DE COCO",$B57)),ISNUMBER(SEARCH("ÓLEO DE COCO",$B57)),ISNUMBER(SEARCH("COPRA",$B57))),"ÓLEO DE COCO",IF(ISNUMBER(SEARCH("CORANTE",$B57)),"CORANTE",TRIM($B57)))),CONFIG_PALLETS!$B:$B,$C57&" ml"),IF(SUMIFS(CONFIG_PALLETS!$D:$D,CONFIG_PALLETS!$A:$A,"GERAL",CONFIG_PALLETS!$B:$B,$C57&" ml")>0,SUMIFS(CONFIG_PALLETS!$D:$D,CONFIG_PALLETS!$A:$A,"GERAL",CONFIG_PALLETS!$B:$B,$C57&" ml"),12))) | J57: =IF(D57="","",ROUNDUP(D57/IF(AND(C57="600 ml",ISNUMBER(SEARCH("NORCAU",B57))),95,IF(AND(C57="600 ml",ISNUMBER(SEARCH("APURATOS",B57))),190,IF(C57="600 ml",95,IF(C57="400 ml",125,IF(C57="200 ml",330,IF(C57="180 ml",240,1)))))),0)) | L57: =IF(H57="","",H57) | N57: =IF(I57="","",I57)
E58: CX | F58: =IF($B58="","",IF(SUMIFS(CONFIG_PALLETS!$C:$C,CONFIG_PALLETS!$A:$A,TRIM($B58),CONFIG_PALLETS!$B:$B,$C58&" ml")>0,SUMIFS(CONFIG_PALLETS!$C:$C,CONFIG_PALLETS!$A:$A,TRIM($B58),CONFIG_PALLETS!$B:$B,$C58&" ml"),IF(SUMIFS(CONFIG_PALLETS!$C:$C,CONFIG_PALLETS!$A:$A,"GERAL",CONFIG_PALLETS!$B:$B,$C58&" ml")>0,SUMIFS(CONFIG_PALLETS!$C:$C,CONFIG_PALLETS!$A:$A,"GERAL",CONFIG_PALLETS!$B:$B,$C58&" ml"),""))) | G58: =IFERROR(ROUNDUP(D58/F58,0),"") | I58: =IF(H58="","",H58*IF(SUMIFS(CONFIG_PALLETS!$D:$D,CONFIG_PALLETS!$A:$A,IF(ISNUMBER(SEARCH("ESPUMA",$B58)),"ESPUMA",IF(OR(ISNUMBER(SEARCH("OLEO DE COCO",$B58)),ISNUMBER(SEARCH("ÓLEO DE COCO",$B58)),ISNUMBER(SEARCH("COPRA",$B58))),"ÓLEO DE COCO",IF(ISNUMBER(SEARCH("CORANTE",$B58)),"CORANTE",TRIM($B58)))),CONFIG_PALLETS!$B:$B,$C58&" ml")>0,SUMIFS(CONFIG_PALLETS!$D:$D,CONFIG_PALLETS!$A:$A,IF(ISNUMBER(SEARCH("ESPUMA",$B58)),"ESPUMA",IF(OR(ISNUMBER(SEARCH("OLEO DE COCO",$B58)),ISNUMBER(SEARCH("ÓLEO DE COCO",$B58)),ISNUMBER(SEARCH("COPRA",$B58))),"ÓLEO DE COCO",IF(ISNUMBER(SEARCH("CORANTE",$B58)),"CORANTE",TRIM($B58)))),CONFIG_PALLETS!$B:$B,$C58&" ml"),IF(SUMIFS(CONFIG_PALLETS!$D:$D,CONFIG_PALLETS!$A:$A,"GERAL",CONFIG_PALLETS!$B:$B,$C58&" ml")>0,SUMIFS(CONFIG_PALLETS!$D:$D,CONFIG_PALLETS!$A:$A,"GERAL",CONFIG_PALLETS!$B:$B,$C58&" ml"),12))) | J58: =IF(D58="","",ROUNDUP(D58/IF(AND(C58="600 ml",ISNUMBER(SEARCH("NORCAU",B58))),95,IF(AND(C58="600 ml",ISNUMBER(SEARCH("APURATOS",B58))),190,IF(C58="600 ml",95,IF(C58="400 ml",125,IF(C58="200 ml",330,IF(C58="180 ml",240,1)))))),0)) | L58: =IF(H58="","",H58) | N58: =IF(I58="","",I58)
E59: CX | F59: =IF($B59="","",IF(SUMIFS(CONFIG_PALLETS!$C:$C,CONFIG_PALLETS!$A:$A,TRIM($B59),CONFIG_PALLETS!$B:$B,$C59&" ml")>0,SUMIFS(CONFIG_PALLETS!$C:$C,CONFIG_PALLETS!$A:$A,TRIM($B59),CONFIG_PALLETS!$B:$B,$C59&" ml"),IF(SUMIFS(CONFIG_PALLETS!$C:$C,CONFIG_PALLETS!$A:$A,"GERAL",CONFIG_PALLETS!$B:$B,$C59&" ml")>0,SUMIFS(CONFIG_PALLETS!$C:$C,CONFIG_PALLETS!$A:$A,"GERAL",CONFIG_PALLETS!$B:$B,$C59&" ml"),""))) | G59: =IFERROR(ROUNDUP(D59/F59,0),"") | I59: =IF(H59="","",H59*IF(SUMIFS(CONFIG_PALLETS!$D:$D,CONFIG_PALLETS!$A:$A,IF(ISNUMBER(SEARCH("ESPUMA",$B59)),"ESPUMA",IF(OR(ISNUMBER(SEARCH("OLEO DE COCO",$B59)),ISNUMBER(SEARCH("ÓLEO DE COCO",$B59)),ISNUMBER(SEARCH("COPRA",$B59))),"ÓLEO DE COCO",IF(ISNUMBER(SEARCH("CORANTE",$B59)),"CORANTE",TRIM($B59)))),CONFIG_PALLETS!$B:$B,$C59&" ml")>0,SUMIFS(CONFIG_PALLETS!$D:$D,CONFIG_PALLETS!$A:$A,IF(ISNUMBER(SEARCH("ESPUMA",$B59)),"ESPUMA",IF(OR(ISNUMBER(SEARCH("OLEO DE COCO",$B59)),ISNUMBER(SEARCH("ÓLEO DE COCO",$B59)),ISNUMBER(SEARCH("COPRA",$B59))),"ÓLEO DE COCO",IF(ISNUMBER(SEARCH("CORANTE",$B59)),"CORANTE",TRIM($B59)))),CONFIG_PALLETS!$B:$B,$C59&" ml"),IF(SUMIFS(CONFIG_PALLETS!$D:$D,CONFIG_PALLETS!$A:$A,"GERAL",CONFIG_PALLETS!$B:$B,$C59&" ml")>0,SUMIFS(CONFIG_PALLETS!$D:$D,CONFIG_PALLETS!$A:$A,"GERAL",CONFIG_PALLETS!$B:$B,$C59&" ml"),12))) | J59: =IF(D59="","",ROUNDUP(D59/IF(AND(C59="600 ml",ISNUMBER(SEARCH("NORCAU",B59))),95,IF(AND(C59="600 ml",ISNUMBER(SEARCH("APURATOS",B59))),190,IF(C59="600 ml",95,IF(C59="400 ml",125,IF(C59="200 ml",330,IF(C59="180 ml",240,1)))))),0)) | L59: =IF(H59="","",H59) | N59: =IF(I59="","",I59)
J60: =IF(D60="","",ROUNDUP(D60/IF(AND(C60="600 ml",ISNUMBER(SEARCH("NORCAU",B60))),95,IF(AND(C60="600 ml",ISNUMBER(SEARCH("APURATOS",B60))),190,IF(C60="600 ml",95,IF(C60="400 ml",125,IF(C60="200 ml",330,IF(C60="180 ml",240,1)))))),0)) | L60: =IF(H60="","",H60) | N60: =IF(I60="","",I60)
B61: TOTAL | D61: =IF(J61="","",TEXT(J61,"#,##0")) | G61: =IF(K61="","",TEXT(K61,"#,##0")) | H61: =IF(L61="","",TEXT(L61,"#,##0")) | I61: =IF(M61="","",TEXT(M61,"#,##0")) | J61: =SUM(D56:D60) | K61: =SUM(G56:G60) | L61: =SUM(H56:H60) | M61: =SUM(I56:I60) | N61: =IF(I61="","",I61) | O61: =SUM(N57:N60)
J62: =IF(D62="","",ROUNDUP(D62/IF(AND(C62="600 ml",ISNUMBER(SEARCH("NORCAU",B62))),95,IF(AND(C62="600 ml",ISNUMBER(SEARCH("APURATOS",B62))),190,IF(C62="600 ml",95,IF(C62="400 ml",125,IF(C62="200 ml",330,IF(C62="180 ml",240,1)))))),0)) | L62: =IF(H62="","",H62) | N62: =IF(I62="","",I62)
A63: 46064 | B63: PRODUTO | C63: EMBALAGEM | D63: CAIXAS | E63: UN | F63: CX/PALLET | G63: PALLETS (PBR) | H63: REAL (CX) | I63: TOTAL LATAS
J64: =IF(D64="","",ROUNDUP(D64/IF(AND(C64="600 ml",ISNUMBER(SEARCH("NORCAU",B64))),95,IF(AND(C64="600 ml",ISNUMBER(SEARCH("APURATOS",B64))),190,IF(C64="600 ml",95,IF(C64="400 ml",125,IF(C64="200 ml",330,IF(C64="180 ml",240,1)))))),0)) | L64: =IF(H64="","",H64) | N64: =IF(I64="","",I64) | P64: O GÁS CHEGOU ERAM 07:45.
A65: 400 | B65: UNTA FACIL | C65: 400 | D65: =D57-L57 | E65: CX | F65: =IF($B65="","",IF(SUMIFS(CONFIG_PALLETS!$C:$C,CONFIG_PALLETS!$A:$A,TRIM($B65),CONFIG_PALLETS!$B:$B,$C65&" ml")>0,SUMIFS(CONFIG_PALLETS!$C:$C,CONFIG_PALLETS!$A:$A,TRIM($B65),CONFIG_PALLETS!$B:$B,$C65&" ml"),IF(SUMIFS(CONFIG_PALLETS!$C:$C,CONFIG_PALLETS!$A:$A,"GERAL",CONFIG_PALLETS!$B:$B,$C65&" ml")>0,SUMIFS(CONFIG_PALLETS!$C:$C,CONFIG_PALLETS!$A:$A,"GERAL",CONFIG_PALLETS!$B:$B,$C65&" ml"),""))) | G65: =IFERROR(ROUNDUP(D65/F65,0),"") | H65: 611 | I65: =IF(H65="","",H65*IF(SUMIFS(CONFIG_PALLETS!$D:$D,CONFIG_PALLETS!$A:$A,IF(ISNUMBER(SEARCH("ESPUMA",$B65)),"ESPUMA",IF(OR(ISNUMBER(SEARCH("OLEO DE COCO",$B65)),ISNUMBER(SEARCH("ÓLEO DE COCO",$B65)),ISNUMBER(SEARCH("COPRA",$B65))),"ÓLEO DE COCO",IF(ISNUMBER(SEARCH("CORANTE",$B65)),"CORANTE",TRIM($B65)))),CONFIG_PALLETS!$B:$B,$C65&" ml")>0,SUMIFS(CONFIG_PALLETS!$D:$D,CONFIG_PALLETS!$A:$A,IF(ISNUMBER(SEARCH("ESPUMA",$B65)),"ESPUMA",IF(OR(ISNUMBER(SEARCH("OLEO DE COCO",$B65)),ISNUMBER(SEARCH("ÓLEO DE COCO",$B65)),ISNUMBER(SEARCH("COPRA",$B65))),"ÓLEO DE COCO",IF(ISNUMBER(SEARCH("CORANTE",$B65)),"CORANTE",TRIM($B65)))),CONFIG_PALLETS!$B:$B,$C65&" ml"),IF(SUMIFS(CONFIG_PALLETS!$D:$D,CONFIG_PALLETS!$A:$A,"GERAL",CONFIG_PALLETS!$B:$B,$C65&" ml")>0,SUMIFS(CONFIG_PALLETS!$D:$D,CONFIG_PALLETS!$A:$A,"GERAL",CONFIG_PALLETS!$B:$B,$C65&" ml"),12))) | J65: =IF(D65="","",ROUNDUP(D65/IF(AND(C65="600 ml",ISNUMBER(SEARCH("NORCAU",B65))),95,IF(AND(C65="600 ml",ISNUMBER(SEARCH("APURATOS",B65))),190,IF(C65="600 ml",95,IF(C65="400 ml",125,IF(C65="200 ml",330,IF(C65="180 ml",240,1)))))),0)) | L65: =IF(H65="","",H65) | N65: =IF(I65="","",I65)
B66: ICEBERG CHEF | C66: 400 | D66: 2310 | E66: CX | F66: =IF($B66="","",IF(SUMIFS(CONFIG_PALLETS!$C:$C,CONFIG_PALLETS!$A:$A,TRIM($B66),CONFIG_PALLETS!$B:$B,$C66&" ml")>0,SUMIFS(CONFIG_PALLETS!$C:$C,CONFIG_PALLETS!$A:$A,TRIM($B66),CONFIG_PALLETS!$B:$B,$C66&" ml"),IF(SUMIFS(CONFIG_PALLETS!$C:$C,CONFIG_PALLETS!$A:$A,"GERAL",CONFIG_PALLETS!$B:$B,$C66&" ml")>0,SUMIFS(CONFIG_PALLETS!$C:$C,CONFIG_PALLETS!$A:$A,"GERAL",CONFIG_PALLETS!$B:$B,$C66&" ml"),""))) | G66: =IFERROR(ROUNDUP(D66/F66,0),"") | H66: 600 | I66: =IF(H66="","",H66*IF(SUMIFS(CONFIG_PALLETS!$D:$D,CONFIG_PALLETS!$A:$A,IF(ISNUMBER(SEARCH("ESPUMA",$B66)),"ESPUMA",IF(OR(ISNUMBER(SEARCH("OLEO DE COCO",$B66)),ISNUMBER(SEARCH("ÓLEO DE COCO",$B66)),ISNUMBER(SEARCH("COPRA",$B66))),"ÓLEO DE COCO",IF(ISNUMBER(SEARCH("CORANTE",$B66)),"CORANTE",TRIM($B66)))),CONFIG_PALLETS!$B:$B,$C66&" ml")>0,SUMIFS(CONFIG_PALLETS!$D:$D,CONFIG_PALLETS!$A:$A,IF(ISNUMBER(SEARCH("ESPUMA",$B66)),"ESPUMA",IF(OR(ISNUMBER(SEARCH("OLEO DE COCO",$B66)),ISNUMBER(SEARCH("ÓLEO DE COCO",$B66)),ISNUMBER(SEARCH("COPRA",$B66))),"ÓLEO DE COCO",IF(ISNUMBER(SEARCH("CORANTE",$B66)),"CORANTE",TRIM($B66)))),CONFIG_PALLETS!$B:$B,$C66&" ml"),IF(SUMIFS(CONFIG_PALLETS!$D:$D,CONFIG_PALLETS!$A:$A,"GERAL",CONFIG_PALLETS!$B:$B,$C66&" ml")>0,SUMIFS(CONFIG_PALLETS!$D:$D,CONFIG_PALLETS!$A:$A,"GERAL",CONFIG_PALLETS!$B:$B,$C66&" ml"),12))) | J66: =IF(D66="","",ROUNDUP(D66/IF(AND(C66="600 ml",ISNUMBER(SEARCH("NORCAU",B66))),95,IF(AND(C66="600 ml",ISNUMBER(SEARCH("APURATOS",B66))),190,IF(C66="600 ml",95,IF(C66="400 ml",125,IF(C66="200 ml",330,IF(C66="180 ml",240,1)))))),0)) | L66: =IF(H66="","",H66) | N66: =IF(I66="","",I66)
E67: CX | F67: =IF($B67="","",IF(SUMIFS(CONFIG_PALLETS!$C:$C,CONFIG_PALLETS!$A:$A,TRIM($B67),CONFIG_PALLETS!$B:$B,$C67&" ml")>0,SUMIFS(CONFIG_PALLETS!$C:$C,CONFIG_PALLETS!$A:$A,TRIM($B67),CONFIG_PALLETS!$B:$B,$C67&" ml"),IF(SUMIFS(CONFIG_PALLETS!$C:$C,CONFIG_PALLETS!$A:$A,"GERAL",CONFIG_PALLETS!$B:$B,$C67&" ml")>0,SUMIFS(CONFIG_PALLETS!$C:$C,CONFIG_PALLETS!$A:$A,"GERAL",CONFIG_PALLETS!$B:$B,$C67&" ml"),""))) | G67: =IFERROR(ROUNDUP(D67/F67,0),"") | I67: =IF(H67="","",H67*IF(SUMIFS(CONFIG_PALLETS!$D:$D,CONFIG_PALLETS!$A:$A,IF(ISNUMBER(SEARCH("ESPUMA",$B67)),"ESPUMA",IF(OR(ISNUMBER(SEARCH("OLEO DE COCO",$B67)),ISNUMBER(SEARCH("ÓLEO DE COCO",$B67)),ISNUMBER(SEARCH("COPRA",$B67))),"ÓLEO DE COCO",IF(ISNUMBER(SEARCH("CORANTE",$B67)),"CORANTE",TRIM($B67)))),CONFIG_PALLETS!$B:$B,$C67&" ml")>0,SUMIFS(CONFIG_PALLETS!$D:$D,CONFIG_PALLETS!$A:$A,IF(ISNUMBER(SEARCH("ESPUMA",$B67)),"ESPUMA",IF(OR(ISNUMBER(SEARCH("OLEO DE COCO",$B67)),ISNUMBER(SEARCH("ÓLEO DE COCO",$B67)),ISNUMBER(SEARCH("COPRA",$B67))),"ÓLEO DE COCO",IF(ISNUMBER(SEARCH("CORANTE",$B67)),"CORANTE",TRIM($B67)))),CONFIG_PALLETS!$B:$B,$C67&" ml"),IF(SUMIFS(CONFIG_PALLETS!$D:$D,CONFIG_PALLETS!$A:$A,"GERAL",CONFIG_PALLETS!$B:$B,$C67&" ml")>0,SUMIFS(CONFIG_PALLETS!$D:$D,CONFIG_PALLETS!$A:$A,"GERAL",CONFIG_PALLETS!$B:$B,$C67&" ml"),12))) | J67: =IF(D67="","",ROUNDUP(D67/IF(AND(C67="600 ml",ISNUMBER(SEARCH("NORCAU",B67))),95,IF(AND(C67="600 ml",ISNUMBER(SEARCH("APURATOS",B67))),190,IF(C67="600 ml",95,IF(C67="400 ml",125,IF(C67="200 ml",330,IF(C67="180 ml",240,1)))))),0)) | L67: =IF(H67="","",H67) | N67: =IF(I67="","",I67)
J68: =IF(D68="","",ROUNDUP(D68/IF(AND(C68="600 ml",ISNUMBER(SEARCH("NORCAU",B68))),95,IF(AND(C68="600 ml",ISNUMBER(SEARCH("APURATOS",B68))),190,IF(C68="600 ml",95,IF(C68="400 ml",125,IF(C68="200 ml",330,IF(C68="180 ml",240,1)))))),0)) | L68: =IF(H68="","",H68) | N68: =IF(I68="","",I68)
B69: TOTAL | D69: =IF(J69="","",TEXT(J69,"#,##0")) | G69: =IF(K69="","",TEXT(K69,"#,##0")) | H69: =IF(L69="","",TEXT(L69,"#,##0")) | I69: =IF(M69="","",TEXT(M69,"#,##0")) | J69: =SUM(D64:D68) | K69: =SUM(G64:G68) | L69: =SUM(H64:H68) | M69: =SUM(I64:I68) | N69: =IF(I69="","",I69) | O69: =SUM(N65:N68)
J70: =IF(D70="","",ROUNDUP(D70/IF(AND(C70="600 ml",ISNUMBER(SEARCH("NORCAU",B70))),95,IF(AND(C70="600 ml",ISNUMBER(SEARCH("APURATOS",B70))),190,IF(C70="600 ml",95,IF(C70="400 ml",125,IF(C70="200 ml",330,IF(C70="180 ml",240,1)))))),0)) | L70: =IF(H70="","",H70) | N70: =IF(I70="","",I70)
A71: 46065 | B71: PRODUTO | C71: EMBALAGEM | D71: CAIXAS | E71: UN | F71: CX/PALLET | G71: PALLETS (PBR) | H71: REAL (CX) | I71: TOTAL LATAS
J72: =IF(D72="","",ROUNDUP(D72/IF(AND(C72="600 ml",ISNUMBER(SEARCH("NORCAU",B72))),95,IF(AND(C72="600 ml",ISNUMBER(SEARCH("APURATOS",B72))),190,IF(C72="600 ml",95,IF(C72="400 ml",125,IF(C72="200 ml",330,IF(C72="180 ml",240,1)))))),0)) | L72: =IF(H72="","",H72) | N72: =IF(I72="","",I72)
A73: 400 | B73: ICEBERG CHEF | C73: 400 | D73: =D66-L66 | E73: CX | F73: =IF($B73="","",IF(SUMIFS(CONFIG_PALLETS!$C:$C,CONFIG_PALLETS!$A:$A,TRIM($B73),CONFIG_PALLETS!$B:$B,$C73&" ml")>0,SUMIFS(CONFIG_PALLETS!$C:$C,CONFIG_PALLETS!$A:$A,TRIM($B73),CONFIG_PALLETS!$B:$B,$C73&" ml"),IF(SUMIFS(CONFIG_PALLETS!$C:$C,CONFIG_PALLETS!$A:$A,"GERAL",CONFIG_PALLETS!$B:$B,$C73&" ml")>0,SUMIFS(CONFIG_PALLETS!$C:$C,CONFIG_PALLETS!$A:$A,"GERAL",CONFIG_PALLETS!$B:$B,$C73&" ml"),""))) | G73: =IFERROR(ROUNDUP(D73/F73,0),"") | H73: 1431 | I73: =IF(H73="","",H73*IF(SUMIFS(CONFIG_PALLETS!$D:$D,CONFIG_PALLETS!$A:$A,IF(ISNUMBER(SEARCH("ESPUMA",$B73)),"ESPUMA",IF(OR(ISNUMBER(SEARCH("OLEO DE COCO",$B73)),ISNUMBER(SEARCH("ÓLEO DE COCO",$B73)),ISNUMBER(SEARCH("COPRA",$B73))),"ÓLEO DE COCO",IF(ISNUMBER(SEARCH("CORANTE",$B73)),"CORANTE",TRIM($B73)))),CONFIG_PALLETS!$B:$B,$C73&" ml")>0,SUMIFS(CONFIG_PALLETS!$D:$D,CONFIG_PALLETS!$A:$A,IF(ISNUMBER(SEARCH("ESPUMA",$B73)),"ESPUMA",IF(OR(ISNUMBER(SEARCH("OLEO DE COCO",$B73)),ISNUMBER(SEARCH("ÓLEO DE COCO",$B73)),ISNUMBER(SEARCH("COPRA",$B73))),"ÓLEO DE COCO",IF(ISNUMBER(SEARCH("CORANTE",$B73)),"CORANTE",TRIM($B73)))),CONFIG_PALLETS!$B:$B,$C73&" ml"),IF(SUMIFS(CONFIG_PALLETS!$D:$D,CONFIG_PALLETS!$A:$A,"GERAL",CONFIG_PALLETS!$B:$B,$C73&" ml")>0,SUMIFS(CONFIG_PALLETS!$D:$D,CONFIG_PALLETS!$A:$A,"GERAL",CONFIG_PALLETS!$B:$B,$C73&" ml"),12))) | J73: =IF(D73="","",ROUNDUP(D73/IF(AND(C73="600 ml",ISNUMBER(SEARCH("NORCAU",B73))),95,IF(AND(C73="600 ml",ISNUMBER(SEARCH("APURATOS",B73))),190,IF(C73="600 ml",95,IF(C73="400 ml",125,IF(C73="200 ml",330,IF(C73="180 ml",240,1)))))),0)) | L73: =IF(H73="","",H73) | N73: =IF(I73="","",I73)
E74: CX | F74: =IF($B74="","",IF(SUMIFS(CONFIG_PALLETS!$C:$C,CONFIG_PALLETS!$A:$A,TRIM($B74),CONFIG_PALLETS!$B:$B,$C74&" ml")>0,SUMIFS(CONFIG_PALLETS!$C:$C,CONFIG_PALLETS!$A:$A,TRIM($B74),CONFIG_PALLETS!$B:$B,$C74&" ml"),IF(SUMIFS(CONFIG_PALLETS!$C:$C,CONFIG_PALLETS!$A:$A,"GERAL",CONFIG_PALLETS!$B:$B,$C74&" ml")>0,SUMIFS(CONFIG_PALLETS!$C:$C,CONFIG_PALLETS!$A:$A,"GERAL",CONFIG_PALLETS!$B:$B,$C74&" ml"),""))) | G74: =IFERROR(ROUNDUP(D74/F74,0),"") | I74: =IF(H74="","",H74*IF(SUMIFS(CONFIG_PALLETS!$D:$D,CONFIG_PALLETS!$A:$A,IF(ISNUMBER(SEARCH("ESPUMA",$B74)),"ESPUMA",IF(OR(ISNUMBER(SEARCH("OLEO DE COCO",$B74)),ISNUMBER(SEARCH("ÓLEO DE COCO",$B74)),ISNUMBER(SEARCH("COPRA",$B74))),"ÓLEO DE COCO",IF(ISNUMBER(SEARCH("CORANTE",$B74)),"CORANTE",TRIM($B74)))),CONFIG_PALLETS!$B:$B,$C74&" ml")>0,SUMIFS(CONFIG_PALLETS!$D:$D,CONFIG_PALLETS!$A:$A,IF(ISNUMBER(SEARCH("ESPUMA",$B74)),"ESPUMA",IF(OR(ISNUMBER(SEARCH("OLEO DE COCO",$B74)),ISNUMBER(SEARCH("ÓLEO DE COCO",$B74)),ISNUMBER(SEARCH("COPRA",$B74))),"ÓLEO DE COCO",IF(ISNUMBER(SEARCH("CORANTE",$B74)),"CORANTE",TRIM($B74)))),CONFIG_PALLETS!$B:$B,$C74&" ml"),IF(SUMIFS(CONFIG_PALLETS!$D:$D,CONFIG_PALLETS!$A:$A,"GERAL",CONFIG_PALLETS!$B:$B,$C74&" ml")>0,SUMIFS(CONFIG_PALLETS!$D:$D,CONFIG_PALLETS!$A:$A,"GERAL",CONFIG_PALLETS!$B:$B,$C74&" ml"),12))) | J74: =IF(D74="","",ROUNDUP(D74/IF(AND(C74="600 ml",ISNUMBER(SEARCH("NORCAU",B74))),95,IF(AND(C74="600 ml",ISNUMBER(SEARCH("APURATOS",B74))),190,IF(C74="600 ml",95,IF(C74="400 ml",125,IF(C74="200 ml",330,IF(C74="180 ml",240,1)))))),0)) | L74: =IF(H74="","",H74) | N74: =IF(I74="","",I74)
E75: CX | F75: =IF($B75="","",IF(SUMIFS(CONFIG_PALLETS!$C:$C,CONFIG_PALLETS!$A:$A,TRIM($B75),CONFIG_PALLETS!$B:$B,$C75&" ml")>0,SUMIFS(CONFIG_PALLETS!$C:$C,CONFIG_PALLETS!$A:$A,TRIM($B75),CONFIG_PALLETS!$B:$B,$C75&" ml"),IF(SUMIFS(CONFIG_PALLETS!$C:$C,CONFIG_PALLETS!$A:$A,"GERAL",CONFIG_PALLETS!$B:$B,$C75&" ml")>0,SUMIFS(CONFIG_PALLETS!$C:$C,CONFIG_PALLETS!$A:$A,"GERAL",CONFIG_PALLETS!$B:$B,$C75&" ml"),""))) | G75: =IFERROR(ROUNDUP(D75/F75,0),"") | I75: =IF(H75="","",H75*IF(SUMIFS(CONFIG_PALLETS!$D:$D,CONFIG_PALLETS!$A:$A,IF(ISNUMBER(SEARCH("ESPUMA",$B75)),"ESPUMA",IF(OR(ISNUMBER(SEARCH("OLEO DE COCO",$B75)),ISNUMBER(SEARCH("ÓLEO DE COCO",$B75)),ISNUMBER(SEARCH("COPRA",$B75))),"ÓLEO DE COCO",IF(ISNUMBER(SEARCH("CORANTE",$B75)),"CORANTE",TRIM($B75)))),CONFIG_PALLETS!$B:$B,$C75&" ml")>0,SUMIFS(CONFIG_PALLETS!$D:$D,CONFIG_PALLETS!$A:$A,IF(ISNUMBER(SEARCH("ESPUMA",$B75)),"ESPUMA",IF(OR(ISNUMBER(SEARCH("OLEO DE COCO",$B75)),ISNUMBER(SEARCH("ÓLEO DE COCO",$B75)),ISNUMBER(SEARCH("COPRA",$B75))),"ÓLEO DE COCO",IF(ISNUMBER(SEARCH("CORANTE",$B75)),"CORANTE",TRIM($B75)))),CONFIG_PALLETS!$B:$B,$C75&" ml"),IF(SUMIFS(CONFIG_PALLETS!$D:$D,CONFIG_PALLETS!$A:$A,"GERAL",CONFIG_PALLETS!$B:$B,$C75&" ml")>0,SUMIFS(CONFIG_PALLETS!$D:$D,CONFIG_PALLETS!$A:$A,"GERAL",CONFIG_PALLETS!$B:$B,$C75&" ml"),12))) | J75: =IF(D75="","",ROUNDUP(D75/IF(AND(C75="600 ml",ISNUMBER(SEARCH("NORCAU",B75))),95,IF(AND(C75="600 ml",ISNUMBER(SEARCH("APURATOS",B75))),190,IF(C75="600 ml",95,IF(C75="400 ml",125,IF(C75="200 ml",330,IF(C75="180 ml",240,1)))))),0)) | L75: =IF(H75="","",H75) | N75: =IF(I75="","",I75)
J76: =IF(D76="","",ROUNDUP(D76/IF(AND(C76="600 ml",ISNUMBER(SEARCH("NORCAU",B76))),95,IF(AND(C76="600 ml",ISNUMBER(SEARCH("APURATOS",B76))),190,IF(C76="600 ml",95,IF(C76="400 ml",125,IF(C76="200 ml",330,IF(C76="180 ml",240,1)))))),0)) | L76: =IF(H76="","",H76) | N76: =IF(I76="","",I76)
B77: TOTAL | D77: =IF(J77="","",TEXT(J77,"#,##0")) | G77: =IF(K77="","",TEXT(K77,"#,##0")) | H77: =IF(L77="","",TEXT(L77,"#,##0")) | I77: =IF(M77="","",TEXT(M77,"#,##0")) | J77: =SUM(D72:D76) | K77: =SUM(G72:G76) | L77: =SUM(H72:H76) | M77: =SUM(I72:I76) | N77: =IF(I77="","",I77) | O77: =SUM(N73:N76)
J78: =IF(D78="","",ROUNDUP(D78/IF(AND(C78="600 ml",ISNUMBER(SEARCH("NORCAU",B78))),95,IF(AND(C78="600 ml",ISNUMBER(SEARCH("APURATOS",B78))),190,IF(C78="600 ml",95,IF(C78="400 ml",125,IF(C78="200 ml",330,IF(C78="180 ml",240,1)))))),0)) | L78: =IF(H78="","",H78) | N78: =IF(I78="","",I78)
A79: 46066 | B79: PRODUTO | C79: EMBALAGEM | D79: CAIXAS | E79: UN | F79: CX/PALLET | G79: PALLETS (PBR) | H79: REAL (CX) | I79: TOTAL LATAS
J80: =IF(D80="","",ROUNDUP(D80/IF(AND(C80="600 ml",ISNUMBER(SEARCH("NORCAU",B80))),95,IF(AND(C80="600 ml",ISNUMBER(SEARCH("APURATOS",B80))),190,IF(C80="600 ml",95,IF(C80="400 ml",125,IF(C80="200 ml",330,IF(C80="180 ml",240,1)))))),0)) | L80: =IF(H80="","",H80) | N80: =IF(I80="","",I80)
A81: 400 | B81: ICEBERG CHEF | C81: 400 | D81: =D73-L73 | E81: CX | F81: =IF($B81="","",IF(SUMIFS(CONFIG_PALLETS!$C:$C,CONFIG_PALLETS!$A:$A,TRIM($B81),CONFIG_PALLETS!$B:$B,$C81&" ml")>0,SUMIFS(CONFIG_PALLETS!$C:$C,CONFIG_PALLETS!$A:$A,TRIM($B81),CONFIG_PALLETS!$B:$B,$C81&" ml"),IF(SUMIFS(CONFIG_PALLETS!$C:$C,CONFIG_PALLETS!$A:$A,"GERAL",CONFIG_PALLETS!$B:$B,$C81&" ml")>0,SUMIFS(CONFIG_PALLETS!$C:$C,CONFIG_PALLETS!$A:$A,"GERAL",CONFIG_PALLETS!$B:$B,$C81&" ml"),""))) | G81: =IFERROR(ROUNDUP(D81/F81,0),"") | H81: 287 | I81: =IF(H81="","",H81*IF(SUMIFS(CONFIG_PALLETS!$D:$D,CONFIG_PALLETS!$A:$A,IF(ISNUMBER(SEARCH("ESPUMA",$B81)),"ESPUMA",IF(OR(ISNUMBER(SEARCH("OLEO DE COCO",$B81)),ISNUMBER(SEARCH("ÓLEO DE COCO",$B81)),ISNUMBER(SEARCH("COPRA",$B81))),"ÓLEO DE COCO",IF(ISNUMBER(SEARCH("CORANTE",$B81)),"CORANTE",TRIM($B81)))),CONFIG_PALLETS!$B:$B,$C81&" ml")>0,SUMIFS(CONFIG_PALLETS!$D:$D,CONFIG_PALLETS!$A:$A,IF(ISNUMBER(SEARCH("ESPUMA",$B81)),"ESPUMA",IF(OR(ISNUMBER(SEARCH("OLEO DE COCO",$B81)),ISNUMBER(SEARCH("ÓLEO DE COCO",$B81)),ISNUMBER(SEARCH("COPRA",$B81))),"ÓLEO DE COCO",IF(ISNUMBER(SEARCH("CORANTE",$B81)),"CORANTE",TRIM($B81)))),CONFIG_PALLETS!$B:$B,$C81&" ml"),IF(SUMIFS(CONFIG_PALLETS!$D:$D,CONFIG_PALLETS!$A:$A,"GERAL",CONFIG_PALLETS!$B:$B,$C81&" ml")>0,SUMIFS(CONFIG_PALLETS!$D:$D,CONFIG_PALLETS!$A:$A,"GERAL",CONFIG_PALLETS!$B:$B,$C81&" ml"),12))) | J81: =IF(D81="","",ROUNDUP(D81/IF(AND(C81="600 ml",ISNUMBER(SEARCH("NORCAU",B81))),95,IF(AND(C81="600 ml",ISNUMBER(SEARCH("APURATOS",B81))),190,IF(C81="600 ml",95,IF(C81="400 ml",125,IF(C81="200 ml",330,IF(C81="180 ml",240,1)))))),0)) | L81: =IF(H81="","",H81) | N81: =IF(I81="","",I81) | P81: PARAMOS 14:00 POIS O MOTOR DA ESTEIRA PRINCIPAL QUEBROU.
B82: CASA PANIFICADOR | C82: 400 | D82: 200 | E82: CX | F82: =IF($B82="","",IF(SUMIFS(CONFIG_PALLETS!$C:$C,CONFIG_PALLETS!$A:$A,TRIM($B82),CONFIG_PALLETS!$B:$B,$C82&" ml")>0,SUMIFS(CONFIG_PALLETS!$C:$C,CONFIG_PALLETS!$A:$A,TRIM($B82),CONFIG_PALLETS!$B:$B,$C82&" ml"),IF(SUMIFS(CONFIG_PALLETS!$C:$C,CONFIG_PALLETS!$A:$A,"GERAL",CONFIG_PALLETS!$B:$B,$C82&" ml")>0,SUMIFS(CONFIG_PALLETS!$C:$C,CONFIG_PALLETS!$A:$A,"GERAL",CONFIG_PALLETS!$B:$B,$C82&" ml"),""))) | G82: =IFERROR(ROUNDUP(D82/F82,0),"") | H82: 202 | I82: =IF(H82="","",H82*IF(SUMIFS(CONFIG_PALLETS!$D:$D,CONFIG_PALLETS!$A:$A,IF(ISNUMBER(SEARCH("ESPUMA",$B82)),"ESPUMA",IF(OR(ISNUMBER(SEARCH("OLEO DE COCO",$B82)),ISNUMBER(SEARCH("ÓLEO DE COCO",$B82)),ISNUMBER(SEARCH("COPRA",$B82))),"ÓLEO DE COCO",IF(ISNUMBER(SEARCH("CORANTE",$B82)),"CORANTE",TRIM($B82)))),CONFIG_PALLETS!$B:$B,$C82&" ml")>0,SUMIFS(CONFIG_PALLETS!$D:$D,CONFIG_PALLETS!$A:$A,IF(ISNUMBER(SEARCH("ESPUMA",$B82)),"ESPUMA",IF(OR(ISNUMBER(SEARCH("OLEO DE COCO",$B82)),ISNUMBER(SEARCH("ÓLEO DE COCO",$B82)),ISNUMBER(SEARCH("COPRA",$B82))),"ÓLEO DE COCO",IF(ISNUMBER(SEARCH("CORANTE",$B82)),"CORANTE",TRIM($B82)))),CONFIG_PALLETS!$B:$B,$C82&" ml"),IF(SUMIFS(CONFIG_PALLETS!$D:$D,CONFIG_PALLETS!$A:$A,"GERAL",CONFIG_PALLETS!$B:$B,$C82&" ml")>0,SUMIFS(CONFIG_PALLETS!$D:$D,CONFIG_PALLETS!$A:$A,"GERAL",CONFIG_PALLETS!$B:$B,$C82&" ml"),12))) | J82: =IF(D82="","",ROUNDUP(D82/IF(AND(C82="600 ml",ISNUMBER(SEARCH("NORCAU",B82))),95,IF(AND(C82="600 ml",ISNUMBER(SEARCH("APURATOS",B82))),190,IF(C82="600 ml",95,IF(C82="400 ml",125,IF(C82="200 ml",330,IF(C82="180 ml",240,1)))))),0)) | L82: =IF(H82="","",H82) | N82: =IF(I82="","",I82)
B83: REPETECO CHEF | C83: 400 | D83: 250 | E83: CX | F83: =IF($B83="","",IF(SUMIFS(CONFIG_PALLETS!$C:$C,CONFIG_PALLETS!$A:$A,TRIM($B83),CONFIG_PALLETS!$B:$B,$C83&" ml")>0,SUMIFS(CONFIG_PALLETS!$C:$C,CONFIG_PALLETS!$A:$A,TRIM($B83),CONFIG_PALLETS!$B:$B,$C83&" ml"),IF(SUMIFS(CONFIG_PALLETS!$C:$C,CONFIG_PALLETS!$A:$A,"GERAL",CONFIG_PALLETS!$B:$B,$C83&" ml")>0,SUMIFS(CONFIG_PALLETS!$C:$C,CONFIG_PALLETS!$A:$A,"GERAL",CONFIG_PALLETS!$B:$B,$C83&" ml"),""))) | G83: =IFERROR(ROUNDUP(D83/F83,0),"") | H83: 252 | I83: =IF(H83="","",H83*IF(SUMIFS(CONFIG_PALLETS!$D:$D,CONFIG_PALLETS!$A:$A,IF(ISNUMBER(SEARCH("ESPUMA",$B83)),"ESPUMA",IF(OR(ISNUMBER(SEARCH("OLEO DE COCO",$B83)),ISNUMBER(SEARCH("ÓLEO DE COCO",$B83)),ISNUMBER(SEARCH("COPRA",$B83))),"ÓLEO DE COCO",IF(ISNUMBER(SEARCH("CORANTE",$B83)),"CORANTE",TRIM($B83)))),CONFIG_PALLETS!$B:$B,$C83&" ml")>0,SUMIFS(CONFIG_PALLETS!$D:$D,CONFIG_PALLETS!$A:$A,IF(ISNUMBER(SEARCH("ESPUMA",$B83)),"ESPUMA",IF(OR(ISNUMBER(SEARCH("OLEO DE COCO",$B83)),ISNUMBER(SEARCH("ÓLEO DE COCO",$B83)),ISNUMBER(SEARCH("COPRA",$B83))),"ÓLEO DE COCO",IF(ISNUMBER(SEARCH("CORANTE",$B83)),"CORANTE",TRIM($B83)))),CONFIG_PALLETS!$B:$B,$C83&" ml"),IF(SUMIFS(CONFIG_PALLETS!$D:$D,CONFIG_PALLETS!$A:$A,"GERAL",CONFIG_PALLETS!$B:$B,$C83&" ml")>0,SUMIFS(CONFIG_PALLETS!$D:$D,CONFIG_PALLETS!$A:$A,"GERAL",CONFIG_PALLETS!$B:$B,$C83&" ml"),12))) | J83: =IF(D83="","",ROUNDUP(D83/IF(AND(C83="600 ml",ISNUMBER(SEARCH("NORCAU",B83))),95,IF(AND(C83="600 ml",ISNUMBER(SEARCH("APURATOS",B83))),190,IF(C83="600 ml",95,IF(C83="400 ml",125,IF(C83="200 ml",330,IF(C83="180 ml",240,1)))))),0)) | L83: =IF(H83="","",H83) | N83: =IF(I83="","",I83)
B84: ROCHAPAN | C84: 400 | D84: 250 | E84: CX | F84: =IF($B84="","",IF(SUMIFS(CONFIG_PALLETS!$C:$C,CONFIG_PALLETS!$A:$A,TRIM($B84),CONFIG_PALLETS!$B:$B,$C84&" ml")>0,SUMIFS(CONFIG_PALLETS!$C:$C,CONFIG_PALLETS!$A:$A,TRIM($B84),CONFIG_PALLETS!$B:$B,$C84&" ml"),IF(SUMIFS(CONFIG_PALLETS!$C:$C,CONFIG_PALLETS!$A:$A,"GERAL",CONFIG_PALLETS!$B:$B,$C84&" ml")>0,SUMIFS(CONFIG_PALLETS!$C:$C,CONFIG_PALLETS!$A:$A,"GERAL",CONFIG_PALLETS!$B:$B,$C84&" ml"),""))) | G84: =IFERROR(ROUNDUP(D84/F84,0),"") | H84: 61 | I84: =IF(H84="","",H84*IF(SUMIFS(CONFIG_PALLETS!$D:$D,CONFIG_PALLETS!$A:$A,IF(ISNUMBER(SEARCH("ESPUMA",$B84)),"ESPUMA",IF(OR(ISNUMBER(SEARCH("OLEO DE COCO",$B84)),ISNUMBER(SEARCH("ÓLEO DE COCO",$B84)),ISNUMBER(SEARCH("COPRA",$B84))),"ÓLEO DE COCO",IF(ISNUMBER(SEARCH("CORANTE",$B84)),"CORANTE",TRIM($B84)))),CONFIG_PALLETS!$B:$B,$C84&" ml")>0,SUMIFS(CONFIG_PALLETS!$D:$D,CONFIG_PALLETS!$A:$A,IF(ISNUMBER(SEARCH("ESPUMA",$B84)),"ESPUMA",IF(OR(ISNUMBER(SEARCH("OLEO DE COCO",$B84)),ISNUMBER(SEARCH("ÓLEO DE COCO",$B84)),ISNUMBER(SEARCH("COPRA",$B84))),"ÓLEO DE COCO",IF(ISNUMBER(SEARCH("CORANTE",$B84)),"CORANTE",TRIM($B84)))),CONFIG_PALLETS!$B:$B,$C84&" ml"),IF(SUMIFS(CONFIG_PALLETS!$D:$D,CONFIG_PALLETS!$A:$A,"GERAL",CONFIG_PALLETS!$B:$B,$C84&" ml")>0,SUMIFS(CONFIG_PALLETS!$D:$D,CONFIG_PALLETS!$A:$A,"GERAL",CONFIG_PALLETS!$B:$B,$C84&" ml"),12))) | J84: =IF(D84="","",ROUNDUP(D84/IF(AND(C84="600 ml",ISNUMBER(SEARCH("NORCAU",B84))),95,IF(AND(C84="600 ml",ISNUMBER(SEARCH("APURATOS",B84))),190,IF(C84="600 ml",95,IF(C84="400 ml",125,IF(C84="200 ml",330,IF(C84="180 ml",240,1)))))),0)) | L84: =IF(H84="","",H84) | N84: =IF(I84="","",I84)
B85: BRICOFLEX | C85: 400 | D85: 125 | E85: CX | F85: =IF($B85="","",IF(SUMIFS(CONFIG_PALLETS!$C:$C,CONFIG_PALLETS!$A:$A,TRIM($B85),CONFIG_PALLETS!$B:$B,$C85&" ml")>0,SUMIFS(CONFIG_PALLETS!$C:$C,CONFIG_PALLETS!$A:$A,TRIM($B85),CONFIG_PALLETS!$B:$B,$C85&" ml"),IF(SUMIFS(CONFIG_PALLETS!$C:$C,CONFIG_PALLETS!$A:$A,"GERAL",CONFIG_PALLETS!$B:$B,$C85&" ml")>0,SUMIFS(CONFIG_PALLETS!$C:$C,CONFIG_PALLETS!$A:$A,"GERAL",CONFIG_PALLETS!$B:$B,$C85&" ml"),""))) | G85: =IFERROR(ROUNDUP(D85/F85,0),"") | I85: =IF(H85="","",H85*IF(SUMIFS(CONFIG_PALLETS!$D:$D,CONFIG_PALLETS!$A:$A,IF(ISNUMBER(SEARCH("ESPUMA",$B85)),"ESPUMA",IF(OR(ISNUMBER(SEARCH("OLEO DE COCO",$B85)),ISNUMBER(SEARCH("ÓLEO DE COCO",$B85)),ISNUMBER(SEARCH("COPRA",$B85))),"ÓLEO DE COCO",IF(ISNUMBER(SEARCH("CORANTE",$B85)),"CORANTE",TRIM($B85)))),CONFIG_PALLETS!$B:$B,$C85&" ml")>0,SUMIFS(CONFIG_PALLETS!$D:$D,CONFIG_PALLETS!$A:$A,IF(ISNUMBER(SEARCH("ESPUMA",$B85)),"ESPUMA",IF(OR(ISNUMBER(SEARCH("OLEO DE COCO",$B85)),ISNUMBER(SEARCH("ÓLEO DE COCO",$B85)),ISNUMBER(SEARCH("COPRA",$B85))),"ÓLEO DE COCO",IF(ISNUMBER(SEARCH("CORANTE",$B85)),"CORANTE",TRIM($B85)))),CONFIG_PALLETS!$B:$B,$C85&" ml"),IF(SUMIFS(CONFIG_PALLETS!$D:$D,CONFIG_PALLETS!$A:$A,"GERAL",CONFIG_PALLETS!$B:$B,$C85&" ml")>0,SUMIFS(CONFIG_PALLETS!$D:$D,CONFIG_PALLETS!$A:$A,"GERAL",CONFIG_PALLETS!$B:$B,$C85&" ml"),12))) | J85: =IF(D85="","",ROUNDUP(D85/IF(AND(C85="600 ml",ISNUMBER(SEARCH("NORCAU",B85))),95,IF(AND(C85="600 ml",ISNUMBER(SEARCH("APURATOS",B85))),190,IF(C85="600 ml",95,IF(C85="400 ml",125,IF(C85="200 ml",330,IF(C85="180 ml",240,1)))))),0)) | L85: =IF(H85="","",H85) | N85: =IF(I85="","",I85)
B86: TTF | C86: 400 | D86: 125 | E86: CX | F86: =IF($B86="","",IF(SUMIFS(CONFIG_PALLETS!$C:$C,CONFIG_PALLETS!$A:$A,TRIM($B86),CONFIG_PALLETS!$B:$B,$C86&" ml")>0,SUMIFS(CONFIG_PALLETS!$C:$C,CONFIG_PALLETS!$A:$A,TRIM($B86),CONFIG_PALLETS!$B:$B,$C86&" ml"),IF(SUMIFS(CONFIG_PALLETS!$C:$C,CONFIG_PALLETS!$A:$A,"GERAL",CONFIG_PALLETS!$B:$B,$C86&" ml")>0,SUMIFS(CONFIG_PALLETS!$C:$C,CONFIG_PALLETS!$A:$A,"GERAL",CONFIG_PALLETS!$B:$B,$C86&" ml"),""))) | G86: =IFERROR(ROUNDUP(D86/F86,0),"") | I86: =IF(H86="","",H86*IF(SUMIFS(CONFIG_PALLETS!$D:$D,CONFIG_PALLETS!$A:$A,IF(ISNUMBER(SEARCH("ESPUMA",$B86)),"ESPUMA",IF(OR(ISNUMBER(SEARCH("OLEO DE COCO",$B86)),ISNUMBER(SEARCH("ÓLEO DE COCO",$B86)),ISNUMBER(SEARCH("COPRA",$B86))),"ÓLEO DE COCO",IF(ISNUMBER(SEARCH("CORANTE",$B86)),"CORANTE",TRIM($B86)))),CONFIG_PALLETS!$B:$B,$C86&" ml")>0,SUMIFS(CONFIG_PALLETS!$D:$D,CONFIG_PALLETS!$A:$A,IF(ISNUMBER(SEARCH("ESPUMA",$B86)),"ESPUMA",IF(OR(ISNUMBER(SEARCH("OLEO DE COCO",$B86)),ISNUMBER(SEARCH("ÓLEO DE COCO",$B86)),ISNUMBER(SEARCH("COPRA",$B86))),"ÓLEO DE COCO",IF(ISNUMBER(SEARCH("CORANTE",$B86)),"CORANTE",TRIM($B86)))),CONFIG_PALLETS!$B:$B,$C86&" ml"),IF(SUMIFS(CONFIG_PALLETS!$D:$D,CONFIG_PALLETS!$A:$A,"GERAL",CONFIG_PALLETS!$B:$B,$C86&" ml")>0,SUMIFS(CONFIG_PALLETS!$D:$D,CONFIG_PALLETS!$A:$A,"GERAL",CONFIG_PALLETS!$B:$B,$C86&" ml"),12))) | J86: =IF(D86="","",ROUNDUP(D86/IF(AND(C86="600 ml",ISNUMBER(SEARCH("NORCAU",B86))),95,IF(AND(C86="600 ml",ISNUMBER(SEARCH("APURATOS",B86))),190,IF(C86="600 ml",95,IF(C86="400 ml",125,IF(C86="200 ml",330,IF(C86="180 ml",240,1)))))),0)) | L86: =IF(H86="","",H86) | N86: =IF(I86="","",I86)
E87: CX | F87: =IF($B87="","",IF(SUMIFS(CONFIG_PALLETS!$C:$C,CONFIG_PALLETS!$A:$A,TRIM($B87),CONFIG_PALLETS!$B:$B,$C87&" ml")>0,SUMIFS(CONFIG_PALLETS!$C:$C,CONFIG_PALLETS!$A:$A,TRIM($B87),CONFIG_PALLETS!$B:$B,$C87&" ml"),IF(SUMIFS(CONFIG_PALLETS!$C:$C,CONFIG_PALLETS!$A:$A,"GERAL",CONFIG_PALLETS!$B:$B,$C87&" ml")>0,SUMIFS(CONFIG_PALLETS!$C:$C,CONFIG_PALLETS!$A:$A,"GERAL",CONFIG_PALLETS!$B:$B,$C87&" ml"),""))) | G87: =IFERROR(ROUNDUP(D87/F87,0),"") | I87: =IF(H87="","",H87*IF(SUMIFS(CONFIG_PALLETS!$D:$D,CONFIG_PALLETS!$A:$A,IF(ISNUMBER(SEARCH("ESPUMA",$B87)),"ESPUMA",IF(OR(ISNUMBER(SEARCH("OLEO DE COCO",$B87)),ISNUMBER(SEARCH("ÓLEO DE COCO",$B87)),ISNUMBER(SEARCH("COPRA",$B87))),"ÓLEO DE COCO",IF(ISNUMBER(SEARCH("CORANTE",$B87)),"CORANTE",TRIM($B87)))),CONFIG_PALLETS!$B:$B,$C87&" ml")>0,SUMIFS(CONFIG_PALLETS!$D:$D,CONFIG_PALLETS!$A:$A,IF(ISNUMBER(SEARCH("ESPUMA",$B87)),"ESPUMA",IF(OR(ISNUMBER(SEARCH("OLEO DE COCO",$B87)),ISNUMBER(SEARCH("ÓLEO DE COCO",$B87)),ISNUMBER(SEARCH("COPRA",$B87))),"ÓLEO DE COCO",IF(ISNUMBER(SEARCH("CORANTE",$B87)),"CORANTE",TRIM($B87)))),CONFIG_PALLETS!$B:$B,$C87&" ml"),IF(SUMIFS(CONFIG_PALLETS!$D:$D,CONFIG_PALLETS!$A:$A,"GERAL",CONFIG_PALLETS!$B:$B,$C87&" ml")>0,SUMIFS(CONFIG_PALLETS!$D:$D,CONFIG_PALLETS!$A:$A,"GERAL",CONFIG_PALLETS!$B:$B,$C87&" ml"),12))) | J87: =IF(D87="","",ROUNDUP(D87/IF(AND(C87="600 ml",ISNUMBER(SEARCH("NORCAU",B87))),95,IF(AND(C87="600 ml",ISNUMBER(SEARCH("APURATOS",B87))),190,IF(C87="600 ml",95,IF(C87="400 ml",125,IF(C87="200 ml",330,IF(C87="180 ml",240,1)))))),0)) | L87: =IF(H87="","",H87) | N87: =IF(I87="","",I87)
J88: =IF(D88="","",ROUNDUP(D88/IF(AND(C88="600 ml",ISNUMBER(SEARCH("NORCAU",B88))),95,IF(AND(C88="600 ml",ISNUMBER(SEARCH("APURATOS",B88))),190,IF(C88="600 ml",95,IF(C88="400 ml",125,IF(C88="200 ml",330,IF(C88="180 ml",240,1)))))),0)) | L88: =IF(H88="","",H88) | N88: =IF(I88="","",I88)
B89: TOTAL | D89: =IF(J89="","",TEXT(J89,"#,##0")) | G89: =IF(K89="","",TEXT(K89,"#,##0")) | H89: =IF(L89="","",TEXT(L89,"#,##0")) | I89: =IF(M89="","",TEXT(M89,"#,##0")) | J89: =SUM(D80:D88) | K89: =SUM(G80:G88) | L89: =SUM(H80:H88) | M89: =SUM(I80:I88) | N89: =IF(I89="","",I89) | O89: =SUM(N81:N88)
J90: =IF(D90="","",ROUNDUP(D90/IF(AND(C90="600 ml",ISNUMBER(SEARCH("NORCAU",B90))),95,IF(AND(C90="600 ml",ISNUMBER(SEARCH("APURATOS",B90))),190,IF(C90="600 ml",95,IF(C90="400 ml",125,IF(C90="200 ml",330,IF(C90="180 ml",240,1)))))),0)) | L90: =IF(H90="","",H90) | N90: =IF(I90="","",I90)
A91: 46071 | B91: PRODUTO | C91: EMBALAGEM | D91: CAIXAS | E91: UN | F91: CX/PALLET | G91: PALLETS (PBR) | H91: REAL (CX) | I91: TOTAL LATAS
J92: =IF(D92="","",ROUNDUP(D92/IF(AND(C92="600 ml",ISNUMBER(SEARCH("NORCAU",B92))),95,IF(AND(C92="600 ml",ISNUMBER(SEARCH("APURATOS",B92))),190,IF(C92="600 ml",95,IF(C92="400 ml",125,IF(C92="200 ml",330,IF(C92="180 ml",240,1)))))),0)) | L92: =IF(H92="","",H92) | N92: =IF(I92="","",I92)
A93: 400 | B93: ROCHAPAN | C93: 400 | D93: =D84-L84 | E93: CX | F93: =IF($B93="","",IF(SUMIFS(CONFIG_PALLETS!$C:$C,CONFIG_PALLETS!$A:$A,TRIM($B93),CONFIG_PALLETS!$B:$B,$C93&" ml")>0,SUMIFS(CONFIG_PALLETS!$C:$C,CONFIG_PALLETS!$A:$A,TRIM($B93),CONFIG_PALLETS!$B:$B,$C93&" ml"),IF(SUMIFS(CONFIG_PALLETS!$C:$C,CONFIG_PALLETS!$A:$A,"GERAL",CONFIG_PALLETS!$B:$B,$C93&" ml")>0,SUMIFS(CONFIG_PALLETS!$C:$C,CONFIG_PALLETS!$A:$A,"GERAL",CONFIG_PALLETS!$B:$B,$C93&" ml"),""))) | G93: =IFERROR(ROUNDUP(D93/F93,0),"") | H93: 192 | I93: =IF(H93="","",H93*IF(SUMIFS(CONFIG_PALLETS!$D:$D,CONFIG_PALLETS!$A:$A,IF(ISNUMBER(SEARCH("ESPUMA",$B93)),"ESPUMA",IF(OR(ISNUMBER(SEARCH("OLEO DE COCO",$B93)),ISNUMBER(SEARCH("ÓLEO DE COCO",$B93)),ISNUMBER(SEARCH("COPRA",$B93))),"ÓLEO DE COCO",IF(ISNUMBER(SEARCH("CORANTE",$B93)),"CORANTE",TRIM($B93)))),CONFIG_PALLETS!$B:$B,$C93&" ml")>0,SUMIFS(CONFIG_PALLETS!$D:$D,CONFIG_PALLETS!$A:$A,IF(ISNUMBER(SEARCH("ESPUMA",$B93)),"ESPUMA",IF(OR(ISNUMBER(SEARCH("OLEO DE COCO",$B93)),ISNUMBER(SEARCH("ÓLEO DE COCO",$B93)),ISNUMBER(SEARCH("COPRA",$B93))),"ÓLEO DE COCO",IF(ISNUMBER(SEARCH("CORANTE",$B93)),"CORANTE",TRIM($B93)))),CONFIG_PALLETS!$B:$B,$C93&" ml"),IF(SUMIFS(CONFIG_PALLETS!$D:$D,CONFIG_PALLETS!$A:$A,"GERAL",CONFIG_PALLETS!$B:$B,$C93&" ml")>0,SUMIFS(CONFIG_PALLETS!$D:$D,CONFIG_PALLETS!$A:$A,"GERAL",CONFIG_PALLETS!$B:$B,$C93&" ml"),12))) | J93: =IF(D93="","",ROUNDUP(D93/IF(AND(C93="600 ml",ISNUMBER(SEARCH("NORCAU",B93))),95,IF(AND(C93="600 ml",ISNUMBER(SEARCH("APURATOS",B93))),190,IF(C93="600 ml",95,IF(C93="400 ml",125,IF(C93="200 ml",330,IF(C93="180 ml",240,1)))))),0)) | L93: =IF(H93="","",H93) | N93: =IF(I93="","",I93) | P93: VOLTAMOS 13:00 APÓS A TROCA DO MOTOR DA ESTEIRA.
B94: BRICOFLEX | C94: 400 | D94: 125 | E94: CX | F94: =IF($B94="","",IF(SUMIFS(CONFIG_PALLETS!$C:$C,CONFIG_PALLETS!$A:$A,TRIM($B94),CONFIG_PALLETS!$B:$B,$C94&" ml")>0,SUMIFS(CONFIG_PALLETS!$C:$C,CONFIG_PALLETS!$A:$A,TRIM($B94),CONFIG_PALLETS!$B:$B,$C94&" ml"),IF(SUMIFS(CONFIG_PALLETS!$C:$C,CONFIG_PALLETS!$A:$A,"GERAL",CONFIG_PALLETS!$B:$B,$C94&" ml")>0,SUMIFS(CONFIG_PALLETS!$C:$C,CONFIG_PALLETS!$A:$A,"GERAL",CONFIG_PALLETS!$B:$B,$C94&" ml"),""))) | G94: =IFERROR(ROUNDUP(D94/F94,0),"") | H94: 229 | I94: =IF(H94="","",H94*IF(SUMIFS(CONFIG_PALLETS!$D:$D,CONFIG_PALLETS!$A:$A,IF(ISNUMBER(SEARCH("ESPUMA",$B94)),"ESPUMA",IF(OR(ISNUMBER(SEARCH("OLEO DE COCO",$B94)),ISNUMBER(SEARCH("ÓLEO DE COCO",$B94)),ISNUMBER(SEARCH("COPRA",$B94))),"ÓLEO DE COCO",IF(ISNUMBER(SEARCH("CORANTE",$B94)),"CORANTE",TRIM($B94)))),CONFIG_PALLETS!$B:$B,$C94&" ml")>0,SUMIFS(CONFIG_PALLETS!$D:$D,CONFIG_PALLETS!$A:$A,IF(ISNUMBER(SEARCH("ESPUMA",$B94)),"ESPUMA",IF(OR(ISNUMBER(SEARCH("OLEO DE COCO",$B94)),ISNUMBER(SEARCH("ÓLEO DE COCO",$B94)),ISNUMBER(SEARCH("COPRA",$B94))),"ÓLEO DE COCO",IF(ISNUMBER(SEARCH("CORANTE",$B94)),"CORANTE",TRIM($B94)))),CONFIG_PALLETS!$B:$B,$C94&" ml"),IF(SUMIFS(CONFIG_PALLETS!$D:$D,CONFIG_PALLETS!$A:$A,"GERAL",CONFIG_PALLETS!$B:$B,$C94&" ml")>0,SUMIFS(CONFIG_PALLETS!$D:$D,CONFIG_PALLETS!$A:$A,"GERAL",CONFIG_PALLETS!$B:$B,$C94&" ml"),12))) | J94: =IF(D94="","",ROUNDUP(D94/IF(AND(C94="600 ml",ISNUMBER(SEARCH("NORCAU",B94))),95,IF(AND(C94="600 ml",ISNUMBER(SEARCH("APURATOS",B94))),190,IF(C94="600 ml",95,IF(C94="400 ml",125,IF(C94="200 ml",330,IF(C94="180 ml",240,1)))))),0)) | L94: =IF(H94="","",H94) | N94: =IF(I94="","",I94)
B95: TTF | C95: 400 | D95: 125 | E95: CX | F95: =IF($B95="","",IF(SUMIFS(CONFIG_PALLETS!$C:$C,CONFIG_PALLETS!$A:$A,TRIM($B95),CONFIG_PALLETS!$B:$B,$C95&" ml")>0,SUMIFS(CONFIG_PALLETS!$C:$C,CONFIG_PALLETS!$A:$A,TRIM($B95),CONFIG_PALLETS!$B:$B,$C95&" ml"),IF(SUMIFS(CONFIG_PALLETS!$C:$C,CONFIG_PALLETS!$A:$A,"GERAL",CONFIG_PALLETS!$B:$B,$C95&" ml")>0,SUMIFS(CONFIG_PALLETS!$C:$C,CONFIG_PALLETS!$A:$A,"GERAL",CONFIG_PALLETS!$B:$B,$C95&" ml"),""))) | G95: =IFERROR(ROUNDUP(D95/F95,0),"") | H95: 18 | I95: =IF(H95="","",H95*IF(SUMIFS(CONFIG_PALLETS!$D:$D,CONFIG_PALLETS!$A:$A,IF(ISNUMBER(SEARCH("ESPUMA",$B95)),"ESPUMA",IF(OR(ISNUMBER(SEARCH("OLEO DE COCO",$B95)),ISNUMBER(SEARCH("ÓLEO DE COCO",$B95)),ISNUMBER(SEARCH("COPRA",$B95))),"ÓLEO DE COCO",IF(ISNUMBER(SEARCH("CORANTE",$B95)),"CORANTE",TRIM($B95)))),CONFIG_PALLETS!$B:$B,$C95&" ml")>0,SUMIFS(CONFIG_PALLETS!$D:$D,CONFIG_PALLETS!$A:$A,IF(ISNUMBER(SEARCH("ESPUMA",$B95)),"ESPUMA",IF(OR(ISNUMBER(SEARCH("OLEO DE COCO",$B95)),ISNUMBER(SEARCH("ÓLEO DE COCO",$B95)),ISNUMBER(SEARCH("COPRA",$B95))),"ÓLEO DE COCO",IF(ISNUMBER(SEARCH("CORANTE",$B95)),"CORANTE",TRIM($B95)))),CONFIG_PALLETS!$B:$B,$C95&" ml"),IF(SUMIFS(CONFIG_PALLETS!$D:$D,CONFIG_PALLETS!$A:$A,"GERAL",CONFIG_PALLETS!$B:$B,$C95&" ml")>0,SUMIFS(CONFIG_PALLETS!$D:$D,CONFIG_PALLETS!$A:$A,"GERAL",CONFIG_PALLETS!$B:$B,$C95&" ml"),12))) | J95: =IF(D95="","",ROUNDUP(D95/IF(AND(C95="600 ml",ISNUMBER(SEARCH("NORCAU",B95))),95,IF(AND(C95="600 ml",ISNUMBER(SEARCH("APURATOS",B95))),190,IF(C95="600 ml",95,IF(C95="400 ml",125,IF(C95="200 ml",330,IF(C95="180 ml",240,1)))))),0)) | L95: =IF(H95="","",H95) | N95: =IF(I95="","",I95)
E96: CX | F96: =IF($B96="","",IF(SUMIFS(CONFIG_PALLETS!$C:$C,CONFIG_PALLETS!$A:$A,TRIM($B96),CONFIG_PALLETS!$B:$B,$C96&" ml")>0,SUMIFS(CONFIG_PALLETS!$C:$C,CONFIG_PALLETS!$A:$A,TRIM($B96),CONFIG_PALLETS!$B:$B,$C96&" ml"),IF(SUMIFS(CONFIG_PALLETS!$C:$C,CONFIG_PALLETS!$A:$A,"GERAL",CONFIG_PALLETS!$B:$B,$C96&" ml")>0,SUMIFS(CONFIG_PALLETS!$C:$C,CONFIG_PALLETS!$A:$A,"GERAL",CONFIG_PALLETS!$B:$B,$C96&" ml"),""))) | G96: =IFERROR(ROUNDUP(D96/F96,0),"") | I96: =IF(H96="","",H96*IF(SUMIFS(CONFIG_PALLETS!$D:$D,CONFIG_PALLETS!$A:$A,IF(ISNUMBER(SEARCH("ESPUMA",$B96)),"ESPUMA",IF(OR(ISNUMBER(SEARCH("OLEO DE COCO",$B96)),ISNUMBER(SEARCH("ÓLEO DE COCO",$B96)),ISNUMBER(SEARCH("COPRA",$B96))),"ÓLEO DE COCO",IF(ISNUMBER(SEARCH("CORANTE",$B96)),"CORANTE",TRIM($B96)))),CONFIG_PALLETS!$B:$B,$C96&" ml")>0,SUMIFS(CONFIG_PALLETS!$D:$D,CONFIG_PALLETS!$A:$A,IF(ISNUMBER(SEARCH("ESPUMA",$B96)),"ESPUMA",IF(OR(ISNUMBER(SEARCH("OLEO DE COCO",$B96)),ISNUMBER(SEARCH("ÓLEO DE COCO",$B96)),ISNUMBER(SEARCH("COPRA",$B96))),"ÓLEO DE COCO",IF(ISNUMBER(SEARCH("CORANTE",$B96)),"CORANTE",TRIM($B96)))),CONFIG_PALLETS!$B:$B,$C96&" ml"),IF(SUMIFS(CONFIG_PALLETS!$D:$D,CONFIG_PALLETS!$A:$A,"GERAL",CONFIG_PALLETS!$B:$B,$C96&" ml")>0,SUMIFS(CONFIG_PALLETS!$D:$D,CONFIG_PALLETS!$A:$A,"GERAL",CONFIG_PALLETS!$B:$B,$C96&" ml"),12))) | J96: =IF(D96="","",ROUNDUP(D96/IF(AND(C96="600 ml",ISNUMBER(SEARCH("NORCAU",B96))),95,IF(AND(C96="600 ml",ISNUMBER(SEARCH("APURATOS",B96))),190,IF(C96="600 ml",95,IF(C96="400 ml",125,IF(C96="200 ml",330,IF(C96="180 ml",240,1)))))),0)) | L96: =IF(H96="","",H96) | N96: =IF(I96="","",I96)
E97: CX | F97: =IF($B97="","",IF(SUMIFS(CONFIG_PALLETS!$C:$C,CONFIG_PALLETS!$A:$A,TRIM($B97),CONFIG_PALLETS!$B:$B,$C97&" ml")>0,SUMIFS(CONFIG_PALLETS!$C:$C,CONFIG_PALLETS!$A:$A,TRIM($B97),CONFIG_PALLETS!$B:$B,$C97&" ml"),IF(SUMIFS(CONFIG_PALLETS!$C:$C,CONFIG_PALLETS!$A:$A,"GERAL",CONFIG_PALLETS!$B:$B,$C97&" ml")>0,SUMIFS(CONFIG_PALLETS!$C:$C,CONFIG_PALLETS!$A:$A,"GERAL",CONFIG_PALLETS!$B:$B,$C97&" ml"),""))) | G97: =IFERROR(ROUNDUP(D97/F97,0),"") | I97: =IF(H97="","",H97*IF(SUMIFS(CONFIG_PALLETS!$D:$D,CONFIG_PALLETS!$A:$A,IF(ISNUMBER(SEARCH("ESPUMA",$B97)),"ESPUMA",IF(OR(ISNUMBER(SEARCH("OLEO DE COCO",$B97)),ISNUMBER(SEARCH("ÓLEO DE COCO",$B97)),ISNUMBER(SEARCH("COPRA",$B97))),"ÓLEO DE COCO",IF(ISNUMBER(SEARCH("CORANTE",$B97)),"CORANTE",TRIM($B97)))),CONFIG_PALLETS!$B:$B,$C97&" ml")>0,SUMIFS(CONFIG_PALLETS!$D:$D,CONFIG_PALLETS!$A:$A,IF(ISNUMBER(SEARCH("ESPUMA",$B97)),"ESPUMA",IF(OR(ISNUMBER(SEARCH("OLEO DE COCO",$B97)),ISNUMBER(SEARCH("ÓLEO DE COCO",$B97)),ISNUMBER(SEARCH("COPRA",$B97))),"ÓLEO DE COCO",IF(ISNUMBER(SEARCH("CORANTE",$B97)),"CORANTE",TRIM($B97)))),CONFIG_PALLETS!$B:$B,$C97&" ml"),IF(SUMIFS(CONFIG_PALLETS!$D:$D,CONFIG_PALLETS!$A:$A,"GERAL",CONFIG_PALLETS!$B:$B,$C97&" ml")>0,SUMIFS(CONFIG_PALLETS!$D:$D,CONFIG_PALLETS!$A:$A,"GERAL",CONFIG_PALLETS!$B:$B,$C97&" ml"),12))) | J97: =IF(D97="","",ROUNDUP(D97/IF(AND(C97="600 ml",ISNUMBER(SEARCH("NORCAU",B97))),95,IF(AND(C97="600 ml",ISNUMBER(SEARCH("APURATOS",B97))),190,IF(C97="600 ml",95,IF(C97="400 ml",125,IF(C97="200 ml",330,IF(C97="180 ml",240,1)))))),0)) | L97: =IF(H97="","",H97) | N97: =IF(I97="","",I97)
J98: =IF(D98="","",ROUNDUP(D98/IF(AND(C98="600 ml",ISNUMBER(SEARCH("NORCAU",B98))),95,IF(AND(C98="600 ml",ISNUMBER(SEARCH("APURATOS",B98))),190,IF(C98="600 ml",95,IF(C98="400 ml",125,IF(C98="200 ml",330,IF(C98="180 ml",240,1)))))),0)) | L98: =IF(H98="","",H98) | N98: =IF(I98="","",I98)
B99: TOTAL | D99: =IF(J99="","",TEXT(J99,"#,##0")) | G99: =IF(K99="","",TEXT(K99,"#,##0")) | H99: =IF(L99="","",TEXT(L99,"#,##0")) | I99: =IF(M99="","",TEXT(M99,"#,##0")) | J99: =SUM(D92:D98) | K99: =SUM(G92:G98) | L99: =SUM(H92:H98) | M99: =SUM(I92:I98) | N99: =IF(I99="","",I99) | O99: =SUM(N93:N98)
J100: =IF(D100="","",ROUNDUP(D100/IF(AND(C100="600 ml",ISNUMBER(SEARCH("NORCAU",B100))),95,IF(AND(C100="600 ml",ISNUMBER(SEARCH("APURATOS",B100))),190,IF(C100="600 ml",95,IF(C100="400 ml",125,IF(C100="200 ml",330,IF(C100="180 ml",240,1)))))),0)) | L100: =IF(H100="","",H100) | N100: =IF(I100="","",I100)
...

Sheet GRAFICO FEVEREIRO
A1: RESULTADOS E GRÁFICO - FEVEREIRO
B3: Total do mês | D3: Meta do mês | F3: Média por dia | H3: Melhor dia | J3: Atingimento | K3: Legenda | L3: Leitura
B4: =SUM(C9:C30) | D4: =COUNTA(A9:A30)*CONFIG!$B$3 | F4: =IFERROR(SUMIFS(C9:C28,A9:A28,"<="&TODAY(),F9:F28,"<>*Feriado*")/COUNTIFS(A9:A28,"<="&TODAY(),F9:F28,"<>*Feriado*"),0) | H4: =IFERROR(MAX(C9:C30),0) | J4: =IFERROR(B4/D4,0) | K4: Verde | L4: Acima da meta
K5: Vermelho | L5: Abaixo da meta
K6: Cinza | L6: Igual à meta
A8: Data | B8: Dias trabalhados | C8: Realizado | D8: Meta diária | E8: Diferença | F8: Observações | X8: Realizado gráfico | Y8: Meta gráfico
A9: 46055 | B9: 1 | C9: ='SEMANA FEVEREIRO'!$M$9 | D9: =CONFIG!$B$3 | E9: =C9-D9 | X9: =IF(COUNTIF($F9,"*Feriado*")>0,NA(),$C9) | Y9: =IF(COUNTIF($F9,"*Feriado*")>0,NA(),$D9)
A10: 46056 | B10: 2 | C10: ='SEMANA FEVEREIRO'!$M$17 | D10: =CONFIG!$B$3 | E10: =C10-D10 | X10: =IF(COUNTIF($F10,"*Feriado*")>0,NA(),$C10) | Y10: =IF(COUNTIF($F10,"*Feriado*")>0,NA(),$D10)
A11: 46057 | B11: 3 | C11: ='SEMANA FEVEREIRO'!$M$25 | D11: =CONFIG!$B$3 | E11: =C11-D11 | X11: =IF(COUNTIF($F11,"*Feriado*")>0,NA(),$C11) | Y11: =IF(COUNTIF($F11,"*Feriado*")>0,NA(),$D11)
A12: 46058 | B12: 4 | C12: ='SEMANA FEVEREIRO'!$M$35 | D12: =CONFIG!$B$3 | E12: =C12-D12 | X12: =IF(COUNTIF($F12,"*Feriado*")>0,NA(),$C12) | Y12: =IF(COUNTIF($F12,"*Feriado*")>0,NA(),$D12)
A13: 46059 | B13: 5 | C13: ='SEMANA FEVEREIRO'!$M$44 | D13: =CONFIG!$B$3 | E13: =C13-D13 | X13: =IF(COUNTIF($F13,"*Feriado*")>0,NA(),$C13) | Y13: =IF(COUNTIF($F13,"*Feriado*")>0,NA(),$D13)
A14: 46062 | B14: 6 | C14: ='SEMANA FEVEREIRO'!$M$53 | D14: =CONFIG!$B$3 | E14: =C14-D14 | X14: =IF(COUNTIF($F14,"*Feriado*")>0,NA(),$C14) | Y14: =IF(COUNTIF($F14,"*Feriado*")>0,NA(),$D14)
A15: 46063 | B15: 7 | C15: ='SEMANA FEVEREIRO'!$M$61 | D15: =CONFIG!$B$3 | E15: =C15-D15 | X15: =IF(COUNTIF($F15,"*Feriado*")>0,NA(),$C15) | Y15: =IF(COUNTIF($F15,"*Feriado*")>0,NA(),$D15)
A16: 46064 | B16: 8 | C16: ='SEMANA FEVEREIRO'!$M$69 | D16: =CONFIG!$B$3 | E16: =C16-D16 | X16: =IF(COUNTIF($F16,"*Feriado*")>0,NA(),$C16) | Y16: =IF(COUNTIF($F16,"*Feriado*")>0,NA(),$D16)
A17: 46065 | B17: 9 | C17: ='SEMANA FEVEREIRO'!$M$77 | D17: =CONFIG!$B$3 | E17: =C17-D17 | X17: =IF(COUNTIF($F17,"*Feriado*")>0,NA(),$C17) | Y17: =IF(COUNTIF($F17,"*Feriado*")>0,NA(),$D17)
A18: 46066 | B18: 10 | C18: ='SEMANA FEVEREIRO'!$M$89 | D18: =CONFIG!$B$3 | E18: =C18-D18 | X18: =IF(COUNTIF($F18,"*Feriado*")>0,NA(),$C18) | Y18: =IF(COUNTIF($F18,"*Feriado*")>0,NA(),$D18)
A19: 46069 | B19: 11 | C19: 0 | D19: =CONFIG!$B$3 | E19: =C19-D19 | X19: =IF(COUNTIF($F19,"*Feriado*")>0,NA(),$C19) | Y19: =IF(COUNTIF($F19,"*Feriado*")>0,NA(),$D19)
A20: 46070 | B20: 12 | C20: 0 | D20: =CONFIG!$B$3 | E20: =C20-D20 | X20: =IF(COUNTIF($F20,"*Feriado*")>0,NA(),$C20) | Y20: =IF(COUNTIF($F20,"*Feriado*")>0,NA(),$D20)
A21: 46071 | B21: 13 | C21: ='SEMANA FEVEREIRO'!$M$99 | D21: =CONFIG!$B$3 | E21: =C21-D21 | X21: =IF(COUNTIF($F21,"*Feriado*")>0,NA(),$C21) | Y21: =IF(COUNTIF($F21,"*Feriado*")>0,NA(),$D21)
A22: 46072 | B22: 14 | C22: ='SEMANA FEVEREIRO'!$M$109 | D22: =CONFIG!$B$3 | E22: =C22-D22 | X22: =IF(COUNTIF($F22,"*Feriado*")>0,NA(),$C22) | Y22: =IF(COUNTIF($F22,"*Feriado*")>0,NA(),$D22)
A23: 46073 | B23: 15 | C23: ='SEMANA FEVEREIRO'!$M$118 | D23: =CONFIG!$B$3 | E23: =C23-D23 | X23: =IF(COUNTIF($F23,"*Feriado*")>0,NA(),$C23) | Y23: =IF(COUNTIF($F23,"*Feriado*")>0,NA(),$D23)
A24: 46076 | B24: 16 | C24: ='SEMANA FEVEREIRO'!$M$126 | D24: =CONFIG!$B$3 | E24: =C24-D24 | X24: =IF(COUNTIF($F24,"*Feriado*")>0,NA(),$C24) | Y24: =IF(COUNTIF($F24,"*Feriado*")>0,NA(),$D24)
A25: 46077 | B25: 17 | C25: ='SEMANA FEVEREIRO'!$M$135 | D25: =CONFIG!$B$3 | E25: =C25-D25 | X25: =IF(COUNTIF($F25,"*Feriado*")>0,NA(),$C25) | Y25: =IF(COUNTIF($F25,"*Feriado*")>0,NA(),$D25)
A26: 46078 | B26: 18 | C26: ='SEMANA FEVEREIRO'!$M$147 | D26: =CONFIG!$B$3 | E26: =C26-D26 | X26: =IF(COUNTIF($F26,"*Feriado*")>0,NA(),$C26) | Y26: =IF(COUNTIF($F26,"*Feriado*")>0,NA(),$D26)
A27: 46079 | B27: 19 | C27: ='SEMANA FEVEREIRO'!$M$156 | D27: =CONFIG!$B$3 | E27: =C27-D27 | X27: =IF(COUNTIF($F27,"*Feriado*")>0,NA(),$C27) | Y27: =IF(COUNTIF($F27,"*Feriado*")>0,NA(),$D27)
A28: 46080 | B28: 20 | C28: ='SEMANA FEVEREIRO'!$M$164 | D28: =CONFIG!$B$3 | E28: =C28-D28 | X28: =IF(COUNTIF($F28,"*Feriado*")>0,NA(),$C28) | Y28: =IF(COUNTIF($F28,"*Feriado*")>0,NA(),$D28)

Sheet MARÇO
B1: ORDEM DE PRODUÇÃO - MARÇO
B3: OP | C3: LOTE | E3: LOTE CLIENTE | G3: PRODUTO | K3: CLIENTE | M3: QTDE(Kg) | N3: FABRICAÇÃO
B4: 2026/057 | C4: 26010237 | G4: ITAIQUARA 600ML | K4: ITAIQUARA | M4: 3.420 LATAS | N4: 46085
B5: 2026/058 | C5: 26010238 | G5: TTF ABELHA 600ML | K5: TTF | M5: 2.880 LATAS | N5: 46085
B6: 2026/059 | C6: 26010239 | G6: UNTA FACIL ECO 600ML | K6: IN LOCO | M6: 3.696 LATAS | N6: 46086
B7: 2026/060 | C7: 26040240 | G7: ÓLEO DE COCO 200ML | K7: SANTO ÓLEO | M7: 5.960 LATAS | N7: 46100
B8: 2026/061 | C8: 26040241 | G8: ÓLEO DE COCO EXTRAVIRGEM | K8: CARREFOUR | M8: 2.880 LATAS | N8: 46087
B9: 2026/062 | C9: 26040242 | G9: ÓLEO DE COCO EXTRAVIRGEM TAEQ | K9: PÃO DE AÇUCAR | M9: 2.880 LATAS | N9: 46087
C10: 26010243 | G10: UNTA FORMA 180ML QUALITÁ | M10: 2.880 LATAS | N10: 46086
B11: 2026/063 | C11: 26010245 | G11: OL 40 | K11: SMART | M11: 420 KG | N11: 46084
C12: 26010246 | G12: OL 40 | M12: 420 KG | N12: 46084
C13: 26010247 | G13: OL 40 | M13: 420 KG | N13: 46084
C14: 26010248 | G14: OL 40 | M14: 420 KG | N14: 46084
C15: 26010249 | G15: OL 40 | M15: 420 KG | N15: 46085
C16: 26010250 | G16: OL 40 | M16: 420 KG | N16: 46085
C17: 26010251 | G17: OL 40 | M17: 420 KG | N17: 46085
C18: 26010252 | G18: OL 40 | M18: 420 KG | N18: 46086
C19: 26010253 | G19: OL 40 | M19: 420 KG | N19: 46086
C20: 26010254 | G20: OL ABELHA | M20: 420 KG | N20: 46085
C21: 26010255 | G21: OL ABELHA | M21: 420 KG | N21: 46085
C22: 26010256 | G22: OL ABELHA | M22: 420 KG | N22: 46085
C23: 26010257 | G23: OL ABELHA | M23: 420 KG | N23: 46085
... C35: 26010269 | G35: OL 40 | M35: 420 KG | N35: 46090
B36: 2026/064 | C36: 26010244 | G36: UNTA FACIL 180ML | K36: IN LOCO | M36: 8.640 LATAS | N36: 46086
B37: 2026/065 | C37: 26010270 | G37: DONA JURA 400ML | K37: CACAU FOODS | M37: 24.720 LATAS | N37: 46090
B38: 2026/066 | C38: 26010271 | G38: BONASSE 400ML | K38: ROCHAPAN | M38: 3.000 LATAS | N38: 46091
B39: 2026/067 | C39: 26010272 | G39: CELEBRATE 400ML | K39: BRILHART | M39: 3.000 LATAS | N39: 46091
B40: 2026/068 | C40: 26010273 | G40: UNTA FACIL 400ML | K40: IN LOCO | M40: 42.000 LATAS | N40: 46094 | O40: 21 PALLETS
B41: 2026/069 | E41: 2632170 | G41: CHEF DESMOLDANTE 400ML | K41: ICEBERG | M41: 27.720 LATAS | N41: 46097
B42: 2026/070 | C42: 26010274 | G42: UNTA FORMA GRILL 400ML | K42: FESTPAN | M42: 18.900 LATAS | N42: 46091
B43: 2026/071 | C43: 26010275 | G43: UNTA FORMA 400ML | K43: CASA DO PANIFICADOR | M43: 2.400 LATAS | N43: 46100
B44: 2026/072 | C44: 26010276 | E44: OL 277 | G44: UNTA FACIL AZEITE 180ML | K44: IN LOCO | M44: 2.880 LATAS | N44: 46086
B45: 2026/073 | C45: 26010277 | E45: OL 246 | G45: OL AZEITE | K45: SMART | M45: 265 KG | N45: 46084
B46: 2026/074 | C46: 26060278 | G46: AL 10 CONCENTRADO | K46: SMART | M46: 1.293 KG | N46: 46086
B47: 2026/075 | C47: 26060279 | E47: AL 278 | G47: AL 10 - 25LTRS | K47: MATEUS | M47: 60 BBs | N47: 46086
B48: 2026/076 | C48: 26010280 | G48: UNTA FACIL ECO 400ML | K48: IN LOCO | M48: 2.304 LATAS | N48: 46087
B49: 2026/077 | C49: 26010281 | G49: OL 40 | K49: SMART | M49: 420 KG | N49: 46091
C50: 26010282 | G50: OL 40 | M50: 420 KG | N50: 46091
C51: 26010283 | G51: OL 40 | M51: 420 KG | N51: 46091
C52: 26010284 | G52: OL 40 | M52: 420 KG | N52: 46091
C53: 26010285 | G53: OL 40 | M53: 420 KG | N53: 46091
C54: 26010286 | G54: OL 40 | M54: 420 KG | N54: 46091
C55: 26010287 | G55: OL 40 | M55: 420 KG | N55: 46092
C56: 26010288 | G56: OL 40 | M56: 420 KG | N56: 46092
C57: 26010289 | G57: OL 40 | M57: 420 KG | N57: 46092
C58: 26010290 | G58: OL 40 | M58: 420 KG | N58: 46092
C59: 26010291 | G59: OL 40 | M59: 420 KG | N59: 46092
C60: 26010292 | G60: OL 40 | M60: 420 KG | N60: 46092
C61: 26010293 | G61: OL 40 | M61: 420 KG | N61: 46093
... C73: 26010305 | G73: OL 40 | M73: 420 KG | N73: 46097
B74: 2026/078 | C74: 26010306 | G74: DESTAK 5L | K74: PURATOS | M74: 3.500 KG | N74: 46101
C75: 26010307 | G75: DESTAK 5L | M75: 3.500 KG | N75: 46104
C76: 26010308 | G76: DESTAK 5L | M76: 3.500 KG | N76: 46105
C77: 26010309 | G77: DESTAK 5L | M77: 3.500 KG | N77: 46106
C78: 26010310 | G78: DESTAK 5L | M78: 3.500 KG | N78: 46107
C79: 26010311 | G79: DESTAK 5L | M79: 3.500 KG | N79: 46120
B80: 2026/079 | C80: 26010312 | G80: OL 40 | K80: SMART | M80: 420 KG | N80: 46097
C81: 26010313 | G81: OL 40 | M81: 420 KG | N81: 46097
C82: 26010314 | G82: OL 40 | M82: 420 KG | N82: 46097
C83: 26010315 | G83: OL 40 | M83: 420 KG | N83: 46097
C84: 26010316 | G84: OL 40 | M84: 420 KG | N84: 46098
C85: 26010317 | G85: OL 40 | M85: 420 KG | N85: 46098
C86: 26010318 | G86: OL 40 | M86: 420 KG | N86: 46098
C87: 26010319 | G87: OL 40 | M87: 420 KG | N87: 46098
C88: 26010320 | G88: OL 40 | M88: 420 KG | N88: 46098
C89: 26010321 | G89: OL 40 | M89: 420 KG | N89: 46098
C90: 26010322 | G90: OL 40 | M90: 420 KG | N90: 46098
C91: 26010323 | G91: OL 40 (MANTEIGA) | M91: 420 KG | N91: 46099
