Workbook
Name EMB_600: CONFIG_LISTAS!$D$2
Name EMB_600: CONFIG_LISTAS!$D$2
Name EMB_600: CONFIG_LISTAS!$D$2
Name EMB_600: CONFIG_LISTAS!$D$2
Name EMB_600: CONFIG_LISTAS!$D$2
Name EMB_COCO: CONFIG_LISTAS!$C$2:$C$3
Name EMB_COCO: CONFIG_LISTAS!$C$2:$C$3
Name EMB_COCO: CONFIG_LISTAS!$C$2:$C$3
Name EMB_COCO: CONFIG_LISTAS!$C$2:$C$3
Name EMB_COCO: CONFIG_LISTAS!$C$2:$C$3
Name EMB_CORANTE: CONFIG_LISTAS!$B$2
Name EMB_CORANTE: CONFIG_LISTAS!$B$2
Name EMB_CORANTE: CONFIG_LISTAS!$B$2
Name EMB_CORANTE: CONFIG_LISTAS!$B$2
Name EMB_CORANTE: CONFIG_LISTAS!$B$2
Name EMB_TODAS: CONFIG_LISTAS!$A$2:$A$9
Name EMB_TODAS: CONFIG_LISTAS!$A$2:$A$9
Name EMB_TODAS: CONFIG_LISTAS!$A$2:$A$9
Name EMB_TODAS: CONFIG_LISTAS!$A$2:$A$9
Name EMB_TODAS: CONFIG_LISTAS!$A$2:$A$9

Sheet INSTRUÇÕES 
B1: INSTRUÇÕES DE USO
B2: Leia antes de usar • Manual operacional da planilha • AIDU
B5: — SEÇÃO 01 • MAPA DA PLANILHA —
B7: INSTRUÇÕES | C7: Esta aba. Leia primeiro.
B8: CAPA | C8: Visão executiva do ano: total realizado, meta e melhor mês.
B9: RANKING | C9: Top 10 produtos por latas produzidas no acumulado do ano.
B10: JANEIRO … DEZEMBRO | C10: Ordem de produção do mês (OP, lote, produto, cliente).
B11: SEMANA [MÊS] | C11: ★ Aba de preenchimento diário. Só mexer aqui.
B12: GRAFICO [MÊS] | C12: Gráfico diário: realizado x meta, com campo de observações.
B13: DASHBOARD | C13: Resumo executivo anual. Atualiza automático.
B14: RESUMO_MENSAL | C14: Tabela mensal com produção, meta, gás e status.
B15: GÁS | C15: Lançamento das cargas de gás (data + quantidade em KG).
B17: — SEÇÃO 02 • PREENCHIMENTO DIÁRIO (aba SEMANA) —
B19: ✅ Preencha apenas | C19: PRODUTO • EMBALAGEM • CAIXAS
B20: 🔒 Automático | C20: CX/Pallet • Pallets (PBR) • Real (CX) • Total de Latas
B21: Dia sem produção | C21: Coloque 0. Nunca apague a linha.
B22: Sábado trabalhado | C22: Preencher normalmente.
B23: Sábado não trabalhado | C23: Colocar 0.
B25: — SEÇÃO 03 • CONTROLE DE GÁS (aba GÁS) —
B27: O que preencher | C27: Coluna A = data da carga • Coluna QUANTIDADE = KG recebido
B28: O que é automático | C28: Total mensal, maior consumo e total anual no DASHBOARD.
B29: Produtos com 6 un/cx | C29: Espuma 200ml • Puratos Destak 600ml • Óleo de Coco 200ml
B30: Demais produtos | C30: 12 un/cx
B32: — SEÇÃO 04 • CAIXAS POR PALLET (PBR) —
B34: 70 ml / 100 ml / 125 ml / 180 ml | C34: 240 cx/pallet
B35: 200 ml (Espuma e Óleo de Coco) | C35: 330 cx/pallet
B36: 400 ml | C36: 125 cx/pallet (Iceberg: 110 cx/pallet)
B37: 500 ml (somente Douratto) | C37: 95 cx/pallet
B38: 600 ml | C38: 95 cx/pallet (Puratos Destak: 190 cx/pallet)
B40: — SEÇÃO 05 • RANKING DE PRODUTOS —
B42: Aba RANKING | C42: Top 10 produtos por latas no acumulado do ano.
B43: ADIMIX | C43: Consolida todas as variações de válvula (Fadeva, Precision etc.).
B44: Atualização | C44: Dados vêm da BASE_DADOS, que reflete os lançamentos das abas SEMANA.
B46: ⚠ REGRAS IMPORTANTES — NÃO IGNORE
B48: 🚫 NÃO apagar linhas | C48: Quebra as fórmulas de soma e referência.
B49: 🚫 NÃO mexer nas fórmulas | C49: Preencha apenas os campos indicados.
B50: 🚫 NÃO inserir linhas extras | C50: Nas abas SEMANA fora dos campos estruturados.
B51: 📅 Formato de data | C51: dd/mm/aaaa (ex: 01/05/2026)
B52: 📊 Para apresentação | C52: Use DASHBOARD, RESUMO_MENSAL ou GRAFICO do mês.
B54: AIDU INDÚSTRIA • Controle de Produção 2026 • Manual operacional interno

Sheet CAPA 
B1: CONTROLE DE PRODUÇÃO | G1: 2026
B2: Visão executiva • Acompanhamento anual • AIDU Indústria
B5: TOTAL REALIZADO | D5: META ACUMULADA | F5: ATINGIMENTO | G5: MELHOR MÊS
B6: ='DASHBOARD '!A6 -> 0 | D6: ='DASHBOARD '!C6 -> 0 | F6: ='DASHBOARD '!E6 -> 0 | G6: ='DASHBOARD '!G6 -> 0
B7: latas no ano | D7: latas previstas | F7: meta x realizado | G7: pico do ano
B9: — SEÇÃO 01 • MAPA DA PLANILHA —
B11: SEMANA ▸ Preenchimento diário | E11: DASHBOARD ▸ Visão executiva
B12: Lance PRODUTO, EMBALAGEM e CAIXAS. As demais colunas calculam automaticamente. | E12: Resumo do ano: produção, meta, atingimento, melhor mês e controle de gás.
B14: GRAFICO ▸ Realizado x Meta | E14: INSTRUÇÕES ▸ Manual de uso
B15: Gráfico mensal com curva de produção, meta diária e campo de observações. | E15: Regras de preenchimento, legenda, embalagens por pallet e avisos importantes.
B17: — SEÇÃO 02 • RECOMENDAÇÕES DE USO —
B19: 1 | C19: Lance os itens do dia apenas na área amarela de preenchimento.
B20: 2 | C20: As linhas TOTAL são automáticas — não inserir, apagar ou alterar.
B21: 3 | C21: Evite inserir fórmulas nas abas SEMANA fora dos campos estruturados.
B22: 4 | C22: Para impressão ou apresentação, priorize DASHBOARD, RESUMO_MENSAL e GRAFICO do mês.
B24: AIDU INDÚSTRIA • Controle de Produção 2026 • Documento de uso interno
B26: — SEÇÃO 03 • NOSSAS LATAS —
B27: Linha de embalagens — desmoldantes, óleo de coco e douradores

Sheet RANKING 
A1: RANKING DE PRODUÇÃO | E1: AIDU.
A2: Acumulado do ano • Latas produzidas • Variações de válvula consolidadas por produto
A4: — TOP 10 PRODUTOS • LATAS PRODUZIDAS NO ANO —
A5: # | B5: Produto | C5: Latas Produzidas | D5: % do Total | E5: Posição
A6: 1 | B6: UNTA FACIL | C6: =SUMIF('SEMANA JANEIRO'!$B:$B,"*UNTA FACIL*",'SEMANA JANEIRO'!$I:$I)+SUMIF('SEMANA FEVEREIRO'!$B:$B,"*UNTA FACIL*",'SEMANA FEVEREIRO'!$I:$I)+SUMIF('SEMANA MARÇO'!$B:$B,"*UNTA FACIL*",'SEMANA MARÇO'!$I:$I)+SUMIF('SEMANA ABRIL'!$B:$B,"*UNTA FACIL*",'SEMANA ABRIL'!$I:$I)+SUMIF('SEMANA MAIO'!$B:$B,"*UNTA FACIL*",'SEMANA MAIO'!$I:$I)+SUMIF('SEMANA JUNHO'!$B:$B,"*UNTA FACIL*",'SEMANA JUNHO'!$I:$I)+SUMIF('SEMANA JULHO'!$B:$B,"*UNTA FACIL*",'SEMANA JULHO'!$I:$I)+SUMIF('SEMANA AGOSTO'!$B:$B,"*UNTA FACIL*",'SEMANA AGOSTO'!$I:$I)+SUMIF('SEMANA SETEMBRO'!$B:$B,"*UNTA FACIL*",'SEMANA SETEMBRO'!$I:$I)+SUMIF('SEMANA OUTUBRO'!$B:$B,"*UNTA FACIL*",'SEMANA OUTUBRO'!$I:$I)+SUMIF('SEMANA NOVEMBRO'!$B:$B,"*UNTA FACIL*",'SEMANA NOVEMBRO'!$I:$I)+SUMIF('SEMANA DEZEMBRO'!$B:$B,"*UNTA FACIL*",'SEMANA DEZEMBRO'!$I:$I) -> 260364 | D6: =IF($C$17=0,0,C6/$C$17) -> 0.21463318 | E6: 🥇 1º lugar
A7: 2 | B7: PURATOS | C7: =SUMIF('SEMANA JANEIRO'!$B:$B,"*DESTAK*",'SEMANA JANEIRO'!$I:$I)+SUMIF('SEMANA FEVEREIRO'!$B:$B,"*DESTAK*",'SEMANA FEVEREIRO'!$I:$I)+SUMIF('SEMANA MARÇO'!$B:$B,"*DESTAK*",'SEMANA MARÇO'!$I:$I)+SUMIF('SEMANA ABRIL'!$B:$B,"*DESTAK*",'SEMANA ABRIL'!$I:$I)+SUMIF('SEMANA MAIO'!$B:$B,"*DESTAK*",'SEMANA MAIO'!$I:$I)+SUMIF('SEMANA JUNHO'!$B:$B,"*DESTAK*",'SEMANA JUNHO'!$I:$I)+SUMIF('SEMANA JULHO'!$B:$B,"*DESTAK*",'SEMANA JULHO'!$I:$I)+SUMIF('SEMANA AGOSTO'!$B:$B,"*DESTAK*",'SEMANA AGOSTO'!$I:$I)+SUMIF('SEMANA SETEMBRO'!$B:$B,"*DESTAK*",'SEMANA SETEMBRO'!$I:$I)+SUMIF('SEMANA OUTUBRO'!$B:$B,"*DESTAK*",'SEMANA OUTUBRO'!$I:$I)+SUMIF('SEMANA NOVEMBRO'!$B:$B,"*DESTAK*",'SEMANA NOVEMBRO'!$I:$I)+SUMIF('SEMANA DEZEMBRO'!$B:$B,"*DESTAK*",'SEMANA DEZEMBRO'!$I:$I)+SUMIF('SEMANA JANEIRO'!$B:$B,"*NORCAU*",'SEMANA JANEIRO'!$I:$I)+SUMIF('SEMANA FEVEREIRO'!$B:$B,"*NORCAU*",'SEMANA FEVEREIRO'!$I:$I)+SUMIF('SEMANA MARÇO'!$B:$B,"*NORCAU*",'SEMANA MARÇO'!$I:$I)+SUMIF('SEMANA ABRIL'!$B:$B,"*NORCAU*",'SEMANA ABRIL'!$I:$I)+SUMIF('SEMANA MAIO'!$B:$B,"*NORCAU*",'SEMANA MAIO'!$I:$I)+SUMIF('SEMANA JUNHO'!$B:$B,"*NORCAU*",'SEMANA JUNHO'!$I:$I)+SUMIF('SEMANA JULHO'!$B:$B,"*NORCAU*",'SEMANA JULHO'!$I:$I)+SUMIF('SEMANA AGOSTO'!$B:$B,"*NORCAU*",'SEMANA AGOSTO'!$I:$I)+SUMIF('SEMANA SETEMBRO'!$B:$B,"*NORCAU*",'SEMANA SETEMBRO'!$I:$I)+SUMIF('SEMANA OUTUBRO'!$B:$B,"*NORCAU*",'SEMANA OUTUBRO'!$I:$I)+SUMIF('SEMANA NOVEMBRO'!$B:$B,"*NORCAU*",'SEMANA NOVEMBRO'!$I:$I)+SUMIF('SEMANA DEZEMBRO'!$B:$B,"*NORCAU*",'SEMANA DEZEMBRO'!$I:$I) -> 194394 | D7: =IF($C$17=0,0,C7/$C$17) -> 0.16025028 | E7: 🥈 2º lugar
A8: 3 | B8: ICEBERG CHEF | C8: =SUMIF('SEMANA JANEIRO'!$B:$B,"*ICEBERG*",'SEMANA JANEIRO'!$I:$I)+SUMIF('SEMANA FEVEREIRO'!$B:$B,"*ICEBERG*",'SEMANA FEVEREIRO'!$I:$I)+SUMIF('SEMANA MARÇO'!$B:$B,"*ICEBERG*",'SEMANA MARÇO'!$I:$I)+SUMIF('SEMANA ABRIL'!$B:$B,"*ICEBERG*",'SEMANA ABRIL'!$I:$I)+SUMIF('SEMANA MAIO'!$B:$B,"*ICEBERG*",'SEMANA MAIO'!$I:$I)+SUMIF('SEMANA JUNHO'!$B:$B,"*ICEBERG*",'SEMANA JUNHO'!$I:$I)+SUMIF('SEMANA JULHO'!$B:$B,"*ICEBERG*",'SEMANA JULHO'!$I:$I)+SUMIF('SEMANA AGOSTO'!$B:$B,"*ICEBERG*",'SEMANA AGOSTO'!$I:$I)+SUMIF('SEMANA SETEMBRO'!$B:$B,"*ICEBERG*",'SEMANA SETEMBRO'!$I:$I)+SUMIF('SEMANA OUTUBRO'!$B:$B,"*ICEBERG*",'SEMANA OUTUBRO'!$I:$I)+SUMIF('SEMANA NOVEMBRO'!$B:$B,"*ICEBERG*",'SEMANA NOVEMBRO'!$I:$I)+SUMIF('SEMANA DEZEMBRO'!$B:$B,"*ICEBERG*",'SEMANA DEZEMBRO'!$I:$I) -> 110523 | D8: =IF($C$17=0,0,C8/$C$17) -> 0.091110534 | E8: 🥉 3º lugar
A9: 4 | B9: ADIMIX | C9: =SUMIF('SEMANA JANEIRO'!$B:$B,"*ADIMIX*",'SEMANA JANEIRO'!$I:$I)+SUMIF('SEMANA FEVEREIRO'!$B:$B,"*ADIMIX*",'SEMANA FEVEREIRO'!$I:$I)+SUMIF('SEMANA MARÇO'!$B:$B,"*ADIMIX*",'SEMANA MARÇO'!$I:$I)+SUMIF('SEMANA ABRIL'!$B:$B,"*ADIMIX*",'SEMANA ABRIL'!$I:$I)+SUMIF('SEMANA MAIO'!$B:$B,"*ADIMIX*",'SEMANA MAIO'!$I:$I)+SUMIF('SEMANA JUNHO'!$B:$B,"*ADIMIX*",'SEMANA JUNHO'!$I:$I)+SUMIF('SEMANA JULHO'!$B:$B,"*ADIMIX*",'SEMANA JULHO'!$I:$I)+SUMIF('SEMANA AGOSTO'!$B:$B,"*ADIMIX*",'SEMANA AGOSTO'!$I:$I)+SUMIF('SEMANA SETEMBRO'!$B:$B,"*ADIMIX*",'SEMANA SETEMBRO'!$I:$I)+SUMIF('SEMANA OUTUBRO'!$B:$B,"*ADIMIX*",'SEMANA OUTUBRO'!$I:$I)+SUMIF('SEMANA NOVEMBRO'!$B:$B,"*ADIMIX*",'SEMANA NOVEMBRO'!$I:$I)+SUMIF('SEMANA DEZEMBRO'!$B:$B,"*ADIMIX*",'SEMANA DEZEMBRO'!$I:$I) -> 88332 | D9: =IF($C$17=0,0,C9/$C$17) -> 0.072817203 | E9: Top 4
A10: 5 | B10: FESTPAN | C10: =SUMIF('SEMANA JANEIRO'!$B:$B,"*FESTPAN*",'SEMANA JANEIRO'!$I:$I)+SUMIF('SEMANA FEVEREIRO'!$B:$B,"*FESTPAN*",'SEMANA FEVEREIRO'!$I:$I)+SUMIF('SEMANA MARÇO'!$B:$B,"*FESTPAN*",'SEMANA MARÇO'!$I:$I)+SUMIF('SEMANA ABRIL'!$B:$B,"*FESTPAN*",'SEMANA ABRIL'!$I:$I)+SUMIF('SEMANA MAIO'!$B:$B,"*FESTPAN*",'SEMANA MAIO'!$I:$I)+SUMIF('SEMANA JUNHO'!$B:$B,"*FESTPAN*",'SEMANA JUNHO'!$I:$I)+SUMIF('SEMANA JULHO'!$B:$B,"*FESTPAN*",'SEMANA JULHO'!$I:$I)+SUMIF('SEMANA AGOSTO'!$B:$B,"*FESTPAN*",'SEMANA AGOSTO'!$I:$I)+SUMIF('SEMANA SETEMBRO'!$B:$B,"*FESTPAN*",'SEMANA SETEMBRO'!$I:$I)+SUMIF('SEMANA OUTUBRO'!$B:$B,"*FESTPAN*",'SEMANA OUTUBRO'!$I:$I)+SUMIF('SEMANA NOVEMBRO'!$B:$B,"*FESTPAN*",'SEMANA NOVEMBRO'!$I:$I)+SUMIF('SEMANA DEZEMBRO'!$B:$B,"*FESTPAN*",'SEMANA DEZEMBRO'!$I:$I) -> 43632 | D10: =IF($C$17=0,0,C10/$C$17) -> 0.035968394 | E10: Top 5
A11: 6 | B11: QUALICOCO | C11: =SUMIF('SEMANA JANEIRO'!$B:$B,"*QUALICOCO*",'SEMANA JANEIRO'!$I:$I)+SUMIF('SEMANA FEVEREIRO'!$B:$B,"*QUALICOCO*",'SEMANA FEVEREIRO'!$I:$I)+SUMIF('SEMANA MARÇO'!$B:$B,"*QUALICOCO*",'SEMANA MARÇO'!$I:$I)+SUMIF('SEMANA ABRIL'!$B:$B,"*QUALICOCO*",'SEMANA ABRIL'!$I:$I)+SUMIF('SEMANA MAIO'!$B:$B,"*QUALICOCO*",'SEMANA MAIO'!$I:$I)+SUMIF('SEMANA JUNHO'!$B:$B,"*QUALICOCO*",'SEMANA JUNHO'!$I:$I)+SUMIF('SEMANA JULHO'!$B:$B,"*QUALICOCO*",'SEMANA JULHO'!$I:$I)+SUMIF('SEMANA AGOSTO'!$B:$B,"*QUALICOCO*",'SEMANA AGOSTO'!$I:$I)+SUMIF('SEMANA SETEMBRO'!$B:$B,"*QUALICOCO*",'SEMANA SETEMBRO'!$I:$I)+SUMIF('SEMANA OUTUBRO'!$B:$B,"*QUALICOCO*",'SEMANA OUTUBRO'!$I:$I)+SUMIF('SEMANA NOVEMBRO'!$B:$B,"*QUALICOCO*",'SEMANA NOVEMBRO'!$I:$I)+SUMIF('SEMANA DEZEMBRO'!$B:$B,"*QUALICOCO*",'SEMANA DEZEMBRO'!$I:$I) -> 34008 | D11: =IF($C$17=0,0,C11/$C$17) -> 0.028034771 | E11: Top 6
A12: 7 | B12: DONA JURA | C12: =SUMIF('SEMANA JANEIRO'!$B:$B,"*DONA JURA*",'SEMANA JANEIRO'!$I:$I)+SUMIF('SEMANA FEVEREIRO'!$B:$B,"*DONA JURA*",'SEMANA FEVEREIRO'!$I:$I)+SUMIF('SEMANA MARÇO'!$B:$B,"*DONA JURA*",'SEMANA MARÇO'!$I:$I)+SUMIF('SEMANA ABRIL'!$B:$B,"*DONA JURA*",'SEMANA ABRIL'!$I:$I)+SUMIF('SEMANA MAIO'!$B:$B,"*DONA JURA*",'SEMANA MAIO'!$I:$I)+SUMIF('SEMANA JUNHO'!$B:$B,"*DONA JURA*",'SEMANA JUNHO'!$I:$I)+SUMIF('SEMANA JULHO'!$B:$B,"*DONA JURA*",'SEMANA JULHO'!$I:$I)+SUMIF('SEMANA AGOSTO'!$B:$B,"*DONA JURA*",'SEMANA AGOSTO'!$I:$I)+SUMIF('SEMANA SETEMBRO'!$B:$B,"*DONA JURA*",'SEMANA SETEMBRO'!$I:$I)+SUMIF('SEMANA OUTUBRO'!$B:$B,"*DONA JURA*",'SEMANA OUTUBRO'!$I:$I)+SUMIF('SEMANA NOVEMBRO'!$B:$B,"*DONA JURA*",'SEMANA NOVEMBRO'!$I:$I)+SUMIF('SEMANA DEZEMBRO'!$B:$B,"*DONA JURA*",'SEMANA DEZEMBRO'!$I:$I) -> 24888 | D12: =IF($C$17=0,0,C12/$C$17) -> 0.020516625 | E12: Top 7
A13: 8 | B13: ALLBREAD | C13: =SUMIF('SEMANA JANEIRO'!$B:$B,"*ALLBREAD*",'SEMANA JANEIRO'!$I:$I)+SUMIF('SEMANA FEVEREIRO'!$B:$B,"*ALLBREAD*",'SEMANA FEVEREIRO'!$I:$I)+SUMIF('SEMANA MARÇO'!$B:$B,"*ALLBREAD*",'SEMANA MARÇO'!$I:$I)+SUMIF('SEMANA ABRIL'!$B:$B,"*ALLBREAD*",'SEMANA ABRIL'!$I:$I)+SUMIF('SEMANA MAIO'!$B:$B,"*ALLBREAD*",'SEMANA MAIO'!$I:$I)+SUMIF('SEMANA JUNHO'!$B:$B,"*ALLBREAD*",'SEMANA JUNHO'!$I:$I)+SUMIF('SEMANA JULHO'!$B:$B,"*ALLBREAD*",'SEMANA JULHO'!$I:$I)+SUMIF('SEMANA AGOSTO'!$B:$B,"*ALLBREAD*",'SEMANA AGOSTO'!$I:$I)+SUMIF('SEMANA SETEMBRO'!$B:$B,"*ALLBREAD*",'SEMANA SETEMBRO'!$I:$I)+SUMIF('SEMANA OUTUBRO'!$B:$B,"*ALLBREAD*",'SEMANA OUTUBRO'!$I:$I)+SUMIF('SEMANA NOVEMBRO'!$B:$B,"*ALLBREAD*",'SEMANA NOVEMBRO'!$I:$I)+SUMIF('SEMANA DEZEMBRO'!$B:$B,"*ALLBREAD*",'SEMANA DEZEMBRO'!$I:$I) -> 23040 | D13: =IF($C$17=0,0,C13/$C$17) -> 0.018993211 | E13: Top 8
A14: 9 | B14: DONA LELLA | C14: =SUMIF('SEMANA JANEIRO'!$B:$B,"*DONA LELLA*",'SEMANA JANEIRO'!$I:$I)+SUMIF('SEMANA FEVEREIRO'!$B:$B,"*DONA LELLA*",'SEMANA FEVEREIRO'!$I:$I)+SUMIF('SEMANA MARÇO'!$B:$B,"*DONA LELLA*",'SEMANA MARÇO'!$I:$I)+SUMIF('SEMANA ABRIL'!$B:$B,"*DONA LELLA*",'SEMANA ABRIL'!$I:$I)+SUMIF('SEMANA MAIO'!$B:$B,"*DONA LELLA*",'SEMANA MAIO'!$I:$I)+SUMIF('SEMANA JUNHO'!$B:$B,"*DONA LELLA*",'SEMANA JUNHO'!$I:$I)+SUMIF('SEMANA JULHO'!$B:$B,"*DONA LELLA*",'SEMANA JULHO'!$I:$I)+SUMIF('SEMANA AGOSTO'!$B:$B,"*DONA LELLA*",'SEMANA AGOSTO'!$I:$I)+SUMIF('SEMANA SETEMBRO'!$B:$B,"*DONA LELLA*",'SEMANA SETEMBRO'!$I:$I)+SUMIF('SEMANA OUTUBRO'!$B:$B,"*DONA LELLA*",'SEMANA OUTUBRO'!$I:$I)+SUMIF('SEMANA NOVEMBRO'!$B:$B,"*DONA LELLA*",'SEMANA NOVEMBRO'!$I:$I)+SUMIF('SEMANA DEZEMBRO'!$B:$B,"*DONA LELLA*",'SEMANA DEZEMBRO'!$I:$I) -> 19800 | D14: =IF($C$17=0,0,C14/$C$17) -> 0.016322291 | E14: Top 9
A15: 10 | B15: ITAIQUARA | C15: =SUMIF('SEMANA JANEIRO'!$B:$B,"*ITAIQUARA*",'SEMANA JANEIRO'!$I:$I)+SUMIF('SEMANA FEVEREIRO'!$B:$B,"*ITAIQUARA*",'SEMANA FEVEREIRO'!$I:$I)+SUMIF('SEMANA MARÇO'!$B:$B,"*ITAIQUARA*",'SEMANA MARÇO'!$I:$I)+SUMIF('SEMANA ABRIL'!$B:$B,"*ITAIQUARA*",'SEMANA ABRIL'!$I:$I)+SUMIF('SEMANA MAIO'!$B:$B,"*ITAIQUARA*",'SEMANA MAIO'!$I:$I)+SUMIF('SEMANA JUNHO'!$B:$B,"*ITAIQUARA*",'SEMANA JUNHO'!$I:$I)+SUMIF('SEMANA JULHO'!$B:$B,"*ITAIQUARA*",'SEMANA JULHO'!$I:$I)+SUMIF('SEMANA AGOSTO'!$B:$B,"*ITAIQUARA*",'SEMANA AGOSTO'!$I:$I)+SUMIF('SEMANA SETEMBRO'!$B:$B,"*ITAIQUARA*",'SEMANA SETEMBRO'!$I:$I)+SUMIF('SEMANA OUTUBRO'!$B:$B,"*ITAIQUARA*",'SEMANA OUTUBRO'!$I:$I)+SUMIF('SEMANA NOVEMBRO'!$B:$B,"*ITAIQUARA*",'SEMANA NOVEMBRO'!$I:$I)+SUMIF('SEMANA DEZEMBRO'!$B:$B,"*ITAIQUARA*",'SEMANA DEZEMBRO'!$I:$I) -> 17184 | D15: =IF($C$17=0,0,C15/$C$17) -> 0.01416577 | E15: Top 10
A17: TOTAL GERAL (todos os produtos) | C17: =SUMIFS('SEMANA JANEIRO'!$I:$I,'SEMANA JANEIRO'!$B:$B,"<>",'SEMANA JANEIRO'!$B:$B,"<>TOTAL",'SEMANA JANEIRO'!$B:$B,"<>PRODUTO")+SUMIFS('SEMANA FEVEREIRO'!$I:$I,'SEMANA FEVEREIRO'!$B:$B,"<>",'SEMANA FEVEREIRO'!$B:$B,"<>TOTAL",'SEMANA FEVEREIRO'!$B:$B,"<>PRODUTO")+SUMIFS('SEMANA MARÇO'!$I:$I,'SEMANA MARÇO'!$B:$B,"<>",'SEMANA MARÇO'!$B:$B,"<>TOTAL",'SEMANA MARÇO'!$B:$B,"<>PRODUTO")+SUMIFS('SEMANA ABRIL'!$I:$I,'SEMANA ABRIL'!$B:$B,"<>",'SEMANA ABRIL'!$B:$B,"<>TOTAL",'SEMANA ABRIL'!$B:$B,"<>PRODUTO")+SUMIFS('SEMANA MAIO'!$I:$I,'SEMANA MAIO'!$B:$B,"<>",'SEMANA MAIO'!$B:$B,"<>TOTAL",'SEMANA MAIO'!$B:$B,"<>PRODUTO")+SUMIFS('SEMANA JUNHO'!$I:$I,'SEMANA JUNHO'!$B:$B,"<>",'SEMANA JUNHO'!$B:$B,"<>TOTAL",'SEMANA JUNHO'!$B:$B,"<>PRODUTO")+SUMIFS('SEMANA JULHO'!$I:$I,'SEMANA JULHO'!$B:$B,"<>",'SEMANA JULHO'!$B:$B,"<>TOTAL",'SEMANA JULHO'!$B:$B,"<>PRODUTO")+SUMIFS('SEMANA AGOSTO'!$I:$I,'SEMANA AGOSTO'!$B:$B,"<>",'SEMANA AGOSTO'!$B:$B,"<>TOTAL",'SEMANA AGOSTO'!$B:$B,"<>PRODUTO")+SUMIFS('SEMANA SETEMBRO'!$I:$I,'SEMANA SETEMBRO'!$B:$B,"<>",'SEMANA SETEMBRO'!$B:$B,"<>TOTAL",'SEMANA SETEMBRO'!$B:$B,"<>PRODUTO")+SUMIFS('SEMANA OUTUBRO'!$I:$I,'SEMANA OUTUBRO'!$B:$B,"<>",'SEMANA OUTUBRO'!$B:$B,"<>TOTAL",'SEMANA OUTUBRO'!$B:$B,"<>PRODUTO")+SUMIFS('SEMANA NOVEMBRO'!$I:$I,'SEMANA NOVEMBRO'!$B:$B,"<>",'SEMANA NOVEMBRO'!$B:$B,"<>TOTAL",'SEMANA NOVEMBRO'!$B:$B,"<>PRODUTO")+SUMIFS('SEMANA DEZEMBRO'!$I:$I,'SEMANA DEZEMBRO'!$B:$B,"<>",'SEMANA DEZEMBRO'!$B:$B,"<>TOTAL",'SEMANA DEZEMBRO'!$B:$B,"<>PRODUTO") -> 1213065 | D17: 1
A19: * ADIMIX consolida todas as variações de válvula (Fadeva, Precision, etc.). Demais produtos seguem o nome exato registrado na BASE_DADOS.
A21: AIDU. • Controle de Produção 2026
A23: — RANKING POR TAMANHO DE LATA • QUEBRA POR VÁLVULA —
A24: Mesmos 10 produtos do ranking acima, separados pela válvula (tamanho da lata em ml). Coluna "Outros" agrupa demais tamanhos.
A26: # | B26: Produto | C26: 180 ml | D26: 400 ml | E26: 600 ml | F26: Outros | G26: Total
A27: 🥇 1º | B27: UNTA FACIL | C27: =SUMIFS('SEMANA JANEIRO'!$I:$I,'SEMANA JANEIRO'!$B:$B,"*UNTA FACIL*",'SEMANA JANEIRO'!$C:$C,180)+SUMIFS('SEMANA FEVEREIRO'!$I:$I,'SEMANA FEVEREIRO'!$B:$B,"*UNTA FACIL*",'SEMANA FEVEREIRO'!$C:$C,180)+SUMIFS('SEMANA MARÇO'!$I:$I,'SEMANA MARÇO'!$B:$B,"*UNTA FACIL*",'SEMANA MARÇO'!$C:$C,180)+SUMIFS('SEMANA ABRIL'!$I:$I,'SEMANA ABRIL'!$B:$B,"*UNTA FACIL*",'SEMANA ABRIL'!$C:$C,180)+SUMIFS('SEMANA MAIO'!$I:$I,'SEMANA MAIO'!$B:$B,"*UNTA FACIL*",'SEMANA MAIO'!$C:$C,180)+SUMIFS('SEMANA JUNHO'!$I:$I,'SEMANA JUNHO'!$B:$B,"*UNTA FACIL*",'SEMANA JUNHO'!$C:$C,180)+SUMIFS('SEMANA JULHO'!$I:$I,'SEMANA JULHO'!$B:$B,"*UNTA FACIL*",'SEMANA JULHO'!$C:$C,180)+SUMIFS('SEMANA AGOSTO'!$I:$I,'SEMANA AGOSTO'!$B:$B,"*UNTA FACIL*",'SEMANA AGOSTO'!$C:$C,180)+SUMIFS('SEMANA SETEMBRO'!$I:$I,'SEMANA SETEMBRO'!$B:$B,"*UNTA FACIL*",'SEMANA SETEMBRO'!$C:$C,180)+SUMIFS('SEMANA OUTUBRO'!$I:$I,'SEMANA OUTUBRO'!$B:$B,"*UNTA FACIL*",'SEMANA OUTUBRO'!$C:$C,180)+SUMIFS('SEMANA NOVEMBRO'!$I:$I,'SEMANA NOVEMBRO'!$B:$B,"*UNTA FACIL*",'SEMANA NOVEMBRO'!$C:$C,180)+SUMIFS('SEMANA DEZEMBRO'!$I:$I,'SEMANA DEZEMBRO'!$B:$B,"*UNTA FACIL*",'SEMANA DEZEMBRO'!$C:$C,180) -> 47472 | D27: =SUMIFS('SEMANA JANEIRO'!$I:$I,'SEMANA JANEIRO'!$B:$B,"*UNTA FACIL*",'SEMANA JANEIRO'!$C:$C,400)+SUMIFS('SEMANA FEVEREIRO'!$I:$I,'SEMANA FEVEREIRO'!$B:$B,"*UNTA FACIL*",'SEMANA FEVEREIRO'!$C:$C,400)+SUMIFS('SEMANA MARÇO'!$I:$I,'SEMANA MARÇO'!$B:$B,"*UNTA FACIL*",'SEMANA MARÇO'!$C:$C,400)+SUMIFS('SEMANA ABRIL'!$I:$I,'SEMANA ABRIL'!$B:$B,"*UNTA FACIL*",'SEMANA ABRIL'!$C:$C,400)+SUMIFS('SEMANA MAIO'!$I:$I,'SEMANA MAIO'!$B:$B,"*UNTA FACIL*",'SEMANA MAIO'!$C:$C,400)+SUMIFS('SEMANA JUNHO'!$I:$I,'SEMANA JUNHO'!$B:$B,"*UNTA FACIL*",'SEMANA JUNHO'!$C:$C,400)+SUMIFS('SEMANA JULHO'!$I:$I,'SEMANA JULHO'!$B:$B,"*UNTA FACIL*",'SEMANA JULHO'!$C:$C,400)+SUMIFS('SEMANA AGOSTO'!$I:$I,'SEMANA AGOSTO'!$B:$B,"*UNTA FACIL*",'SEMANA AGOSTO'!$C:$C,400)+SUMIFS('SEMANA SETEMBRO'!$I:$I,'SEMANA SETEMBRO'!$B:$B,"*UNTA FACIL*",'SEMANA SETEMBRO'!$C:$C,400)+SUMIFS('SEMANA OUTUBRO'!$I:$I,'SEMANA OUTUBRO'!$B:$B,"*UNTA FACIL*",'SEMANA OUTUBRO'!$C:$C,400)+SUMIFS('SEMANA NOVEMBRO'!$I:$I,'SEMANA NOVEMBRO'!$B:$B,"*UNTA FACIL*",'SEMANA NOVEMBRO'!$C:$C,400)+SUMIFS('SEMANA DEZEMBRO'!$I:$I,'SEMANA DEZEMBRO'!$B:$B,"*UNTA FACIL*",'SEMANA DEZEMBRO'!$C:$C,400) -> 134292 | E27: =SUMIFS('SEMANA JANEIRO'!$I:$I,'SEMANA JANEIRO'!$B:$B,"*UNTA FACIL*",'SEMANA JANEIRO'!$C:$C,600)+SUMIFS('SEMANA FEVEREIRO'!$I:$I,'SEMANA FEVEREIRO'!$B:$B,"*UNTA FACIL*",'SEMANA FEVEREIRO'!$C:$C,600)+SUMIFS('SEMANA MARÇO'!$I:$I,'SEMANA MARÇO'!$B:$B,"*UNTA FACIL*",'SEMANA MARÇO'!$C:$C,600)+SUMIFS('SEMANA ABRIL'!$I:$I,'SEMANA ABRIL'!$B:$B,"*UNTA FACIL*",'SEMANA ABRIL'!$C:$C,600)+SUMIFS('SEMANA MAIO'!$I:$I,'SEMANA MAIO'!$B:$B,"*UNTA FACIL*",'SEMANA MAIO'!$C:$C,600)+SUMIFS('SEMANA JUNHO'!$I:$I,'SEMANA JUNHO'!$B:$B,"*UNTA FACIL*",'SEMANA JUNHO'!$C:$C,600)+SUMIFS('SEMANA JULHO'!$I:$I,'SEMANA JULHO'!$B:$B,"*UNTA FACIL*",'SEMANA JULHO'!$C:$C,600)+SUMIFS('SEMANA AGOSTO'!$I:$I,'SEMANA AGOSTO'!$B:$B,"*UNTA FACIL*",'SEMANA AGOSTO'!$C:$C,600)+SUMIFS('SEMANA SETEMBRO'!$I:$I,'SEMANA SETEMBRO'!$B:$B,"*UNTA FACIL*",'SEMANA SETEMBRO'!$C:$C,600)+SUMIFS('SEMANA OUTUBRO'!$I:$I,'SEMANA OUTUBRO'!$B:$B,"*UNTA FACIL*",'SEMANA OUTUBRO'!$C:$C,600)+SUMIFS('SEMANA NOVEMBRO'!$I:$I,'SEMANA NOVEMBRO'!$B:$B,"*UNTA FACIL*",'SEMANA NOVEMBRO'!$C:$C,600)+SUMIFS('SEMANA DEZEMBRO'!$I:$I,'SEMANA DEZEMBRO'!$B:$B,"*UNTA FACIL*",'SEMANA DEZEMBRO'!$C:$C,600) -> 78600 | F27: =SUMIF('SEMANA JANEIRO'!$B:$B,"*UNTA FACIL*",'SEMANA JANEIRO'!$I:$I)+SUMIF('SEMANA FEVEREIRO'!$B:$B,"*UNTA FACIL*",'SEMANA FEVEREIRO'!$I:$I)+SUMIF('SEMANA MARÇO'!$B:$B,"*UNTA FACIL*",'SEMANA MARÇO'!$I:$I)+SUMIF('SEMANA ABRIL'!$B:$B,"*UNTA FACIL*",'SEMANA ABRIL'!$I:$I)+SUMIF('SEMANA MAIO'!$B:$B,"*UNTA FACIL*",'SEMANA MAIO'!$I:$I)+SUMIF('SEMANA JUNHO'!$B:$B,"*UNTA FACIL*",'SEMANA JUNHO'!$I:$I)+SUMIF('SEMANA JULHO'!$B:$B,"*UNTA FACIL*",'SEMANA JULHO'!$I:$I)+SUMIF('SEMANA AGOSTO'!$B:$B,"*UNTA FACIL*",'SEMANA AGOSTO'!$I:$I)+SUMIF('SEMANA SETEMBRO'!$B:$B,"*UNTA FACIL*",'SEMANA SETEMBRO'!$I:$I)+SUMIF('SEMANA OUTUBRO'!$B:$B,"*UNTA FACIL*",'SEMANA OUTUBRO'!$I:$I)+SUMIF('SEMANA NOVEMBRO'!$B:$B,"*UNTA FACIL*",'SEMANA NOVEMBRO'!$I:$I)+SUMIF('SEMANA DEZEMBRO'!$B:$B,"*UNTA FACIL*",'SEMANA DEZEMBRO'!$I:$I)-C27-D27-E27 -> 0 | G27: =C27+D27+E27+F27 -> 260364
A29: 🥈 2º | B29: PURATOS | C29: =(SUMIFS('SEMANA JANEIRO'!$I:$I,'SEMANA JANEIRO'!$B:$B,"*DESTAK*",'SEMANA JANEIRO'!$C:$C,180)+SUMIFS('SEMANA FEVEREIRO'!$I:$I,'SEMANA FEVEREIRO'!$B:$B,"*DESTAK*",'SEMANA FEVEREIRO'!$C:$C,180)+SUMIFS('SEMANA MARÇO'!$I:$I,'SEMANA MARÇO'!$B:$B,"*DESTAK*",'SEMANA MARÇO'!$C:$C,180)+SUMIFS('SEMANA ABRIL'!$I:$I,'SEMANA ABRIL'!$B:$B,"*DESTAK*",'SEMANA ABRIL'!$C:$C,180)+SUMIFS('SEMANA MAIO'!$I:$I,'SEMANA MAIO'!$B:$B,"*DESTAK*",'SEMANA MAIO'!$C:$C,180)+SUMIFS('SEMANA JUNHO'!$I:$I,'SEMANA JUNHO'!$B:$B,"*DESTAK*",'SEMANA JUNHO'!$C:$C,180)+SUMIFS('SEMANA JULHO'!$I:$I,'SEMANA JULHO'!$B:$B,"*DESTAK*",'SEMANA JULHO'!$C:$C,180)+SUMIFS('SEMANA AGOSTO'!$I:$I,'SEMANA AGOSTO'!$B:$B,"*DESTAK*",'SEMANA AGOSTO'!$C:$C,180)+SUMIFS('SEMANA SETEMBRO'!$I:$I,'SEMANA SETEMBRO'!$B:$B,"*DESTAK*",'SEMANA SETEMBRO'!$C:$C,180)+SUMIFS('SEMANA OUTUBRO'!$I:$I,'SEMANA OUTUBRO'!$B:$B,"*DESTAK*",'SEMANA OUTUBRO'!$C:$C,180)+SUMIFS('SEMANA NOVEMBRO'!$I:$I,'SEMANA NOVEMBRO'!$B:$B,"*DESTAK*",'SEMANA NOVEMBRO'!$C:$C,180)+SUMIFS('SEMANA DEZEMBRO'!$I:$I,'SEMANA DEZEMBRO'!$B:$B,"*DESTAK*",'SEMANA DEZEMBRO'!$C:$C,180))+(SUMIFS('SEMANA JANEIRO'!$I:$I,'SEMANA JANEIRO'!$B:$B,"*NORCAU*",'SEMANA JANEIRO'!$C:$C,180)+SUMIFS('SEMANA FEVEREIRO'!$I:$I,'SEMANA FEVEREIRO'!$B:$B,"*NORCAU*",'SEMANA FEVEREIRO'!$C:$C,180)+SUMIFS('SEMANA MARÇO'!$I:$I,'SEMANA MARÇO'!$B:$B,"*NORCAU*",'SEMANA MARÇO'!$C:$C,180)+SUMIFS('SEMANA ABRIL'!$I:$I,'SEMANA ABRIL'!$B:$B,"*NORCAU*",'SEMANA ABRIL'!$C:$C,180)+SUMIFS('SEMANA MAIO'!$I:$I,'SEMANA MAIO'!$B:$B,"*NORCAU*",'SEMANA MAIO'!$C:$C,180)+SUMIFS('SEMANA JUNHO'!$I:$I,'SEMANA JUNHO'!$B:$B,"*NORCAU*",'SEMANA JUNHO'!$C:$C,180)+SUMIFS('SEMANA JULHO'!$I:$I,'SEMANA JULHO'!$B:$B,"*NORCAU*",'SEMANA JULHO'!$C:$C,180)+SUMIFS('SEMANA AGOSTO'!$I:$I,'SEMANA AGOSTO'!$B:$B,"*NORCAU*",'SEMANA AGOSTO'!$C:$C,180)+SUMIFS('SEMANA SETEMBRO'!$I:$I,'SEMANA SETEMBRO'!$B:$B,"*NORCAU*",'SEMANA SETEMBRO'!$C:$C,180)+SUMIFS('SEMANA OUTUBRO'!$I:$I,'SEMANA OUTUBRO'!$B:$B,"*NORCAU*",'SEMANA OUTUBRO'!$C:$C,180)+SUMIFS('SEMANA NOVEMBRO'!$I:$I,'SEMANA NOVEMBRO'!$B:$B,"*NORCAU*",'SEMANA NOVEMBRO'!$C:$C,180)+SUMIFS('SEMANA DEZEMBRO'!$I:$I,'SEMANA DEZEMBRO'!$B:$B,"*NORCAU*",'SEMANA DEZEMBRO'!$C:$C,180)) -> 0 | D29: =(SUMIFS('SEMANA JANEIRO'!$I:$I,'SEMANA JANEIRO'!$B:$B,"*DESTAK*",'SEMANA JANEIRO'!$C:$C,400)+SUMIFS('SEMANA FEVEREIRO'!$I:$I,'SEMANA FEVEREIRO'!$B:$B,"*DESTAK*",'SEMANA FEVEREIRO'!$C:$C,400)+SUMIFS('SEMANA MARÇO'!$I:$I,'SEMANA MARÇO'!$B:$B,"*DESTAK*",'SEMANA MARÇO'!$C:$C,400)+SUMIFS('SEMANA ABRIL'!$I:$I,'SEMANA ABRIL'!$B:$B,"*DESTAK*",'SEMANA ABRIL'!$C:$C,400)+SUMIFS('SEMANA MAIO'!$I:$I,'SEMANA MAIO'!$B:$B,"*DESTAK*",'SEMANA MAIO'!$C:$C,400)+SUMIFS('SEMANA JUNHO'!$I:$I,'SEMANA JUNHO'!$B:$B,"*DESTAK*",'SEMANA JUNHO'!$C:$C,400)+SUMIFS('SEMANA JULHO'!$I:$I,'SEMANA JULHO'!$B:$B,"*DESTAK*",'SEMANA JULHO'!$C:$C,400)+SUMIFS('SEMANA AGOSTO'!$I:$I,'SEMANA AGOSTO'!$B:$B,"*DESTAK*",'SEMANA AGOSTO'!$C:$C,400)+SUMIFS('SEMANA SETEMBRO'!$I:$I,'SEMANA SETEMBRO'!$B:$B,"*DESTAK*",'SEMANA SETEMBRO'!$C:$C,400)+SUMIFS('SEMANA OUTUBRO'!$I:$I,'SEMANA OUTUBRO'!$B:$B,"*DESTAK*",'SEMANA OUTUBRO'!$C:$C,400)+SUMIFS('SEMANA NOVEMBRO'!$I:$I,'SEMANA NOVEMBRO'!$B:$B,"*DESTAK*",'SEMANA NOVEMBRO'!$C:$C,400)+SUMIFS('SEMANA DEZEMBRO'!$I:$I,'SEMANA DEZEMBRO'!$B:$B,"*DESTAK*",'SEMANA DEZEMBRO'!$C:$C,400))+(SUMIFS('SEMANA JANEIRO'!$I:$I,'SEMANA JANEIRO'!$B:$B,"*NORCAU*",'SEMANA JANEIRO'!$C:$C,400)+SUMIFS('SEMANA FEVEREIRO'!$I:$I,'SEMANA FEVEREIRO'!$B:$B,"*NORCAU*",'SEMANA FEVEREIRO'!$C:$C,400)+SUMIFS('SEMANA MARÇO'!$I:$I,'SEMANA MARÇO'!$B:$B,"*NORCAU*",'SEMANA MARÇO'!$C:$C,400)+SUMIFS('SEMANA ABRIL'!$I:$I,'SEMANA ABRIL'!$B:$B,"*NORCAU*",'SEMANA ABRIL'!$C:$C,400)+SUMIFS('SEMANA MAIO'!$I:$I,'SEMANA MAIO'!$B:$B,"*NORCAU*",'SEMANA MAIO'!$C:$C,400)+SUMIFS('SEMANA JUNHO'!$I:$I,'SEMANA JUNHO'!$B:$B,"*NORCAU*",'SEMANA JUNHO'!$C:$C,400)+SUMIFS('SEMANA JULHO'!$I:$I,'SEMANA JULHO'!$B:$B,"*NORCAU*",'SEMANA JULHO'!$C:$C,400)+SUMIFS('SEMANA AGOSTO'!$I:$I,'SEMANA AGOSTO'!$B:$B,"*NORCAU*",'SEMANA AGOSTO'!$C:$C,400)+SUMIFS('SEMANA SETEMBRO'!$I:$I,'SEMANA SETEMBRO'!$B:$B,"*NORCAU*",'SEMANA SETEMBRO'!$C:$C,400)+SUMIFS('SEMANA OUTUBRO'!$I:$I,'SEMANA OUTUBRO'!$B:$B,"*NORCAU*",'SEMANA OUTUBRO'!$C:$C,400)+SUMIFS('SEMANA NOVEMBRO'!$I:$I,'SEMANA NOVEMBRO'!$B:$B,"*NORCAU*",'SEMANA NOVEMBRO'!$C:$C,400)+SUMIFS('SEMANA DEZEMBRO'!$I:$I,'SEMANA DEZEMBRO'!$B:$B,"*NORCAU*",'SEMANA DEZEMBRO'!$C:$C,400)) -> 0 | E29: =(SUMIFS('SEMANA JANEIRO'!$I:$I,'SEMANA JANEIRO'!$B:$B,"*DESTAK*",'SEMANA JANEIRO'!$C:$C,600)+SUMIFS('SEMANA FEVEREIRO'!$I:$I,'SEMANA FEVEREIRO'!$B:$B,"*DESTAK*",'SEMANA FEVEREIRO'!$C:$C,600)+SUMIFS('SEMANA MARÇO'!$I:$I,'SEMANA MARÇO'!$B:$B,"*DESTAK*",'SEMANA MARÇO'!$C:$C,600)+SUMIFS('SEMANA ABRIL'!$I:$I,'SEMANA ABRIL'!$B:$B,"*DESTAK*",'SEMANA ABRIL'!$C:$C,600)+SUMIFS('SEMANA MAIO'!$I:$I,'SEMANA MAIO'!$B:$B,"*DESTAK*",'SEMANA MAIO'!$C:$C,600)+SUMIFS('SEMANA JUNHO'!$I:$I,'SEMANA JUNHO'!$B:$B,"*DESTAK*",'SEMANA JUNHO'!$C:$C,600)+SUMIFS('SEMANA JULHO'!$I:$I,'SEMANA JULHO'!$B:$B,"*DESTAK*",'SEMANA JULHO'!$C:$C,600)+SUMIFS('SEMANA AGOSTO'!$I:$I,'SEMANA AGOSTO'!$B:$B,"*DESTAK*",'SEMANA AGOSTO'!$C:$C,600)+SUMIFS('SEMANA SETEMBRO'!$I:$I,'SEMANA SETEMBRO'!$B:$B,"*DESTAK*",'SEMANA SETEMBRO'!$C:$C,600)+SUMIFS('SEMANA OUTUBRO'!$I:$I,'SEMANA OUTUBRO'!$B:$B,"*DESTAK*",'SEMANA OUTUBRO'!$C:$C,600)+SUMIFS('SEMANA NOVEMBRO'!$I:$I,'SEMANA NOVEMBRO'!$B:$B,"*DESTAK*",'SEMANA NOVEMBRO'!$C:$C,600)+SUMIFS('SEMANA DEZEMBRO'!$I:$I,'SEMANA DEZEMBRO'!$B:$B,"*DESTAK*",'SEMANA DEZEMBRO'!$C:$C,600))+(SUMIFS('SEMANA JANEIRO'!$I:$I,'SEMANA JANEIRO'!$B:$B,"*NORCAU*",'SEMANA JANEIRO'!$C:$C,600)+SUMIFS('SEMANA FEVEREIRO'!$I:$I,'SEMANA FEVEREIRO'!$B:$B,"*NORCAU*",'SEMANA FEVEREIRO'!$C:$C,600)+SUMIFS('SEMANA MARÇO'!$I:$I,'SEMANA MARÇO'!$B:$B,"*NORCAU*",'SEMANA MARÇO'!$C:$C,600)+SUMIFS('SEMANA ABRIL'!$I:$I,'SEMANA ABRIL'!$B:$B,"*NORCAU*",'SEMANA ABRIL'!$C:$C,600)+SUMIFS('SEMANA MAIO'!$I:$I,'SEMANA MAIO'!$B:$B,"*NORCAU*",'SEMANA MAIO'!$C:$C,600)+SUMIFS('SEMANA JUNHO'!$I:$I,'SEMANA JUNHO'!$B:$B,"*NORCAU*",'SEMANA JUNHO'!$C:$C,600)+SUMIFS('SEMANA JULHO'!$I:$I,'SEMANA JULHO'!$B:$B,"*NORCAU*",'SEMANA JULHO'!$C:$C,600)+SUMIFS('SEMANA AGOSTO'!$I:$I,'SEMANA AGOSTO'!$B:$B,"*NORCAU*",'SEMANA AGOSTO'!$C:$C,600)+SUMIFS('SEMANA SETEMBRO'!$I:$I,'SEMANA SETEMBRO'!$B:$B,"*NORCAU*",'SEMANA SETEMBRO'!$C:$C,600)+SUMIFS('SEMANA OUTUBRO'!$I:$I,'SEMANA OUTUBRO'!$B:$B,"*NORCAU*",'SEMANA OUTUBRO'!$C:$C,600)+SUMIFS('SEMANA NOVEMBRO'!$I:$I,'SEMANA NOVEMBRO'!$B:$B,"*NORCAU*",'SEMANA NOVEMBRO'!$C:$C,600)+SUMIFS('SEMANA DEZEMBRO'!$I:$I,'SEMANA DEZEMBRO'!$B:$B,"*NORCAU*",'SEMANA DEZEMBRO'!$C:$C,600)) -> 180714 | F29: =(SUMIF('SEMANA JANEIRO'!$B:$B,"*DESTAK*",'SEMANA JANEIRO'!$I:$I)+SUMIF('SEMANA FEVEREIRO'!$B:$B,"*DESTAK*",'SEMANA FEVEREIRO'!$I:$I)+SUMIF('SEMANA MARÇO'!$B:$B,"*DESTAK*",'SEMANA MARÇO'!$I:$I)+SUMIF('SEMANA ABRIL'!$B:$B,"*DESTAK*",'SEMANA ABRIL'!$I:$I)+SUMIF('SEMANA MAIO'!$B:$B,"*DESTAK*",'SEMANA MAIO'!$I:$I)+SUMIF('SEMANA JUNHO'!$B:$B,"*DESTAK*",'SEMANA JUNHO'!$I:$I)+SUMIF('SEMANA JULHO'!$B:$B,"*DESTAK*",'SEMANA JULHO'!$I:$I)+SUMIF('SEMANA AGOSTO'!$B:$B,"*DESTAK*",'SEMANA AGOSTO'!$I:$I)+SUMIF('SEMANA SETEMBRO'!$B:$B,"*DESTAK*",'SEMANA SETEMBRO'!$I:$I)+SUMIF('SEMANA OUTUBRO'!$B:$B,"*DESTAK*",'SEMANA OUTUBRO'!$I:$I)+SUMIF('SEMANA NOVEMBRO'!$B:$B,"*DESTAK*",'SEMANA NOVEMBRO'!$I:$I)+SUMIF('SEMANA DEZEMBRO'!$B:$B,"*DESTAK*",'SEMANA DEZEMBRO'!$I:$I))+(SUMIF('SEMANA JANEIRO'!$B:$B,"*NORCAU*",'SEMANA JANEIRO'!$I:$I)+SUMIF('SEMANA FEVEREIRO'!$B:$B,"*NORCAU*",'SEMANA FEVEREIRO'!$I:$I)+SUMIF('SEMANA MARÇO'!$B:$B,"*NORCAU*",'SEMANA MARÇO'!$I:$I)+SUMIF('SEMANA ABRIL'!$B:$B,"*NORCAU*",'SEMANA ABRIL'!$I:$I)+SUMIF('SEMANA MAIO'!$B:$B,"*NORCAU*",'SEMANA MAIO'!$I:$I)+SUMIF('SEMANA JUNHO'!$B:$B,"*NORCAU*",'SEMANA JUNHO'!$I:$I)+SUMIF('SEMANA JULHO'!$B:$B,"*NORCAU*",'SEMANA JULHO'!$I:$I)+SUMIF('SEMANA AGOSTO'!$B:$B,"*NORCAU*",'SEMANA AGOSTO'!$I:$I)+SUMIF('SEMANA SETEMBRO'!$B:$B,"*NORCAU*",'SEMANA SETEMBRO'!$I:$I)+SUMIF('SEMANA OUTUBRO'!$B:$B,"*NORCAU*",'SEMANA OUTUBRO'!$I:$I)+SUMIF('SEMANA NOVEMBRO'!$B:$B,"*NORCAU*",'SEMANA NOVEMBRO'!$I:$I)+SUMIF('SEMANA DEZEMBRO'!$B:$B,"*NORCAU*",'SEMANA DEZEMBRO'!$I:$I))-C29-D29-E29 -> 13680 | G29: =C29+D29+E29+F29 -> 194394
B30: » DESTAK | C30: =SUMIFS('SEMANA JANEIRO'!$I:$I,'SEMANA JANEIRO'!$B:$B,"*DESTAK*",'SEMANA JANEIRO'!$C:$C,180)+SUMIFS('SEMANA FEVEREIRO'!$I:$I,'SEMANA FEVEREIRO'!$B:$B,"*DESTAK*",'SEMANA FEVEREIRO'!$C:$C,180)+SUMIFS('SEMANA MARÇO'!$I:$I,'SEMANA MARÇO'!$B:$B,"*DESTAK*",'SEMANA MARÇO'!$C:$C,180)+SUMIFS('SEMANA ABRIL'!$I:$I,'SEMANA ABRIL'!$B:$B,"*DESTAK*",'SEMANA ABRIL'!$C:$C,180)+SUMIFS('SEMANA MAIO'!$I:$I,'SEMANA MAIO'!$B:$B,"*DESTAK*",'SEMANA MAIO'!$C:$C,180)+SUMIFS('SEMANA JUNHO'!$I:$I,'SEMANA JUNHO'!$B:$B,"*DESTAK*",'SEMANA JUNHO'!$C:$C,180)+SUMIFS('SEMANA JULHO'!$I:$I,'SEMANA JULHO'!$B:$B,"*DESTAK*",'SEMANA JULHO'!$C:$C,180)+SUMIFS('SEMANA AGOSTO'!$I:$I,'SEMANA AGOSTO'!$B:$B,"*DESTAK*",'SEMANA AGOSTO'!$C:$C,180)+SUMIFS('SEMANA SETEMBRO'!$I:$I,'SEMANA SETEMBRO'!$B:$B,"*DESTAK*",'SEMANA SETEMBRO'!$C:$C,180)+SUMIFS('SEMANA OUTUBRO'!$I:$I,'SEMANA OUTUBRO'!$B:$B,"*DESTAK*",'SEMANA OUTUBRO'!$C:$C,180)+SUMIFS('SEMANA NOVEMBRO'!$I:$I,'SEMANA NOVEMBRO'!$B:$B,"*DESTAK*",'SEMANA NOVEMBRO'!$C:$C,180)+SUMIFS('SEMANA DEZEMBRO'!$I:$I,'SEMANA DEZEMBRO'!$B:$B,"*DESTAK*",'SEMANA DEZEMBRO'!$C:$C,180) -> 0 | D30: =SUMIFS('SEMANA JANEIRO'!$I:$I,'SEMANA JANEIRO'!$B:$B,"*DESTAK*",'SEMANA JANEIRO'!$C:$C,400)+SUMIFS('SEMANA FEVEREIRO'!$I:$I,'SEMANA FEVEREIRO'!$B:$B,"*DESTAK*",'SEMANA FEVEREIRO'!$C:$C,400)+SUMIFS('SEMANA MARÇO'!$I:$I,'SEMANA MARÇO'!$B:$B,"*DESTAK*",'SEMANA MARÇO'!$C:$C,400)+SUMIFS('SEMANA ABRIL'!$I:$I,'SEMANA ABRIL'!$B:$B,"*DESTAK*",'SEMANA ABRIL'!$C:$C,400)+SUMIFS('SEMANA MAIO'!$I:$I,'SEMANA MAIO'!$B:$B,"*DESTAK*",'SEMANA MAIO'!$C:$C,400)+SUMIFS('SEMANA JUNHO'!$I:$I,'SEMANA JUNHO'!$B:$B,"*DESTAK*",'SEMANA JUNHO'!$C:$C,400)+SUMIFS('SEMANA JULHO'!$I:$I,'SEMANA JULHO'!$B:$B,"*DESTAK*",'SEMANA JULHO'!$C:$C,400)+SUMIFS('SEMANA AGOSTO'!$I:$I,'SEMANA AGOSTO'!$B:$B,"*DESTAK*",'SEMANA AGOSTO'!$C:$C,400)+SUMIFS('SEMANA SETEMBRO'!$I:$I,'SEMANA SETEMBRO'!$B:$B,"*DESTAK*",'SEMANA SETEMBRO'!$C:$C,400)+SUMIFS('SEMANA OUTUBRO'!$I:$I,'SEMANA OUTUBRO'!$B:$B,"*DESTAK*",'SEMANA OUTUBRO'!$C:$C,400)+SUMIFS('SEMANA NOVEMBRO'!$I:$I,'SEMANA NOVEMBRO'!$B:$B,"*DESTAK*",'SEMANA NOVEMBRO'!$C:$C,400)+SUMIFS('SEMANA DEZEMBRO'!$I:$I,'SEMANA DEZEMBRO'!$B:$B,"*DESTAK*",'SEMANA DEZEMBRO'!$C:$C,400) -> 0 | E30: =SUMIFS('SEMANA JANEIRO'!$I:$I,'SEMANA JANEIRO'!$B:$B,"*DESTAK*",'SEMANA JANEIRO'!$C:$C,600)+SUMIFS('SEMANA FEVEREIRO'!$I:$I,'SEMANA FEVEREIRO'!$B:$B,"*DESTAK*",'SEMANA FEVEREIRO'!$C:$C,600)+SUMIFS('SEMANA MARÇO'!$I:$I,'SEMANA MARÇO'!$B:$B,"*DESTAK*",'SEMANA MARÇO'!$C:$C,600)+SUMIFS('SEMANA ABRIL'!$I:$I,'SEMANA ABRIL'!$B:$B,"*DESTAK*",'SEMANA ABRIL'!$C:$C,600)+SUMIFS('SEMANA MAIO'!$I:$I,'SEMANA MAIO'!$B:$B,"*DESTAK*",'SEMANA MAIO'!$C:$C,600)+SUMIFS('SEMANA JUNHO'!$I:$I,'SEMANA JUNHO'!$B:$B,"*DESTAK*",'SEMANA JUNHO'!$C:$C,600)+SUMIFS('SEMANA JULHO'!$I:$I,'SEMANA JULHO'!$B:$B,"*DESTAK*",'SEMANA JULHO'!$C:$C,600)+SUMIFS('SEMANA AGOSTO'!$I:$I,'SEMANA AGOSTO'!$B:$B,"*DESTAK*",'SEMANA AGOSTO'!$C:$C,600)+SUMIFS('SEMANA SETEMBRO'!$I:$I,'SEMANA SETEMBRO'!$B:$B,"*DESTAK*",'SEMANA SETEMBRO'!$C:$C,600)+SUMIFS('SEMANA OUTUBRO'!$I:$I,'SEMANA OUTUBRO'!$B:$B,"*DESTAK*",'SEMANA OUTUBRO'!$C:$C,600)+SUMIFS('SEMANA NOVEMBRO'!$I:$I,'SEMANA NOVEMBRO'!$B:$B,"*DESTAK*",'SEMANA NOVEMBRO'!$C:$C,600)+SUMIFS('SEMANA DEZEMBRO'!$I:$I,'SEMANA DEZEMBRO'!$B:$B,"*DESTAK*",'SEMANA DEZEMBRO'!$C:$C,600) -> 132546 | F30: =SUMIF('SEMANA JANEIRO'!$B:$B,"*DESTAK*",'SEMANA JANEIRO'!$I:$I)+SUMIF('SEMANA FEVEREIRO'!$B:$B,"*DESTAK*",'SEMANA FEVEREIRO'!$I:$I)+SUMIF('SEMANA MARÇO'!$B:$B,"*DESTAK*",'SEMANA MARÇO'!$I:$I)+SUMIF('SEMANA ABRIL'!$B:$B,"*DESTAK*",'SEMANA ABRIL'!$I:$I)+SUMIF('SEMANA MAIO'!$B:$B,"*DESTAK*",'SEMANA MAIO'!$I:$I)+SUMIF('SEMANA JUNHO'!$B:$B,"*DESTAK*",'SEMANA JUNHO'!$I:$I)+SUMIF('SEMANA JULHO'!$B:$B,"*DESTAK*",'SEMANA JULHO'!$I:$I)+SUMIF('SEMANA AGOSTO'!$B:$B,"*DESTAK*",'SEMANA AGOSTO'!$I:$I)+SUMIF('SEMANA SETEMBRO'!$B:$B,"*DESTAK*",'SEMANA SETEMBRO'!$I:$I)+SUMIF('SEMANA OUTUBRO'!$B:$B,"*DESTAK*",'SEMANA OUTUBRO'!$I:$I)+SUMIF('SEMANA NOVEMBRO'!$B:$B,"*DESTAK*",'SEMANA NOVEMBRO'!$I:$I)+SUMIF('SEMANA DEZEMBRO'!$B:$B,"*DESTAK*",'SEMANA DEZEMBRO'!$I:$I)-C30-D30-E30 -> 13680 | G30: =C30+D30+E30+F30 -> 146226
B31: » NORCAU | C31: =SUMIFS('SEMANA JANEIRO'!$I:$I,'SEMANA JANEIRO'!$B:$B,"*NORCAU*",'SEMANA JANEIRO'!$C:$C,180)+SUMIFS('SEMANA FEVEREIRO'!$I:$I,'SEMANA FEVEREIRO'!$B:$B,"*NORCAU*",'SEMANA FEVEREIRO'!$C:$C,180)+SUMIFS('SEMANA MARÇO'!$I:$I,'SEMANA MARÇO'!$B:$B,"*NORCAU*",'SEMANA MARÇO'!$C:$C,180)+SUMIFS('SEMANA ABRIL'!$I:$I,'SEMANA ABRIL'!$B:$B,"*NORCAU*",'SEMANA ABRIL'!$C:$C,180)+SUMIFS('SEMANA MAIO'!$I:$I,'SEMANA MAIO'!$B:$B,"*NORCAU*",'SEMANA MAIO'!$C:$C,180)+SUMIFS('SEMANA JUNHO'!$I:$I,'SEMANA JUNHO'!$B:$B,"*NORCAU*",'SEMANA JUNHO'!$C:$C,180)+SUMIFS('SEMANA JULHO'!$I:$I,'SEMANA JULHO'!$B:$B,"*NORCAU*",'SEMANA JULHO'!$C:$C,180)+SUMIFS('SEMANA AGOSTO'!$I:$I,'SEMANA AGOSTO'!$B:$B,"*NORCAU*",'SEMANA AGOSTO'!$C:$C,180)+SUMIFS('SEMANA SETEMBRO'!$I:$I,'SEMANA SETEMBRO'!$B:$B,"*NORCAU*",'SEMANA SETEMBRO'!$C:$C,180)+SUMIFS('SEMANA OUTUBRO'!$I:$I,'SEMANA OUTUBRO'!$B:$B,"*NORCAU*",'SEMANA OUTUBRO'!$C:$C,180)+SUMIFS('SEMANA NOVEMBRO'!$I:$I,'SEMANA NOVEMBRO'!$B:$B,"*NORCAU*",'SEMANA NOVEMBRO'!$C:$C,180)+SUMIFS('SEMANA DEZEMBRO'!$I:$I,'SEMANA DEZEMBRO'!$B:$B,"*NORCAU*",'SEMANA DEZEMBRO'!$C:$C,180) -> 0 | D31: =SUMIFS('SEMANA JANEIRO'!$I:$I,'SEMANA JANEIRO'!$B:$B,"*NORCAU*",'SEMANA JANEIRO'!$C:$C,400)+SUMIFS('SEMANA FEVEREIRO'!$I:$I,'SEMANA FEVEREIRO'!$B:$B,"*NORCAU*",'SEMANA FEVEREIRO'!$C:$C,400)+SUMIFS('SEMANA MARÇO'!$I:$I,'SEMANA MARÇO'!$B:$B,"*NORCAU*",'SEMANA MARÇO'!$C:$C,400)+SUMIFS('SEMANA ABRIL'!$I:$I,'SEMANA ABRIL'!$B:$B,"*NORCAU*",'SEMANA ABRIL'!$C:$C,400)+SUMIFS('SEMANA MAIO'!$I:$I,'SEMANA MAIO'!$B:$B,"*NORCAU*",'SEMANA MAIO'!$C:$C,400)+SUMIFS('SEMANA JUNHO'!$I:$I,'SEMANA JUNHO'!$B:$B,"*NORCAU*",'SEMANA JUNHO'!$C:$C,400)+SUMIFS('SEMANA JULHO'!$I:$I,'SEMANA JULHO'!$B:$B,"*NORCAU*",'SEMANA JULHO'!$C:$C,400)+SUMIFS('SEMANA AGOSTO'!$I:$I,'SEMANA AGOSTO'!$B:$B,"*NORCAU*",'SEMANA AGOSTO'!$C:$C,400)+SUMIFS('SEMANA SETEMBRO'!$I:$I,'SEMANA SETEMBRO'!$B:$B,"*NORCAU*",'SEMANA SETEMBRO'!$C:$C,400)+SUMIFS('SEMANA OUTUBRO'!$I:$I,'SEMANA OUTUBRO'!$B:$B,"*NORCAU*",'SEMANA OUTUBRO'!$C:$C,400)+SUMIFS('SEMANA NOVEMBRO'!$I:$I,'SEMANA NOVEMBRO'!$B:$B,"*NORCAU*",'SEMANA NOVEMBRO'!$C:$C,400)+SUMIFS('SEMANA DEZEMBRO'!$I:$I,'SEMANA DEZEMBRO'!$B:$B,"*NORCAU*",'SEMANA DEZEMBRO'!$C:$C,400) -> 0 | E31: =SUMIFS('SEMANA JANEIRO'!$I:$I,'SEMANA JANEIRO'!$B:$B,"*NORCAU*",'SEMANA JANEIRO'!$C:$C,600)+SUMIFS('SEMANA FEVEREIRO'!$I:$I,'SEMANA FEVEREIRO'!$B:$B,"*NORCAU*",'SEMANA FEVEREIRO'!$C:$C,600)+SUMIFS('SEMANA MARÇO'!$I:$I,'SEMANA MARÇO'!$B:$B,"*NORCAU*",'SEMANA MARÇO'!$C:$C,600)+SUMIFS('SEMANA ABRIL'!$I:$I,'SEMANA ABRIL'!$B:$B,"*NORCAU*",'SEMANA ABRIL'!$C:$C,600)+SUMIFS('SEMANA MAIO'!$I:$I,'SEMANA MAIO'!$B:$B,"*NORCAU*",'SEMANA MAIO'!$C:$C,600)+SUMIFS('SEMANA JUNHO'!$I:$I,'SEMANA JUNHO'!$B:$B,"*NORCAU*",'SEMANA JUNHO'!$C:$C,600)+SUMIFS('SEMANA JULHO'!$I:$I,'SEMANA JULHO'!$B:$B,"*NORCAU*",'SEMANA JULHO'!$C:$C,600)+SUMIFS('SEMANA AGOSTO'!$I:$I,'SEMANA AGOSTO'!$B:$B,"*NORCAU*",'SEMANA AGOSTO'!$C:$C,600)+SUMIFS('SEMANA SETEMBRO'!$I:$I,'SEMANA SETEMBRO'!$B:$B,"*NORCAU*",'SEMANA SETEMBRO'!$C:$C,600)+SUMIFS('SEMANA OUTUBRO'!$I:$I,'SEMANA OUTUBRO'!$B:$B,"*NORCAU*",'SEMANA OUTUBRO'!$C:$C,600)+SUMIFS('SEMANA NOVEMBRO'!$I:$I,'SEMANA NOVEMBRO'!$B:$B,"*NORCAU*",'SEMANA NOVEMBRO'!$C:$C,600)+SUMIFS('SEMANA DEZEMBRO'!$I:$I,'SEMANA DEZEMBRO'!$B:$B,"*NORCAU*",'SEMANA DEZEMBRO'!$C:$C,600) -> 48168 | F31: =SUMIF('SEMANA JANEIRO'!$B:$B,"*NORCAU*",'SEMANA JANEIRO'!$I:$I)+SUMIF('SEMANA FEVEREIRO'!$B:$B,"*NORCAU*",'SEMANA FEVEREIRO'!$I:$I)+SUMIF('SEMANA MARÇO'!$B:$B,"*NORCAU*",'SEMANA MARÇO'!$I:$I)+SUMIF('SEMANA ABRIL'!$B:$B,"*NORCAU*",'SEMANA ABRIL'!$I:$I)+SUMIF('SEMANA MAIO'!$B:$B,"*NORCAU*",'SEMANA MAIO'!$I:$I)+SUMIF('SEMANA JUNHO'!$B:$B,"*NORCAU*",'SEMANA JUNHO'!$I:$I)+SUMIF('SEMANA JULHO'!$B:$B,"*NORCAU*",'SEMANA JULHO'!$I:$I)+SUMIF('SEMANA AGOSTO'!$B:$B,"*NORCAU*",'SEMANA AGOSTO'!$I:$I)+SUMIF('SEMANA SETEMBRO'!$B:$B,"*NORCAU*",'SEMANA SETEMBRO'!$I:$I)+SUMIF('SEMANA OUTUBRO'!$B:$B,"*NORCAU*",'SEMANA OUTUBRO'!$I:$I)+SUMIF('SEMANA NOVEMBRO'!$B:$B,"*NORCAU*",'SEMANA NOVEMBRO'!$I:$I)+SUMIF('SEMANA DEZEMBRO'!$B:$B,"*NORCAU*",'SEMANA DEZEMBRO'!$I:$I)-C31-D31-E31 -> 0 | G31: =C31+D31+E31+F31 -> 48168
A32: 🥉 3º | B32: ICEBERG CHEF | C32: =SUMIFS('SEMANA JANEIRO'!$I:$I,'SEMANA JANEIRO'!$B:$B,"*ICEBERG*",'SEMANA JANEIRO'!$C:$C,180)+SUMIFS('SEMANA FEVEREIRO'!$I:$I,'SEMANA FEVEREIRO'!$B:$B,"*ICEBERG*",'SEMANA FEVEREIRO'!$C:$C,180)+SUMIFS('SEMANA MARÇO'!$I:$I,'SEMANA MARÇO'!$B:$B,"*ICEBERG*",'SEMANA MARÇO'!$C:$C,180)+SUMIFS('SEMANA ABRIL'!$I:$I,'SEMANA ABRIL'!$B:$B,"*ICEBERG*",'SEMANA ABRIL'!$C:$C,180)+SUMIFS('SEMANA MAIO'!$I:$I,'SEMANA MAIO'!$B:$B,"*ICEBERG*",'SEMANA MAIO'!$C:$C,180)+SUMIFS('SEMANA JUNHO'!$I:$I,'SEMANA JUNHO'!$B:$B,"*ICEBERG*",'SEMANA JUNHO'!$C:$C,180)+SUMIFS('SEMANA JULHO'!$I:$I,'SEMANA JULHO'!$B:$B,"*ICEBERG*",'SEMANA JULHO'!$C:$C,180)+SUMIFS('SEMANA AGOSTO'!$I:$I,'SEMANA AGOSTO'!$B:$B,"*ICEBERG*",'SEMANA AGOSTO'!$C:$C,180)+SUMIFS('SEMANA SETEMBRO'!$I:$I,'SEMANA SETEMBRO'!$B:$B,"*ICEBERG*",'SEMANA SETEMBRO'!$C:$C,180)+SUMIFS('SEMANA OUTUBRO'!$I:$I,'SEMANA OUTUBRO'!$B:$B,"*ICEBERG*",'SEMANA OUTUBRO'!$C:$C,180)+SUMIFS('SEMANA NOVEMBRO'!$I:$I,'SEMANA NOVEMBRO'!$B:$B,"*ICEBERG*",'SEMANA NOVEMBRO'!$C:$C,180)+SUMIFS('SEMANA DEZEMBRO'!$I:$I,'SEMANA DEZEMBRO'!$B:$B,"*ICEBERG*",'SEMANA DEZEMBRO'!$C:$C,180) -> 0 | D32: =SUMIFS('SEMANA JANEIRO'!$I:$I,'SEMANA JANEIRO'!$B:$B,"*ICEBERG*",'SEMANA JANEIRO'!$C:$C,400)+SUMIFS('SEMANA FEVEREIRO'!$I:$I,'SEMANA FEVEREIRO'!$B:$B,"*ICEBERG*",'SEMANA FEVEREIRO'!$C:$C,400)+SUMIFS('SEMANA MARÇO'!$I:$I,'SEMANA MARÇO'!$B:$B,"*ICEBERG*",'SEMANA MARÇO'!$C:$C,400)+SUMIFS('SEMANA ABRIL'!$I:$I,'SEMANA ABRIL'!$B:$B,"*ICEBERG*",'SEMANA ABRIL'!$C:$C,400)+SUMIFS('SEMANA MAIO'!$I:$I,'SEMANA MAIO'!$B:$B,"*ICEBERG*",'SEMANA MAIO'!$C:$C,400)+SUMIFS('SEMANA JUNHO'!$I:$I,'SEMANA JUNHO'!$B:$B,"*ICEBERG*",'SEMANA JUNHO'!$C:$C,400)+SUMIFS('SEMANA JULHO'!$I:$I,'SEMANA JULHO'!$B:$B,"*ICEBERG*",'SEMANA JULHO'!$C:$C,400)+SUMIFS('SEMANA AGOSTO'!$I:$I,'SEMANA AGOSTO'!$B:$B,"*ICEBERG*",'SEMANA AGOSTO'!$C:$C,400)+SUMIFS('SEMANA SETEMBRO'!$I:$I,'SEMANA SETEMBRO'!$B:$B,"*ICEBERG*",'SEMANA SETEMBRO'!$C:$C,400)+SUMIFS('SEMANA OUTUBRO'!$I:$I,'SEMANA OUTUBRO'!$B:$B,"*ICEBERG*",'SEMANA OUTUBRO'!$C:$C,400)+SUMIFS('SEMANA NOVEMBRO'!$I:$I,'SEMANA NOVEMBRO'!$B:$B,"*ICEBERG*",'SEMANA NOVEMBRO'!$C:$C,400)+SUMIFS('SEMANA DEZEMBRO'!$I:$I,'SEMANA DEZEMBRO'!$B:$B,"*ICEBERG*",'SEMANA DEZEMBRO'!$C:$C,400) -> 108408 | E32: =SUMIFS('SEMANA JANEIRO'!$I:$I,'SEMANA JANEIRO'!$B:$B,"*ICEBERG*",'SEMANA JANEIRO'!$C:$C,600)+SUMIFS('SEMANA FEVEREIRO'!$I:$I,'SEMANA FEVEREIRO'!$B:$B,"*ICEBERG*",'SEMANA FEVEREIRO'!$C:$C,600)+SUMIFS('SEMANA MARÇO'!$I:$I,'SEMANA MARÇO'!$B:$B,"*ICEBERG*",'SEMANA MARÇO'!$C:$C,600)+SUMIFS('SEMANA ABRIL'!$I:$I,'SEMANA ABRIL'!$B:$B,"*ICEBERG*",'SEMANA ABRIL'!$C:$C,600)+SUMIFS('SEMANA MAIO'!$I:$I,'SEMANA MAIO'!$B:$B,"*ICEBERG*",'SEMANA MAIO'!$C:$C,600)+SUMIFS('SEMANA JUNHO'!$I:$I,'SEMANA JUNHO'!$B:$B,"*ICEBERG*",'SEMANA JUNHO'!$C:$C,600)+SUMIFS('SEMANA JULHO'!$I:$I,'SEMANA JULHO'!$B:$B,"*ICEBERG*",'SEMANA JULHO'!$C:$C,600)+SUMIFS('SEMANA AGOSTO'!$I:$I,'SEMANA AGOSTO'!$B:$B,"*ICEBERG*",'SEMANA AGOSTO'!$C:$C,600)+SUMIFS('SEMANA SETEMBRO'!$I:$I,'SEMANA SETEMBRO'!$B:$B,"*ICEBERG*",'SEMANA SETEMBRO'!$C:$C,600)+SUMIFS('SEMANA OUTUBRO'!$I:$I,'SEMANA OUTUBRO'!$B:$B,"*ICEBERG*",'SEMANA OUTUBRO'!$C:$C,600)+SUMIFS('SEMANA NOVEMBRO'!$I:$I,'SEMANA NOVEMBRO'!$B:$B,"*ICEBERG*",'SEMANA NOVEMBRO'!$C:$C,600)+SUMIFS('SEMANA DEZEMBRO'!$I:$I,'SEMANA DEZEMBRO'!$B:$B,"*ICEBERG*",'SEMANA DEZEMBRO'!$C:$C,600) -> 0 | F32: =SUMIF('SEMANA JANEIRO'!$B:$B,"*ICEBERG*",'SEMANA JANEIRO'!$I:$I)+SUMIF('SEMANA FEVEREIRO'!$B:$B,"*ICEBERG*",'SEMANA FEVEREIRO'!$I:$I)+SUMIF('SEMANA MARÇO'!$B:$B,"*ICEBERG*",'SEMANA MARÇO'!$I:$I)+SUMIF('SEMANA ABRIL'!$B:$B,"*ICEBERG*",'SEMANA ABRIL'!$I:$I)+SUMIF('SEMANA MAIO'!$B:$B,"*ICEBERG*",'SEMANA MAIO'!$I:$I)+SUMIF('SEMANA JUNHO'!$B:$B,"*ICEBERG*",'SEMANA JUNHO'!$I:$I)+SUMIF('SEMANA JULHO'!$B:$B,"*ICEBERG*",'SEMANA JULHO'!$I:$I)+SUMIF('SEMANA AGOSTO'!$B:$B,"*ICEBERG*",'SEMANA AGOSTO'!$I:$I)+SUMIF('SEMANA SETEMBRO'!$B:$B,"*ICEBERG*",'SEMANA SETEMBRO'!$I:$I)+SUMIF('SEMANA OUTUBRO'!$B:$B,"*ICEBERG*",'SEMANA OUTUBRO'!$I:$I)+SUMIF('SEMANA NOVEMBRO'!$B:$B,"*ICEBERG*",'SEMANA NOVEMBRO'!$I:$I)+SUMIF('SEMANA DEZEMBRO'!$B:$B,"*ICEBERG*",'SEMANA DEZEMBRO'!$I:$I)-C32-D32-E32 -> 2115 | G32: =C32+D32+E32+F32 -> 110523
A33: 4º | B33: ADIMIX | C33: =SUMIFS('SEMANA JANEIRO'!$I:$I,'SEMANA JANEIRO'!$B:$B,"*ADIMIX*",'SEMANA JANEIRO'!$C:$C,180)+SUMIFS('SEMANA FEVEREIRO'!$I:$I,'SEMANA FEVEREIRO'!$B:$B,"*ADIMIX*",'SEMANA FEVEREIRO'!$C:$C,180)+SUMIFS('SEMANA MARÇO'!$I:$I,'SEMANA MARÇO'!$B:$B,"*ADIMIX*",'SEMANA MARÇO'!$C:$C,180)+SUMIFS('SEMANA ABRIL'!$I:$I,'SEMANA ABRIL'!$B:$B,"*ADIMIX*",'SEMANA ABRIL'!$C:$C,180)+SUMIFS('SEMANA MAIO'!$I:$I,'SEMANA MAIO'!$B:$B,"*ADIMIX*",'SEMANA MAIO'!$C:$C,180)+SUMIFS('SEMANA JUNHO'!$I:$I,'SEMANA JUNHO'!$B:$B,"*ADIMIX*",'SEMANA JUNHO'!$C:$C,180)+SUMIFS('SEMANA JULHO'!$I:$I,'SEMANA JULHO'!$B:$B,"*ADIMIX*",'SEMANA JULHO'!$C:$C,180)+SUMIFS('SEMANA AGOSTO'!$I:$I,'SEMANA AGOSTO'!$B:$B,"*ADIMIX*",'SEMANA AGOSTO'!$C:$C,180)+SUMIFS('SEMANA SETEMBRO'!$I:$I,'SEMANA SETEMBRO'!$B:$B,"*ADIMIX*",'SEMANA SETEMBRO'!$C:$C,180)+SUMIFS('SEMANA OUTUBRO'!$I:$I,'SEMANA OUTUBRO'!$B:$B,"*ADIMIX*",'SEMANA OUTUBRO'!$C:$C,180)+SUMIFS('SEMANA NOVEMBRO'!$I:$I,'SEMANA NOVEMBRO'!$B:$B,"*ADIMIX*",'SEMANA NOVEMBRO'!$C:$C,180)+SUMIFS('SEMANA DEZEMBRO'!$I:$I,'SEMANA DEZEMBRO'!$B:$B,"*ADIMIX*",'SEMANA DEZEMBRO'!$C:$C,180) -> 0 | D33: =SUMIFS('SEMANA JANEIRO'!$I:$I,'SEMANA JANEIRO'!$B:$B,"*ADIMIX*",'SEMANA JANEIRO'!$C:$C,400)+SUMIFS('SEMANA FEVEREIRO'!$I:$I,'SEMANA FEVEREIRO'!$B:$B,"*ADIMIX*",'SEMANA FEVEREIRO'!$C:$C,400)+SUMIFS('SEMANA MARÇO'!$I:$I,'SEMANA MARÇO'!$B:$B,"*ADIMIX*",'SEMANA MARÇO'!$C:$C,400)+SUMIFS('SEMANA ABRIL'!$I:$I,'SEMANA ABRIL'!$B:$B,"*ADIMIX*",'SEMANA ABRIL'!$C:$C,400)+SUMIFS('SEMANA MAIO'!$I:$I,'SEMANA MAIO'!$B:$B,"*ADIMIX*",'SEMANA MAIO'!$C:$C,400)+SUMIFS('SEMANA JUNHO'!$I:$I,'SEMANA JUNHO'!$B:$B,"*ADIMIX*",'SEMANA JUNHO'!$C:$C,400)+SUMIFS('SEMANA JULHO'!$I:$I,'SEMANA JULHO'!$B:$B,"*ADIMIX*",'SEMANA JULHO'!$C:$C,400)+SUMIFS('SEMANA AGOSTO'!$I:$I,'SEMANA AGOSTO'!$B:$B,"*ADIMIX*",'SEMANA AGOSTO'!$C:$C,400)+SUMIFS('SEMANA SETEMBRO'!$I:$I,'SEMANA SETEMBRO'!$B:$B,"*ADIMIX*",'SEMANA SETEMBRO'!$C:$C,400)+SUMIFS('SEMANA OUTUBRO'!$I:$I,'SEMANA OUTUBRO'!$B:$B,"*ADIMIX*",'SEMANA OUTUBRO'!$C:$C,400)+SUMIFS('SEMANA NOVEMBRO'!$I:$I,'SEMANA NOVEMBRO'!$B:$B,"*ADIMIX*",'SEMANA NOVEMBRO'!$C:$C,400)+SUMIFS('SEMANA DEZEMBRO'!$I:$I,'SEMANA DEZEMBRO'!$B:$B,"*ADIMIX*",'SEMANA DEZEMBRO'!$C:$C,400) -> 0 | E33: =SUMIFS('SEMANA JANEIRO'!$I:$I,'SEMANA JANEIRO'!$B:$B,"*ADIMIX*",'SEMANA JANEIRO'!$C:$C,600)+SUMIFS('SEMANA FEVEREIRO'!$I:$I,'SEMANA FEVEREIRO'!$B:$B,"*ADIMIX*",'SEMANA FEVEREIRO'!$C:$C,600)+SUMIFS('SEMANA MARÇO'!$I:$I,'SEMANA MARÇO'!$B:$B,"*ADIMIX*",'SEMANA MARÇO'!$C:$C,600)+SUMIFS('SEMANA ABRIL'!$I:$I,'SEMANA ABRIL'!$B:$B,"*ADIMIX*",'SEMANA ABRIL'!$C:$C,600)+SUMIFS('SEMANA MAIO'!$I:$I,'SEMANA MAIO'!$B:$B,"*ADIMIX*",'SEMANA MAIO'!$C:$C,600)+SUMIFS('SEMANA JUNHO'!$I:$I,'SEMANA JUNHO'!$B:$B,"*ADIMIX*",'SEMANA JUNHO'!$C:$C,600)+SUMIFS('SEMANA JULHO'!$I:$I,'SEMANA JULHO'!$B:$B,"*ADIMIX*",'SEMANA JULHO'!$C:$C,600)+SUMIFS('SEMANA AGOSTO'!$I:$I,'SEMANA AGOSTO'!$B:$B,"*ADIMIX*",'SEMANA AGOSTO'!$C:$C,600)+SUMIFS('SEMANA SETEMBRO'!$I:$I,'SEMANA SETEMBRO'!$B:$B,"*ADIMIX*",'SEMANA SETEMBRO'!$C:$C,600)+SUMIFS('SEMANA OUTUBRO'!$I:$I,'SEMANA OUTUBRO'!$B:$B,"*ADIMIX*",'SEMANA OUTUBRO'!$C:$C,600)+SUMIFS('SEMANA NOVEMBRO'!$I:$I,'SEMANA NOVEMBRO'!$B:$B,"*ADIMIX*",'SEMANA NOVEMBRO'!$C:$C,600)+SUMIFS('SEMANA DEZEMBRO'!$I:$I,'SEMANA DEZEMBRO'!$B:$B,"*ADIMIX*",'SEMANA DEZEMBRO'!$C:$C,600) -> 88332 | F33: =SUMIF('SEMANA JANEIRO'!$B:$B,"*ADIMIX*",'SEMANA JANEIRO'!$I:$I)+SUMIF('SEMANA FEVEREIRO'!$B:$B,"*ADIMIX*",'SEMANA FEVEREIRO'!$I:$I)+SUMIF('SEMANA MARÇO'!$B:$B,"*ADIMIX*",'SEMANA MARÇO'!$I:$I)+SUMIF('SEMANA ABRIL'!$B:$B,"*ADIMIX*",'SEMANA ABRIL'!$I:$I)+SUMIF('SEMANA MAIO'!$B:$B,"*ADIMIX*",'SEMANA MAIO'!$I:$I)+SUMIF('SEMANA JUNHO'!$B:$B,"*ADIMIX*",'SEMANA JUNHO'!$I:$I)+SUMIF('SEMANA JULHO'!$B:$B,"*ADIMIX*",'SEMANA JULHO'!$I:$I)+SUMIF('SEMANA AGOSTO'!$B:$B,"*ADIMIX*",'SEMANA AGOSTO'!$I:$I)+SUMIF('SEMANA SETEMBRO'!$B:$B,"*ADIMIX*",'SEMANA SETEMBRO'!$I:$I)+SUMIF('SEMANA OUTUBRO'!$B:$B,"*ADIMIX*",'SEMANA OUTUBRO'!$I:$I)+SUMIF('SEMANA NOVEMBRO'!$B:$B,"*ADIMIX*",'SEMANA NOVEMBRO'!$I:$I)+SUMIF('SEMANA DEZEMBRO'!$B:$B,"*ADIMIX*",'SEMANA DEZEMBRO'!$I:$I)-C33-D33-E33 -> 0 | G33: =C33+D33+E33+F33 -> 88332
A34: 5º | B34: FESTPAN | C34: =SUMIFS('SEMANA JANEIRO'!$I:$I,'SEMANA JANEIRO'!$B:$B,"*FESTPAN*",'SEMANA JANEIRO'!$C:$C,180)+SUMIFS('SEMANA FEVEREIRO'!$I:$I,'SEMANA FEVEREIRO'!$B:$B,"*FESTPAN*",'SEMANA FEVEREIRO'!$C:$C,180)+SUMIFS('SEMANA MARÇO'!$I:$I,'SEMANA MARÇO'!$B:$B,"*FESTPAN*",'SEMANA MARÇO'!$C:$C,180)+SUMIFS('SEMANA ABRIL'!$I:$I,'SEMANA ABRIL'!$B:$B,"*FESTPAN*",'SEMANA ABRIL'!$C:$C,180)+SUMIFS('SEMANA MAIO'!$I:$I,'SEMANA MAIO'!$B:$B,"*FESTPAN*",'SEMANA MAIO'!$C:$C,180)+SUMIFS('SEMANA JUNHO'!$I:$I,'SEMANA JUNHO'!$B:$B,"*FESTPAN*",'SEMANA JUNHO'!$C:$C,180)+SUMIFS('SEMANA JULHO'!$I:$I,'SEMANA JULHO'!$B:$B,"*FESTPAN*",'SEMANA JULHO'!$C:$C,180)+SUMIFS('SEMANA AGOSTO'!$I:$I,'SEMANA AGOSTO'!$B:$B,"*FESTPAN*",'SEMANA AGOSTO'!$C:$C,180)+SUMIFS('SEMANA SETEMBRO'!$I:$I,'SEMANA SETEMBRO'!$B:$B,"*FESTPAN*",'SEMANA SETEMBRO'!$C:$C,180)+SUMIFS('SEMANA OUTUBRO'!$I:$I,'SEMANA OUTUBRO'!$B:$B,"*FESTPAN*",'SEMANA OUTUBRO'!$C:$C,180)+SUMIFS('SEMANA NOVEMBRO'!$I:$I,'SEMANA NOVEMBRO'!$B:$B,"*FESTPAN*",'SEMANA NOVEMBRO'!$C:$C,180)+SUMIFS('SEMANA DEZEMBRO'!$I:$I,'SEMANA DEZEMBRO'!$B:$B,"*FESTPAN*",'SEMANA DEZEMBRO'!$C:$C,180) -> 0 | D34: =SUMIFS('SEMANA JANEIRO'!$I:$I,'SEMANA JANEIRO'!$B:$B,"*FESTPAN*",'SEMANA JANEIRO'!$C:$C,400)+SUMIFS('SEMANA FEVEREIRO'!$I:$I,'SEMANA FEVEREIRO'!$B:$B,"*FESTPAN*",'SEMANA FEVEREIRO'!$C:$C,400)+SUMIFS('SEMANA MARÇO'!$I:$I,'SEMANA MARÇO'!$B:$B,"*FESTPAN*",'SEMANA MARÇO'!$C:$C,400)+SUMIFS('SEMANA ABRIL'!$I:$I,'SEMANA ABRIL'!$B:$B,"*FESTPAN*",'SEMANA ABRIL'!$C:$C,400)+SUMIFS('SEMANA MAIO'!$I:$I,'SEMANA MAIO'!$B:$B,"*FESTPAN*",'SEMANA MAIO'!$C:$C,400)+SUMIFS('SEMANA JUNHO'!$I:$I,'SEMANA JUNHO'!$B:$B,"*FESTPAN*",'SEMANA JUNHO'!$C:$C,400)+SUMIFS('SEMANA JULHO'!$I:$I,'SEMANA JULHO'!$B:$B,"*FESTPAN*",'SEMANA JULHO'!$C:$C,400)+SUMIFS('SEMANA AGOSTO'!$I:$I,'SEMANA AGOSTO'!$B:$B,"*FESTPAN*",'SEMANA AGOSTO'!$C:$C,400)+SUMIFS('SEMANA SETEMBRO'!$I:$I,'SEMANA SETEMBRO'!$B:$B,"*FESTPAN*",'SEMANA SETEMBRO'!$C:$C,400)+SUMIFS('SEMANA OUTUBRO'!$I:$I,'SEMANA OUTUBRO'!$B:$B,"*FESTPAN*",'SEMANA OUTUBRO'!$C:$C,400)+SUMIFS('SEMANA NOVEMBRO'!$I:$I,'SEMANA NOVEMBRO'!$B:$B,"*FESTPAN*",'SEMANA NOVEMBRO'!$C:$C,400)+SUMIFS('SEMANA DEZEMBRO'!$I:$I,'SEMANA DEZEMBRO'!$B:$B,"*FESTPAN*",'SEMANA DEZEMBRO'!$C:$C,400) -> 43632 | E34: =SUMIFS('SEMANA JANEIRO'!$I:$I,'SEMANA JANEIRO'!$B:$B,"*FESTPAN*",'SEMANA JANEIRO'!$C:$C,600)+SUMIFS('SEMANA FEVEREIRO'!$I:$I,'SEMANA FEVEREIRO'!$B:$B,"*FESTPAN*",'SEMANA FEVEREIRO'!$C:$C,600)+SUMIFS('SEMANA MARÇO'!$I:$I,'SEMANA MARÇO'!$B:$B,"*FESTPAN*",'SEMANA MARÇO'!$C:$C,600)+SUMIFS('SEMANA ABRIL'!$I:$I,'SEMANA ABRIL'!$B:$B,"*FESTPAN*",'SEMANA ABRIL'!$C:$C,600)+SUMIFS('SEMANA MAIO'!$I:$I,'SEMANA MAIO'!$B:$B,"*FESTPAN*",'SEMANA MAIO'!$C:$C,600)+SUMIFS('SEMANA JUNHO'!$I:$I,'SEMANA JUNHO'!$B:$B,"*FESTPAN*",'SEMANA JUNHO'!$C:$C,600)+SUMIFS('SEMANA JULHO'!$I:$I,'SEMANA JULHO'!$B:$B,"*FESTPAN*",'SEMANA JULHO'!$C:$C,600)+SUMIFS('SEMANA AGOSTO'!$I:$I,'SEMANA AGOSTO'!$B:$B,"*FESTPAN*",'SEMANA AGOSTO'!$C:$C,600)+SUMIFS('SEMANA SETEMBRO'!$I:$I,'SEMANA SETEMBRO'!$B:$B,"*FESTPAN*",'SEMANA SETEMBRO'!$C:$C,600)+SUMIFS('SEMANA OUTUBRO'!$I:$I,'SEMANA OUTUBRO'!$B:$B,"*FESTPAN*",'SEMANA OUTUBRO'!$C:$C,600)+SUMIFS('SEMANA NOVEMBRO'!$I:$I,'SEMANA NOVEMBRO'!$B:$B,"*FESTPAN*",'SEMANA NOVEMBRO'!$C:$C,600)+SUMIFS('SEMANA DEZEMBRO'!$I:$I,'SEMANA DEZEMBRO'!$B:$B,"*FESTPAN*",'SEMANA DEZEMBRO'!$C:$C,600) -> 0 | F34: =SUMIF('SEMANA JANEIRO'!$B:$B,"*FESTPAN*",'SEMANA JANEIRO'!$I:$I)+SUMIF('SEMANA FEVEREIRO'!$B:$B,"*FESTPAN*",'SEMANA FEVEREIRO'!$I:$I)+SUMIF('SEMANA MARÇO'!$B:$B,"*FESTPAN*",'SEMANA MARÇO'!$I:$I)+SUMIF('SEMANA ABRIL'!$B:$B,"*FESTPAN*",'SEMANA ABRIL'!$I:$I)+SUMIF('SEMANA MAIO'!$B:$B,"*FESTPAN*",'SEMANA MAIO'!$I:$I)+SUMIF('SEMANA JUNHO'!$B:$B,"*FESTPAN*",'SEMANA JUNHO'!$I:$I)+SUMIF('SEMANA JULHO'!$B:$B,"*FESTPAN*",'SEMANA JULHO'!$I:$I)+SUMIF('SEMANA AGOSTO'!$B:$B,"*FESTPAN*",'SEMANA AGOSTO'!$I:$I)+SUMIF('SEMANA SETEMBRO'!$B:$B,"*FESTPAN*",'SEMANA SETEMBRO'!$I:$I)+SUMIF('SEMANA OUTUBRO'!$B:$B,"*FESTPAN*",'SEMANA OUTUBRO'!$I:$I)+SUMIF('SEMANA NOVEMBRO'!$B:$B,"*FESTPAN*",'SEMANA NOVEMBRO'!$I:$I)+SUMIF('SEMANA DEZEMBRO'!$B:$B,"*FESTPAN*",'SEMANA DEZEMBRO'!$I:$I)-C34-D34-E34 -> 0 | G34: =C34+D34+E34+F34 -> 43632
A35: 6º | B35: QUALICOCO | C35: =SUMIFS('SEMANA JANEIRO'!$I:$I,'SEMANA JANEIRO'!$B:$B,"*QUALICOCO*",'SEMANA JANEIRO'!$C:$C,180)+SUMIFS('SEMANA FEVEREIRO'!$I:$I,'SEMANA FEVEREIRO'!$B:$B,"*QUALICOCO*",'SEMANA FEVEREIRO'!$C:$C,180)+SUMIFS('SEMANA MARÇO'!$I:$I,'SEMANA MARÇO'!$B:$B,"*QUALICOCO*",'SEMANA MARÇO'!$C:$C,180)+SUMIFS('SEMANA ABRIL'!$I:$I,'SEMANA ABRIL'!$B:$B,"*QUALICOCO*",'SEMANA ABRIL'!$C:$C,180)+SUMIFS('SEMANA MAIO'!$I:$I,'SEMANA MAIO'!$B:$B,"*QUALICOCO*",'SEMANA MAIO'!$C:$C,180)+SUMIFS('SEMANA JUNHO'!$I:$I,'SEMANA JUNHO'!$B:$B,"*QUALICOCO*",'SEMANA JUNHO'!$C:$C,180)+SUMIFS('SEMANA JULHO'!$I:$I,'SEMANA JULHO'!$B:$B,"*QUALICOCO*",'SEMANA JULHO'!$C:$C,180)+SUMIFS('SEMANA AGOSTO'!$I:$I,'SEMANA AGOSTO'!$B:$B,"*QUALICOCO*",'SEMANA AGOSTO'!$C:$C,180)+SUMIFS('SEMANA SETEMBRO'!$I:$I,'SEMANA SETEMBRO'!$B:$B,"*QUALICOCO*",'SEMANA SETEMBRO'!$C:$C,180)+SUMIFS('SEMANA OUTUBRO'!$I:$I,'SEMANA OUTUBRO'!$B:$B,"*QUALICOCO*",'SEMANA OUTUBRO'!$C:$C,180)+SUMIFS('SEMANA NOVEMBRO'!$I:$I,'SEMANA NOVEMBRO'!$B:$B,"*QUALICOCO*",'SEMANA NOVEMBRO'!$C:$C,180)+SUMIFS('SEMANA DEZEMBRO'!$I:$I,'SEMANA DEZEMBRO'!$B:$B,"*QUALICOCO*",'SEMANA DEZEMBRO'!$C:$C,180) -> 0 | D35: =SUMIFS('SEMANA JANEIRO'!$I:$I,'SEMANA JANEIRO'!$B:$B,"*QUALICOCO*",'SEMANA JANEIRO'!$C:$C,400)+SUMIFS('SEMANA FEVEREIRO'!$I:$I,'SEMANA FEVEREIRO'!$B:$B,"*QUALICOCO*",'SEMANA FEVEREIRO'!$C:$C,400)+SUMIFS('SEMANA MARÇO'!$I:$I,'SEMANA MARÇO'!$B:$B,"*QUALICOCO*",'SEMANA MARÇO'!$C:$C,400)+SUMIFS('SEMANA ABRIL'!$I:$I,'SEMANA ABRIL'!$B:$B,"*QUALICOCO*",'SEMANA ABRIL'!$C:$C,400)+SUMIFS('SEMANA MAIO'!$I:$I,'SEMANA MAIO'!$B:$B,"*QUALICOCO*",'SEMANA MAIO'!$C:$C,400)+SUMIFS('SEMANA JUNHO'!$I:$I,'SEMANA JUNHO'!$B:$B,"*QUALICOCO*",'SEMANA JUNHO'!$C:$C,400)+SUMIFS('SEMANA JULHO'!$I:$I,'SEMANA JULHO'!$B:$B,"*QUALICOCO*",'SEMANA JULHO'!$C:$C,400)+SUMIFS('SEMANA AGOSTO'!$I:$I,'SEMANA AGOSTO'!$B:$B,"*QUALICOCO*",'SEMANA AGOSTO'!$C:$C,400)+SUMIFS('SEMANA SETEMBRO'!$I:$I,'SEMANA SETEMBRO'!$B:$B,"*QUALICOCO*",'SEMANA SETEMBRO'!$C:$C,400)+SUMIFS('SEMANA OUTUBRO'!$I:$I,'SEMANA OUTUBRO'!$B:$B,"*QUALICOCO*",'SEMANA OUTUBRO'!$C:$C,400)+SUMIFS('SEMANA NOVEMBRO'!$I:$I,'SEMANA NOVEMBRO'!$B:$B,"*QUALICOCO*",'SEMANA NOVEMBRO'!$C:$C,400)+SUMIFS('SEMANA DEZEMBRO'!$I:$I,'SEMANA DEZEMBRO'!$B:$B,"*QUALICOCO*",'SEMANA DEZEMBRO'!$C:$C,400) -> 0 | E35: =SUMIFS('SEMANA JANEIRO'!$I:$I,'SEMANA JANEIRO'!$B:$B,"*QUALICOCO*",'SEMANA JANEIRO'!$C:$C,600)+SUMIFS('SEMANA FEVEREIRO'!$I:$I,'SEMANA FEVEREIRO'!$B:$B,"*QUALICOCO*",'SEMANA FEVEREIRO'!$C:$C,600)+SUMIFS('SEMANA MARÇO'!$I:$I,'SEMANA MARÇO'!$B:$B,"*QUALICOCO*",'SEMANA MARÇO'!$C:$C,600)+SUMIFS('SEMANA ABRIL'!$I:$I,'SEMANA ABRIL'!$B:$B,"*QUALICOCO*",'SEMANA ABRIL'!$C:$C,600)+SUMIFS('SEMANA MAIO'!$I:$I,'SEMANA MAIO'!$B:$B,"*QUALICOCO*",'SEMANA MAIO'!$C:$C,600)+SUMIFS('SEMANA JUNHO'!$I:$I,'SEMANA JUNHO'!$B:$B,"*QUALICOCO*",'SEMANA JUNHO'!$C:$C,600)+SUMIFS('SEMANA JULHO'!$I:$I,'SEMANA JULHO'!$B:$B,"*QUALICOCO*",'SEMANA JULHO'!$C:$C,600)+SUMIFS('SEMANA AGOSTO'!$I:$I,'SEMANA AGOSTO'!$B:$B,"*QUALICOCO*",'SEMANA AGOSTO'!$C:$C,600)+SUMIFS('SEMANA SETEMBRO'!$I:$I,'SEMANA SETEMBRO'!$B:$B,"*QUALICOCO*",'SEMANA SETEMBRO'!$C:$C,600)+SUMIFS('SEMANA OUTUBRO'!$I:$I,'SEMANA OUTUBRO'!$B:$B,"*QUALICOCO*",'SEMANA OUTUBRO'!$C:$C,600)+SUMIFS('SEMANA NOVEMBRO'!$I:$I,'SEMANA NOVEMBRO'!$B:$B,"*QUALICOCO*",'SEMANA NOVEMBRO'!$C:$C,600)+SUMIFS('SEMANA DEZEMBRO'!$I:$I,'SEMANA DEZEMBRO'!$B:$B,"*QUALICOCO*",'SEMANA DEZEMBRO'!$C:$C,600) -> 0 | F35: =SUMIF('SEMANA JANEIRO'!$B:$B,"*QUALICOCO*",'SEMANA JANEIRO'!$I:$I)+SUMIF('SEMANA FEVEREIRO'!$B:$B,"*QUALICOCO*",'SEMANA FEVEREIRO'!$I:$I)+SUMIF('SEMANA MARÇO'!$B:$B,"*QUALICOCO*",'SEMANA MARÇO'!$I:$I)+SUMIF('SEMANA ABRIL'!$B:$B,"*QUALICOCO*",'SEMANA ABRIL'!$I:$I)+SUMIF('SEMANA MAIO'!$B:$B,"*QUALICOCO*",'SEMANA MAIO'!$I:$I)+SUMIF('SEMANA JUNHO'!$B:$B,"*QUALICOCO*",'SEMANA JUNHO'!$I:$I)+SUMIF('SEMANA JULHO'!$B:$B,"*QUALICOCO*",'SEMANA JULHO'!$I:$I)+SUMIF('SEMANA AGOSTO'!$B:$B,"*QUALICOCO*",'SEMANA AGOSTO'!$I:$I)+SUMIF('SEMANA SETEMBRO'!$B:$B,"*QUALICOCO*",'SEMANA SETEMBRO'!$I:$I)+SUMIF('SEMANA OUTUBRO'!$B:$B,"*QUALICOCO*",'SEMANA OUTUBRO'!$I:$I)+SUMIF('SEMANA NOVEMBRO'!$B:$B,"*QUALICOCO*",'SEMANA NOVEMBRO'!$I:$I)+SUMIF('SEMANA DEZEMBRO'!$B:$B,"*QUALICOCO*",'SEMANA DEZEMBRO'!$I:$I)-C35-D35-E35 -> 34008 | G35: =C35+D35+E35+F35 -> 34008
A36: 7º | B36: DONA JURA | C36: =SUMIFS('SEMANA JANEIRO'!$I:$I,'SEMANA JANEIRO'!$B:$B,"*DONA JURA*",'SEMANA JANEIRO'!$C:$C,180)+SUMIFS('SEMANA FEVEREIRO'!$I:$I,'SEMANA FEVEREIRO'!$B:$B,"*DONA JURA*",'SEMANA FEVEREIRO'!$C:$C,180)+SUMIFS('SEMANA MARÇO'!$I:$I,'SEMANA MARÇO'!$B:$B,"*DONA JURA*",'SEMANA MARÇO'!$C:$C,180)+SUMIFS('SEMANA ABRIL'!$I:$I,'SEMANA ABRIL'!$B:$B,"*DONA JURA*",'SEMANA ABRIL'!$C:$C,180)+SUMIFS('SEMANA MAIO'!$I:$I,'SEMANA MAIO'!$B:$B,"*DONA JURA*",'SEMANA MAIO'!$C:$C,180)+SUMIFS('SEMANA JUNHO'!$I:$I,'SEMANA JUNHO'!$B:$B,"*DONA JURA*",'SEMANA JUNHO'!$C:$C,180)+SUMIFS('SEMANA JULHO'!$I:$I,'SEMANA JULHO'!$B:$B,"*DONA JURA*",'SEMANA JULHO'!$C:$C,180)+SUMIFS('SEMANA AGOSTO'!$I:$I,'SEMANA AGOSTO'!$B:$B,"*DONA JURA*",'SEMANA AGOSTO'!$C:$C,180)+SUMIFS('SEMANA SETEMBRO'!$I:$I,'SEMANA SETEMBRO'!$B:$B,"*DONA JURA*",'SEMANA SETEMBRO'!$C:$C,180)+SUMIFS('SEMANA OUTUBRO'!$I:$I,'SEMANA OUTUBRO'!$B:$B,"*DONA JURA*",'SEMANA OUTUBRO'!$C:$C,180)+SUMIFS('SEMANA NOVEMBRO'!$I:$I,'SEMANA NOVEMBRO'!$B:$B,"*DONA JURA*",'SEMANA NOVEMBRO'!$C:$C,180)+SUMIFS('SEMANA DEZEMBRO'!$I:$I,'SEMANA DEZEMBRO'!$B:$B,"*DONA JURA*",'SEMANA DEZEMBRO'!$C:$C,180) -> 0 | D36: =SUMIFS('SEMANA JANEIRO'!$I:$I,'SEMANA JANEIRO'!$B:$B,"*DONA JURA*",'SEMANA JANEIRO'!$C:$C,400)+SUMIFS('SEMANA FEVEREIRO'!$I:$I,'SEMANA FEVEREIRO'!$B:$B,"*DONA JURA*",'SEMANA FEVEREIRO'!$C:$C,400)+SUMIFS('SEMANA MARÇO'!$I:$I,'SEMANA MARÇO'!$B:$B,"*DONA JURA*",'SEMANA MARÇO'!$C:$C,400)+SUMIFS('SEMANA ABRIL'!$I:$I,'SEMANA ABRIL'!$B:$B,"*DONA JURA*",'SEMANA ABRIL'!$C:$C,400)+SUMIFS('SEMANA MAIO'!$I:$I,'SEMANA MAIO'!$B:$B,"*DONA JURA*",'SEMANA MAIO'!$C:$C,400)+SUMIFS('SEMANA JUNHO'!$I:$I,'SEMANA JUNHO'!$B:$B,"*DONA JURA*",'SEMANA JUNHO'!$C:$C,400)+SUMIFS('SEMANA JULHO'!$I:$I,'SEMANA JULHO'!$B:$B,"*DONA JURA*",'SEMANA JULHO'!$C:$C,400)+SUMIFS('SEMANA AGOSTO'!$I:$I,'SEMANA AGOSTO'!$B:$B,"*DONA JURA*",'SEMANA AGOSTO'!$C:$C,400)+SUMIFS('SEMANA SETEMBRO'!$I:$I,'SEMANA SETEMBRO'!$B:$B,"*DONA JURA*",'SEMANA SETEMBRO'!$C:$C,400)+SUMIFS('SEMANA OUTUBRO'!$I:$I,'SEMANA OUTUBRO'!$B:$B,"*DONA JURA*",'SEMANA OUTUBRO'!$C:$C,400)+SUMIFS('SEMANA NOVEMBRO'!$I:$I,'SEMANA NOVEMBRO'!$B:$B,"*DONA JURA*",'SEMANA NOVEMBRO'!$C:$C,400)+SUMIFS('SEMANA DEZEMBRO'!$I:$I,'SEMANA DEZEMBRO'!$B:$B,"*DONA JURA*",'SEMANA DEZEMBRO'!$C:$C,400) -> 24888 | E36: =SUMIFS('SEMANA JANEIRO'!$I:$I,'SEMANA JANEIRO'!$B:$B,"*DONA JURA*",'SEMANA JANEIRO'!$C:$C,600)+SUMIFS('SEMANA FEVEREIRO'!$I:$I,'SEMANA FEVEREIRO'!$B:$B,"*DONA JURA*",'SEMANA FEVEREIRO'!$C:$C,600)+SUMIFS('SEMANA MARÇO'!$I:$I,'SEMANA MARÇO'!$B:$B,"*DONA JURA*",'SEMANA MARÇO'!$C:$C,600)+SUMIFS('SEMANA ABRIL'!$I:$I,'SEMANA ABRIL'!$B:$B,"*DONA JURA*",'SEMANA ABRIL'!$C:$C,600)+SUMIFS('SEMANA MAIO'!$I:$I,'SEMANA MAIO'!$B:$B,"*DONA JURA*",'SEMANA MAIO'!$C:$C,600)+SUMIFS('SEMANA JUNHO'!$I:$I,'SEMANA JUNHO'!$B:$B,"*DONA JURA*",'SEMANA JUNHO'!$C:$C,600)+SUMIFS('SEMANA JULHO'!$I:$I,'SEMANA JULHO'!$B:$B,"*DONA JURA*",'SEMANA JULHO'!$C:$C,600)+SUMIFS('SEMANA AGOSTO'!$I:$I,'SEMANA AGOSTO'!$B:$B,"*DONA JURA*",'SEMANA AGOSTO'!$C:$C,600)+SUMIFS('SEMANA SETEMBRO'!$I:$I,'SEMANA SETEMBRO'!$B:$B,"*DONA JURA*",'SEMANA SETEMBRO'!$C:$C,600)+SUMIFS('SEMANA OUTUBRO'!$I:$I,'SEMANA OUTUBRO'!$B:$B,"*DONA JURA*",'SEMANA OUTUBRO'!$C:$C,600)+SUMIFS('SEMANA NOVEMBRO'!$I:$I,'SEMANA NOVEMBRO'!$B:$B,"*DONA JURA*",'SEMANA NOVEMBRO'!$C:$C,600)+SUMIFS('SEMANA DEZEMBRO'!$I:$I,'SEMANA DEZEMBRO'!$B:$B,"*DONA JURA*",'SEMANA DEZEMBRO'!$C:$C,600) -> 0 | F36: =SUMIF('SEMANA JANEIRO'!$B:$B,"*DONA JURA*",'SEMANA JANEIRO'!$I:$I)+SUMIF('SEMANA FEVEREIRO'!$B:$B,"*DONA JURA*",'SEMANA FEVEREIRO'!$I:$I)+SUMIF('SEMANA MARÇO'!$B:$B,"*DONA JURA*",'SEMANA MARÇO'!$I:$I)+SUMIF('SEMANA ABRIL'!$B:$B,"*DONA JURA*",'SEMANA ABRIL'!$I:$I)+SUMIF('SEMANA MAIO'!$B:$B,"*DONA JURA*",'SEMANA MAIO'!$I:$I)+SUMIF('SEMANA JUNHO'!$B:$B,"*DONA JURA*",'SEMANA JUNHO'!$I:$I)+SUMIF('SEMANA JULHO'!$B:$B,"*DONA JURA*",'SEMANA JULHO'!$I:$I)+SUMIF('SEMANA AGOSTO'!$B:$B,"*DONA JURA*",'SEMANA AGOSTO'!$I:$I)+SUMIF('SEMANA SETEMBRO'!$B:$B,"*DONA JURA*",'SEMANA SETEMBRO'!$I:$I)+SUMIF('SEMANA OUTUBRO'!$B:$B,"*DONA JURA*",'SEMANA OUTUBRO'!$I:$I)+SUMIF('SEMANA NOVEMBRO'!$B:$B,"*DONA JURA*",'SEMANA NOVEMBRO'!$I:$I)+SUMIF('SEMANA DEZEMBRO'!$B:$B,"*DONA JURA*",'SEMANA DEZEMBRO'!$I:$I)-C36-D36-E36 -> 0 | G36: =C36+D36+E36+F36 -> 24888
A37: 8º | B37: ALLBREAD | C37: =SUMIFS('SEMANA JANEIRO'!$I:$I,'SEMANA JANEIRO'!$B:$B,"*ALLBREAD*",'SEMANA JANEIRO'!$C:$C,180)+SUMIFS('SEMANA FEVEREIRO'!$I:$I,'SEMANA FEVEREIRO'!$B:$B,"*ALLBREAD*",'SEMANA FEVEREIRO'!$C:$C,180)+SUMIFS('SEMANA MARÇO'!$I:$I,'SEMANA MARÇO'!$B:$B,"*ALLBREAD*",'SEMANA MARÇO'!$C:$C,180)+SUMIFS('SEMANA ABRIL'!$I:$I,'SEMANA ABRIL'!$B:$B,"*ALLBREAD*",'SEMANA ABRIL'!$C:$C,180)+SUMIFS('SEMANA MAIO'!$I:$I,'SEMANA MAIO'!$B:$B,"*ALLBREAD*",'SEMANA MAIO'!$C:$C,180)+SUMIFS('SEMANA JUNHO'!$I:$I,'SEMANA JUNHO'!$B:$B,"*ALLBREAD*",'SEMANA JUNHO'!$C:$C,180)+SUMIFS('SEMANA JULHO'!$I:$I,'SEMANA JULHO'!$B:$B,"*ALLBREAD*",'SEMANA JULHO'!$C:$C,180)+SUMIFS('SEMANA AGOSTO'!$I:$I,'SEMANA AGOSTO'!$B:$B,"*ALLBREAD*",'SEMANA AGOSTO'!$C:$C,180)+SUMIFS('SEMANA SETEMBRO'!$I:$I,'SEMANA SETEMBRO'!$B:$B,"*ALLBREAD*",'SEMANA SETEMBRO'!$C:$C,180)+SUMIFS('SEMANA OUTUBRO'!$I:$I,'SEMANA OUTUBRO'!$B:$B,"*ALLBREAD*",'SEMANA OUTUBRO'!$C:$C,180)+SUMIFS('SEMANA NOVEMBRO'!$I:$I,'SEMANA NOVEMBRO'!$B:$B,"*ALLBREAD*",'SEMANA NOVEMBRO'!$C:$C,180)+SUMIFS('SEMANA DEZEMBRO'!$I:$I,'SEMANA DEZEMBRO'!$B:$B,"*ALLBREAD*",'SEMANA DEZEMBRO'!$C:$C,180) -> 0 | D37: =SUMIFS('SEMANA JANEIRO'!$I:$I,'SEMANA JANEIRO'!$B:$B,"*ALLBREAD*",'SEMANA JANEIRO'!$C:$C,400)+SUMIFS('SEMANA FEVEREIRO'!$I:$I,'SEMANA FEVEREIRO'!$B:$B,"*ALLBREAD*",'SEMANA FEVEREIRO'!$C:$C,400)+SUMIFS('SEMANA MARÇO'!$I:$I,'SEMANA MARÇO'!$B:$B,"*ALLBREAD*",'SEMANA MARÇO'!$C:$C,400)+SUMIFS('SEMANA ABRIL'!$I:$I,'SEMANA ABRIL'!$B:$B,"*ALLBREAD*",'SEMANA ABRIL'!$C:$C,400)+SUMIFS('SEMANA MAIO'!$I:$I,'SEMANA MAIO'!$B:$B,"*ALLBREAD*",'SEMANA MAIO'!$C:$C,400)+SUMIFS('SEMANA JUNHO'!$I:$I,'SEMANA JUNHO'!$B:$B,"*ALLBREAD*",'SEMANA JUNHO'!$C:$C,400)+SUMIFS('SEMANA JULHO'!$I:$I,'SEMANA JULHO'!$B:$B,"*ALLBREAD*",'SEMANA JULHO'!$C:$C,400)+SUMIFS('SEMANA AGOSTO'!$I:$I,'SEMANA AGOSTO'!$B:$B,"*ALLBREAD*",'SEMANA AGOSTO'!$C:$C,400)+SUMIFS('SEMANA SETEMBRO'!$I:$I,'SEMANA SETEMBRO'!$B:$B,"*ALLBREAD*",'SEMANA SETEMBRO'!$C:$C,400)+SUMIFS('SEMANA OUTUBRO'!$I:$I,'SEMANA OUTUBRO'!$B:$B,"*ALLBREAD*",'SEMANA OUTUBRO'!$C:$C,400)+SUMIFS('SEMANA NOVEMBRO'!$I:$I,'SEMANA NOVEMBRO'!$B:$B,"*ALLBREAD*",'SEMANA NOVEMBRO'!$C:$C,400)+SUMIFS('SEMANA DEZEMBRO'!$I:$I,'SEMANA DEZEMBRO'!$B:$B,"*ALLBREAD*",'SEMANA DEZEMBRO'!$C:$C,400) -> 0 | E37: =SUMIFS('SEMANA JANEIRO'!$I:$I,'SEMANA JANEIRO'!$B:$B,"*ALLBREAD*",'SEMANA JANEIRO'!$C:$C,600)+SUMIFS('SEMANA FEVEREIRO'!$I:$I,'SEMANA FEVEREIRO'!$B:$B,"*ALLBREAD*",'SEMANA FEVEREIRO'!$C:$C,600)+SUMIFS('SEMANA MARÇO'!$I:$I,'SEMANA MARÇO'!$B:$B,"*ALLBREAD*",'SEMANA MARÇO'!$C:$C,600)+SUMIFS('SEMANA ABRIL'!$I:$I,'SEMANA ABRIL'!$B:$B,"*ALLBREAD*",'SEMANA ABRIL'!$C:$C,600)+SUMIFS('SEMANA MAIO'!$I:$I,'SEMANA MAIO'!$B:$B,"*ALLBREAD*",'SEMANA MAIO'!$C:$C,600)+SUMIFS('SEMANA JUNHO'!$I:$I,'SEMANA JUNHO'!$B:$B,"*ALLBREAD*",'SEMANA JUNHO'!$C:$C,600)+SUMIFS('SEMANA JULHO'!$I:$I,'SEMANA JULHO'!$B:$B,"*ALLBREAD*",'SEMANA JULHO'!$C:$C,600)+SUMIFS('SEMANA AGOSTO'!$I:$I,'SEMANA AGOSTO'!$B:$B,"*ALLBREAD*",'SEMANA AGOSTO'!$C:$C,600)+SUMIFS('SEMANA SETEMBRO'!$I:$I,'SEMANA SETEMBRO'!$B:$B,"*ALLBREAD*",'SEMANA SETEMBRO'!$C:$C,600)+SUMIFS('SEMANA OUTUBRO'!$I:$I,'SEMANA OUTUBRO'!$B:$B,"*ALLBREAD*",'SEMANA OUTUBRO'!$C:$C,600)+SUMIFS('SEMANA NOVEMBRO'!$I:$I,'SEMANA NOVEMBRO'!$B:$B,"*ALLBREAD*",'SEMANA NOVEMBRO'!$C:$C,600)+SUMIFS('SEMANA DEZEMBRO'!$I:$I,'SEMANA DEZEMBRO'!$B:$B,"*ALLBREAD*",'SEMANA DEZEMBRO'!$C:$C,600) -> 23040 | F37: =SUMIF('SEMANA JANEIRO'!$B:$B,"*ALLBREAD*",'SEMANA JANEIRO'!$I:$I)+SUMIF('SEMANA FEVEREIRO'!$B:$B,"*ALLBREAD*",'SEMANA FEVEREIRO'!$I:$I)+SUMIF('SEMANA MARÇO'!$B:$B,"*ALLBREAD*",'SEMANA MARÇO'!$I:$I)+SUMIF('SEMANA ABRIL'!$B:$B,"*ALLBREAD*",'SEMANA ABRIL'!$I:$I)+SUMIF('SEMANA MAIO'!$B:$B,"*ALLBREAD*",'SEMANA MAIO'!$I:$I)+SUMIF('SEMANA JUNHO'!$B:$B,"*ALLBREAD*",'SEMANA JUNHO'!$I:$I)+SUMIF('SEMANA JULHO'!$B:$B,"*ALLBREAD*",'SEMANA JULHO'!$I:$I)+SUMIF('SEMANA AGOSTO'!$B:$B,"*ALLBREAD*",'SEMANA AGOSTO'!$I:$I)+SUMIF('SEMANA SETEMBRO'!$B:$B,"*ALLBREAD*",'SEMANA SETEMBRO'!$I:$I)+SUMIF('SEMANA OUTUBRO'!$B:$B,"*ALLBREAD*",'SEMANA OUTUBRO'!$I:$I)+SUMIF('SEMANA NOVEMBRO'!$B:$B,"*ALLBREAD*",'SEMANA NOVEMBRO'!$I:$I)+SUMIF('SEMANA DEZEMBRO'!$B:$B,"*ALLBREAD*",'SEMANA DEZEMBRO'!$I:$I)-C37-D37-E37 -> 0 | G37: =C37+D37+E37+F37 -> 23040
A38: 9º | B38: DONA LELLA | C38: =SUMIFS('SEMANA JANEIRO'!$I:$I,'SEMANA JANEIRO'!$B:$B,"*DONA LELLA*",'SEMANA JANEIRO'!$C:$C,180)+SUMIFS('SEMANA FEVEREIRO'!$I:$I,'SEMANA FEVEREIRO'!$B:$B,"*DONA LELLA*",'SEMANA FEVEREIRO'!$C:$C,180)+SUMIFS('SEMANA MARÇO'!$I:$I,'SEMANA MARÇO'!$B:$B,"*DONA LELLA*",'SEMANA MARÇO'!$C:$C,180)+SUMIFS('SEMANA ABRIL'!$I:$I,'SEMANA ABRIL'!$B:$B,"*DONA LELLA*",'SEMANA ABRIL'!$C:$C,180)+SUMIFS('SEMANA MAIO'!$I:$I,'SEMANA MAIO'!$B:$B,"*DONA LELLA*",'SEMANA MAIO'!$C:$C,180)+SUMIFS('SEMANA JUNHO'!$I:$I,'SEMANA JUNHO'!$B:$B,"*DONA LELLA*",'SEMANA JUNHO'!$C:$C,180)+SUMIFS('SEMANA JULHO'!$I:$I,'SEMANA JULHO'!$B:$B,"*DONA LELLA*",'SEMANA JULHO'!$C:$C,180)+SUMIFS('SEMANA AGOSTO'!$I:$I,'SEMANA AGOSTO'!$B:$B,"*DONA LELLA*",'SEMANA AGOSTO'!$C:$C,180)+SUMIFS('SEMANA SETEMBRO'!$I:$I,'SEMANA SETEMBRO'!$B:$B,"*DONA LELLA*",'SEMANA SETEMBRO'!$C:$C,180)+SUMIFS('SEMANA OUTUBRO'!$I:$I,'SEMANA OUTUBRO'!$B:$B,"*DONA LELLA*",'SEMANA OUTUBRO'!$C:$C,180)+SUMIFS('SEMANA NOVEMBRO'!$I:$I,'SEMANA NOVEMBRO'!$B:$B,"*DONA LELLA*",'SEMANA NOVEMBRO'!$C:$C,180)+SUMIFS('SEMANA DEZEMBRO'!$I:$I,'SEMANA DEZEMBRO'!$B:$B,"*DONA LELLA*",'SEMANA DEZEMBRO'!$C:$C,180) -> 0 | D38: =SUMIFS('SEMANA JANEIRO'!$I:$I,'SEMANA JANEIRO'!$B:$B,"*DONA LELLA*",'SEMANA JANEIRO'!$C:$C,400)+SUMIFS('SEMANA FEVEREIRO'!$I:$I,'SEMANA FEVEREIRO'!$B:$B,"*DONA LELLA*",'SEMANA FEVEREIRO'!$C:$C,400)+SUMIFS('SEMANA MARÇO'!$I:$I,'SEMANA MARÇO'!$B:$B,"*DONA LELLA*",'SEMANA MARÇO'!$C:$C,400)+SUMIFS('SEMANA ABRIL'!$I:$I,'SEMANA ABRIL'!$B:$B,"*DONA LELLA*",'SEMANA ABRIL'!$C:$C,400)+SUMIFS('SEMANA MAIO'!$I:$I,'SEMANA MAIO'!$B:$B,"*DONA LELLA*",'SEMANA MAIO'!$C:$C,400)+SUMIFS('SEMANA JUNHO'!$I:$I,'SEMANA JUNHO'!$B:$B,"*DONA LELLA*",'SEMANA JUNHO'!$C:$C,400)+SUMIFS('SEMANA JULHO'!$I:$I,'SEMANA JULHO'!$B:$B,"*DONA LELLA*",'SEMANA JULHO'!$C:$C,400)+SUMIFS('SEMANA AGOSTO'!$I:$I,'SEMANA AGOSTO'!$B:$B,"*DONA LELLA*",'SEMANA AGOSTO'!$C:$C,400)+SUMIFS('SEMANA SETEMBRO'!$I:$I,'SEMANA SETEMBRO'!$B:$B,"*DONA LELLA*",'SEMANA SETEMBRO'!$C:$C,400)+SUMIFS('SEMANA OUTUBRO'!$I:$I,'SEMANA OUTUBRO'!$B:$B,"*DONA LELLA*",'SEMANA OUTUBRO'!$C:$C,400)+SUMIFS('SEMANA NOVEMBRO'!$I:$I,'SEMANA NOVEMBRO'!$B:$B,"*DONA LELLA*",'SEMANA NOVEMBRO'!$C:$C,400)+SUMIFS('SEMANA DEZEMBRO'!$I:$I,'SEMANA DEZEMBRO'!$B:$B,"*DONA LELLA*",'SEMANA DEZEMBRO'!$C:$C,400) -> 19800 | E38: =SUMIFS('SEMANA JANEIRO'!$I:$I,'SEMANA JANEIRO'!$B:$B,"*DONA LELLA*",'SEMANA JANEIRO'!$C:$C,600)+SUMIFS('SEMANA FEVEREIRO'!$I:$I,'SEMANA FEVEREIRO'!$B:$B,"*DONA LELLA*",'SEMANA FEVEREIRO'!$C:$C,600)+SUMIFS('SEMANA MARÇO'!$I:$I,'SEMANA MARÇO'!$B:$B,"*DONA LELLA*",'SEMANA MARÇO'!$C:$C,600)+SUMIFS('SEMANA ABRIL'!$I:$I,'SEMANA ABRIL'!$B:$B,"*DONA LELLA*",'SEMANA ABRIL'!$C:$C,600)+SUMIFS('SEMANA MAIO'!$I:$I,'SEMANA MAIO'!$B:$B,"*DONA LELLA*",'SEMANA MAIO'!$C:$C,600)+SUMIFS('SEMANA JUNHO'!$I:$I,'SEMANA JUNHO'!$B:$B,"*DONA LELLA*",'SEMANA JUNHO'!$C:$C,600)+SUMIFS('SEMANA JULHO'!$I:$I,'SEMANA JULHO'!$B:$B,"*DONA LELLA*",'SEMANA JULHO'!$C:$C,600)+SUMIFS('SEMANA AGOSTO'!$I:$I,'SEMANA AGOSTO'!$B:$B,"*DONA LELLA*",'SEMANA AGOSTO'!$C:$C,600)+SUMIFS('SEMANA SETEMBRO'!$I:$I,'SEMANA SETEMBRO'!$B:$B,"*DONA LELLA*",'SEMANA SETEMBRO'!$C:$C,600)+SUMIFS('SEMANA OUTUBRO'!$I:$I,'SEMANA OUTUBRO'!$B:$B,"*DONA LELLA*",'SEMANA OUTUBRO'!$C:$C,600)+SUMIFS('SEMANA NOVEMBRO'!$I:$I,'SEMANA NOVEMBRO'!$B:$B,"*DONA LELLA*",'SEMANA NOVEMBRO'!$C:$C,600)+SUMIFS('SEMANA DEZEMBRO'!$I:$I,'SEMANA DEZEMBRO'!$B:$B,"*DONA LELLA*",'SEMANA DEZEMBRO'!$C:$C,600) -> 0 | F38: =SUMIF('SEMANA JANEIRO'!$B:$B,"*DONA LELLA*",'SEMANA JANEIRO'!$I:$I)+SUMIF('SEMANA FEVEREIRO'!$B:$B,"*DONA LELLA*",'SEMANA FEVEREIRO'!$I:$I)+SUMIF('SEMANA MARÇO'!$B:$B,"*DONA LELLA*",'SEMANA MARÇO'!$I:$I)+SUMIF('SEMANA ABRIL'!$B:$B,"*DONA LELLA*",'SEMANA ABRIL'!$I:$I)+SUMIF('SEMANA MAIO'!$B:$B,"*DONA LELLA*",'SEMANA MAIO'!$I:$I)+SUMIF('SEMANA JUNHO'!$B:$B,"*DONA LELLA*",'SEMANA JUNHO'!$I:$I)+SUMIF('SEMANA JULHO'!$B:$B,"*DONA LELLA*",'SEMANA JULHO'!$I:$I)+SUMIF('SEMANA AGOSTO'!$B:$B,"*DONA LELLA*",'SEMANA AGOSTO'!$I:$I)+SUMIF('SEMANA SETEMBRO'!$B:$B,"*DONA LELLA*",'SEMANA SETEMBRO'!$I:$I)+SUMIF('SEMANA OUTUBRO'!$B:$B,"*DONA LELLA*",'SEMANA OUTUBRO'!$I:$I)+SUMIF('SEMANA NOVEMBRO'!$B:$B,"*DONA LELLA*",'SEMANA NOVEMBRO'!$I:$I)+SUMIF('SEMANA DEZEMBRO'!$B:$B,"*DONA LELLA*",'SEMANA DEZEMBRO'!$I:$I)-C38-D38-E38 -> 0 | G38: =C38+D38+E38+F38 -> 19800
A39: 10º | B39: ITAIQUARA | C39: =SUMIFS('SEMANA JANEIRO'!$I:$I,'SEMANA JANEIRO'!$B:$B,"*ITAIQUARA*",'SEMANA JANEIRO'!$C:$C,180)+SUMIFS('SEMANA FEVEREIRO'!$I:$I,'SEMANA FEVEREIRO'!$B:$B,"*ITAIQUARA*",'SEMANA FEVEREIRO'!$C:$C,180)+SUMIFS('SEMANA MARÇO'!$I:$I,'SEMANA MARÇO'!$B:$B,"*ITAIQUARA*",'SEMANA MARÇO'!$C:$C,180)+SUMIFS('SEMANA ABRIL'!$I:$I,'SEMANA ABRIL'!$B:$B,"*ITAIQUARA*",'SEMANA ABRIL'!$C:$C,180)+SUMIFS('SEMANA MAIO'!$I:$I,'SEMANA MAIO'!$B:$B,"*ITAIQUARA*",'SEMANA MAIO'!$C:$C,180)+SUMIFS('SEMANA JUNHO'!$I:$I,'SEMANA JUNHO'!$B:$B,"*ITAIQUARA*",'SEMANA JUNHO'!$C:$C,180)+SUMIFS('SEMANA JULHO'!$I:$I,'SEMANA JULHO'!$B:$B,"*ITAIQUARA*",'SEMANA JULHO'!$C:$C,180)+SUMIFS('SEMANA AGOSTO'!$I:$I,'SEMANA AGOSTO'!$B:$B,"*ITAIQUARA*",'SEMANA AGOSTO'!$C:$C,180)+SUMIFS('SEMANA SETEMBRO'!$I:$I,'SEMANA SETEMBRO'!$B:$B,"*ITAIQUARA*",'SEMANA SETEMBRO'!$C:$C,180)+SUMIFS('SEMANA OUTUBRO'!$I:$I,'SEMANA OUTUBRO'!$B:$B,"*ITAIQUARA*",'SEMANA OUTUBRO'!$C:$C,180)+SUMIFS('SEMANA NOVEMBRO'!$I:$I,'SEMANA NOVEMBRO'!$B:$B,"*ITAIQUARA*",'SEMANA NOVEMBRO'!$C:$C,180)+SUMIFS('SEMANA DEZEMBRO'!$I:$I,'SEMANA DEZEMBRO'!$B:$B,"*ITAIQUARA*",'SEMANA DEZEMBRO'!$C:$C,180) -> 0 | D39: =SUMIFS('SEMANA JANEIRO'!$I:$I,'SEMANA JANEIRO'!$B:$B,"*ITAIQUARA*",'SEMANA JANEIRO'!$C:$C,400)+SUMIFS('SEMANA FEVEREIRO'!$I:$I,'SEMANA FEVEREIRO'!$B:$B,"*ITAIQUARA*",'SEMANA FEVEREIRO'!$C:$C,400)+SUMIFS('SEMANA MARÇO'!$I:$I,'SEMANA MARÇO'!$B:$B,"*ITAIQUARA*",'SEMANA MARÇO'!$C:$C,400)+SUMIFS('SEMANA ABRIL'!$I:$I,'SEMANA ABRIL'!$B:$B,"*ITAIQUARA*",'SEMANA ABRIL'!$C:$C,400)+SUMIFS('SEMANA MAIO'!$I:$I,'SEMANA MAIO'!$B:$B,"*ITAIQUARA*",'SEMANA MAIO'!$C:$C,400)+SUMIFS('SEMANA JUNHO'!$I:$I,'SEMANA JUNHO'!$B:$B,"*ITAIQUARA*",'SEMANA JUNHO'!$C:$C,400)+SUMIFS('SEMANA JULHO'!$I:$I,'SEMANA JULHO'!$B:$B,"*ITAIQUARA*",'SEMANA JULHO'!$C:$C,400)+SUMIFS('SEMANA AGOSTO'!$I:$I,'SEMANA AGOSTO'!$B:$B,"*ITAIQUARA*",'SEMANA AGOSTO'!$C:$C,400)+SUMIFS('SEMANA SETEMBRO'!$I:$I,'SEMANA SETEMBRO'!$B:$B,"*ITAIQUARA*",'SEMANA SETEMBRO'!$C:$C,400)+SUMIFS('SEMANA OUTUBRO'!$I:$I,'SEMANA OUTUBRO'!$B:$B,"*ITAIQUARA*",'SEMANA OUTUBRO'!$C:$C,400)+SUMIFS('SEMANA NOVEMBRO'!$I:$I,'SEMANA NOVEMBRO'!$B:$B,"*ITAIQUARA*",'SEMANA NOVEMBRO'!$C:$C,400)+SUMIFS('SEMANA DEZEMBRO'!$I:$I,'SEMANA DEZEMBRO'!$B:$B,"*ITAIQUARA*",'SEMANA DEZEMBRO'!$C:$C,400) -> 0 | E39: =SUMIFS('SEMANA JANEIRO'!$I:$I,'SEMANA JANEIRO'!$B:$B,"*ITAIQUARA*",'SEMANA JANEIRO'!$C:$C,600)+SUMIFS('SEMANA FEVEREIRO'!$I:$I,'SEMANA FEVEREIRO'!$B:$B,"*ITAIQUARA*",'SEMANA FEVEREIRO'!$C:$C,600)+SUMIFS('SEMANA MARÇO'!$I:$I,'SEMANA MARÇO'!$B:$B,"*ITAIQUARA*",'SEMANA MARÇO'!$C:$C,600)+SUMIFS('SEMANA ABRIL'!$I:$I,'SEMANA ABRIL'!$B:$B,"*ITAIQUARA*",'SEMANA ABRIL'!$C:$C,600)+SUMIFS('SEMANA MAIO'!$I:$I,'SEMANA MAIO'!$B:$B,"*ITAIQUARA*",'SEMANA MAIO'!$C:$C,600)+SUMIFS('SEMANA JUNHO'!$I:$I,'SEMANA JUNHO'!$B:$B,"*ITAIQUARA*",'SEMANA JUNHO'!$C:$C,600)+SUMIFS('SEMANA JULHO'!$I:$I,'SEMANA JULHO'!$B:$B,"*ITAIQUARA*",'SEMANA JULHO'!$C:$C,600)+SUMIFS('SEMANA AGOSTO'!$I:$I,'SEMANA AGOSTO'!$B:$B,"*ITAIQUARA*",'SEMANA AGOSTO'!$C:$C,600)+SUMIFS('SEMANA SETEMBRO'!$I:$I,'SEMANA SETEMBRO'!$B:$B,"*ITAIQUARA*",'SEMANA SETEMBRO'!$C:$C,600)+SUMIFS('SEMANA OUTUBRO'!$I:$I,'SEMANA OUTUBRO'!$B:$B,"*ITAIQUARA*",'SEMANA OUTUBRO'!$C:$C,600)+SUMIFS('SEMANA NOVEMBRO'!$I:$I,'SEMANA NOVEMBRO'!$B:$B,"*ITAIQUARA*",'SEMANA NOVEMBRO'!$C:$C,600)+SUMIFS('SEMANA DEZEMBRO'!$I:$I,'SEMANA DEZEMBRO'!$B:$B,"*ITAIQUARA*",'SEMANA DEZEMBRO'!$C:$C,600) -> 17184 | F39: =SUMIF('SEMANA JANEIRO'!$B:$B,"*ITAIQUARA*",'SEMANA JANEIRO'!$I:$I)+SUMIF('SEMANA FEVEREIRO'!$B:$B,"*ITAIQUARA*",'SEMANA FEVEREIRO'!$I:$I)+SUMIF('SEMANA MARÇO'!$B:$B,"*ITAIQUARA*",'SEMANA MARÇO'!$I:$I)+SUMIF('SEMANA ABRIL'!$B:$B,"*ITAIQUARA*",'SEMANA ABRIL'!$I:$I)+SUMIF('SEMANA MAIO'!$B:$B,"*ITAIQUARA*",'SEMANA MAIO'!$I:$I)+SUMIF('SEMANA JUNHO'!$B:$B,"*ITAIQUARA*",'SEMANA JUNHO'!$I:$I)+SUMIF('SEMANA JULHO'!$B:$B,"*ITAIQUARA*",'SEMANA JULHO'!$I:$I)+SUMIF('SEMANA AGOSTO'!$B:$B,"*ITAIQUARA*",'SEMANA AGOSTO'!$I:$I)+SUMIF('SEMANA SETEMBRO'!$B:$B,"*ITAIQUARA*",'SEMANA SETEMBRO'!$I:$I)+SUMIF('SEMANA OUTUBRO'!$B:$B,"*ITAIQUARA*",'SEMANA OUTUBRO'!$I:$I)+SUMIF('SEMANA NOVEMBRO'!$B:$B,"*ITAIQUARA*",'SEMANA NOVEMBRO'!$I:$I)+SUMIF('SEMANA DEZEMBRO'!$B:$B,"*ITAIQUARA*",'SEMANA DEZEMBRO'!$I:$I)-C39-D39-E39 -> 0 | G39: =C39+D39+E39+F39 -> 17184
B41: 📖 Como ler esta tabela
B42: • Tabela mostra total de latas produzidas no ano por produto, separado por embalagem (180ml, 400ml, 600ml, Outros).
B43: • PURATOS é uma empresa com 2 produtos: DESTAK e NORCAU — exibidos em sub-linhas indentadas (» azul = DESTAK, » laranja = NORCAU).
B44: • Cores: 🥇 ouro = 1º, 🥈 prata = 2º, 🥉 bronze = 3º. Demais produtos em ordem decrescente.

Sheet JANEIRO
B1: ORDEM DE PRODUÇÃO - JANEIRO
B3: OP | C3: LOTE | E3: LOTE CLIENTE | G3: PRODUTO | K3: CLIENTE | M3: QTDE(Kg) | N3: FABRICAÇÃO
B4: 2026/001 | C4: 26010001 | G4: LISSE 600ML | K4: ADIMIX | M4: 7.980 LATAS | N4: 46027
C5: 26010002 | G5: LISSE 600ML | M5: 7.980 LATAS | N5: 46028
B6: 2026/002 | C6: 26010003 | G6: ALL BREAD 600ML | K6: ALL BREAD | M6: 9.168 LATAS | N6: 46037
B7: 2026/003 | C7: 26010004 | G7: UNTA FACIL 600ML | K7: IN LOCO | M7: 15.960 LATAS | N7: 46029
C8: 26010005 | G8: UNTA FACIL ECO 600ML | M8: 8.976 LATAS | N8: 46041 | O8: 308cxs
B9: 2026/004 | C9: 26010006 | G9: DESTAK 600ML | K9: PURATOS | M9: 22.800 LATAS | N9: 46031
B10: 2026/005 | C10: 26010007 | G10: TTF MEL 600ML | K10: TTF | M10: 3.420 LATAS | N10: 46041
B11: 2026/006 | C11: 26010008 | G11: OL 40 | K11: SMART | M11: 420 KG | N11: 46027
C12: 26010009 | G12: OL 40 | M12: 420 KG | N12: 46027
C13: 26010010 | G13: OL 40 | M13: 420 KG | N13: 46027
C14: 26010011 | G14: OL 40 | M14: 420 KG | N14: 46027
C15: 26010012 | G15: OL 40 | M15: 420 KG | N15: 46027
C16: 26010013 | G16: OL 40 | M16: 420 KG | N16: 46027
C17: 26010014 | G17: OL 40 | M17: 420 KG | N17: 46028
C18: 26010015 | G18: OL 40 | M18: 420 KG | N18: 46028
C19: 26010016 | G19: OL 40 | M19: 420 KG | N19: 46029
C20: 26010017 | G20: OL 40 | M20: 420 KG | N20: 46029
C21: 26010018 | G21: OL 40 | M21: 420 KG | N21: 46029
C22: 26010019 | G22: OL 40 | M22: 420 KG | N22: 46029
C23: 26010020 | G23: OL 40 | M23: 420 KG | N23: 46029
... C46: 26060043 | G46: AL 10 | M46: 1.444 KG | N46: 46028
B47: 2026/007 | C47: 26060044 | E47: AL 43 | G47: AL 10 - 25LTRS | K47: MATEUS | M47: 67 BBs | N47: 46028
B48: 2026/008 | C48: 26010045 | G48: DESTAK 5L | K48: PURATOS | M48: 2.500 LTRS | N48: 46035
C49: 26010046 | G49: DESTAK 5L | M49: 5.000 LTRS | N49: 46036
C50: 26010047 | G50: DESTAK 5L | M50: 1.000 LTRS | N50: 46037
C51: 26010048 | G51: DESTAK 5L | M51: 3.000 LTRS | O51: FALTARÃO 12 PALLETS PARA ENTREGAR
B52: 2026/009 | C52: 26030050 | G52: CORANTE AMARELO | K52: SMART | M52: 30 KG | N52: 46045
C53: 26030051 | G53: CORANTE AZUL | M53: 28 KG | N53: 46073
C54: 26030052 | G54: CORANTE VIOLETA | M54: 25 KG | N54: 46045
C55: 26030053 | G55: CORANTE ROSA | M55: 24 KG | N55: 46073
C56: 26030054 | G56: CORANTE VERMELHO | M56: 30 KG | N56: 46045
B57: 2026/010 | E57: 26030050 | G57: CORANTE AMARELO | K57: REPETECO | M57: 1.440 LATAS | N57: 46045
E58: 26030051 | G58: CORANTE AZUL | M58: 1.440 LATAS | N58: 46045
E59: 26030052 | G59: CORANTE VIOLETA | M59: 1.440 LATAS | N59: 46045
E60: 26030053 | G60: CORANTE ROSA | M60: 1.440 LATAS
E61: 26030054 | G61: CORANTE VERMELHO | M61: 1.440 LATAS | N61: 46045
B62: 2026/011 | E62: 26030051 | G62: CORANTE AZUL | K62: IN LOCO | M62: 2.880 LATAS | N62: 46078
B63: 2026/012 | C63: 26020055 | G63: ESPUMA GENGIBRE | K63: SMART | M63: 2.340 KG | N63: 46042
C64: 26020056 | G64: ESPUMA MAÇA VERDE | M64: 980 KG | N64: 46044
C65: 26020057 | G65: ESPUMA 3 LIMÕES | M65: 1.170 KG | N65: 46044
C66: 26020058 | G66: ESPUMA FRUTAS VERMELHAS | M66: 1.560 KG | N66: 46044 | O66: 390KG
B67: 2026/013 | C67: 26010059 | G67: OL 40 | K67: SMART | M67: 420 KG | N67: 46035
C68: 26010060 | G68: OL 40 | M68: 420 KG | N68: 46037
C69: 26010061 | G69: OL 40 | M69: 420 KG | N69: 46037
C70: 26010062 | G70: OL 40 | M70: 420 KG | N70: 46037
C71: 26010063 | G71: OL 40 | M71: 420 KG | N71: 46037
C72: 26010064 | G72: OL 40 | M72: 420 KG | N72: 46037
C73: 26010065 | G73: OL 40 | M73: 420 KG | N73: 46037
C74: 26010066 | G74: OL 40 | M74: 420 KG | N74: 46038
C75: 26010067 | G75: OL 40 | M75: 420 KG | N75: 46038
C76: 26010068 | G76: OL 40 | M76: 420 KG | N76: 46038
C77: 26010069 | G77: OL 40 | M77: 420 KG | N77: 46038
C78: 26010070 | G78: OL 40 | M78: 420 KG | N78: 46038
C79: 26010071 | G79: OL 40 | M79: 420 KG | N79: 46038
... C91: 26010083 | G91: OL 40 | M91: 420 KG | N91: 46042
B92: 2026/014 | E92: 26020055 | G92: ESPUMA GENGIBRE | K92: DILUTE | M92: 7.920 LATAS | N92: 46043
E93: 26020056 | G93: ESPUMA MAÇA VERDE | M93: 5.100 LATAS | N93: 46044
E94: 26020057 | G94: ESPUMA 3 LIMÕES | M94: 5.940 LATAS | N94: 46044
E95: 26020058 | G95: ESPUMA FRUTAS VERMELHAS | M95: 7.920 LATAS | N95: 46045 | O95: 197CXS
B96: 2026/015 | E96: 26020055 | G96: ESPUMA GENGIBRE | K96: GIN SABORES | M96: 3.960 LATAS
B97: 2026/016 | E97: 26020055 | G97: ESPUMA GENGIBRE | K97: IN LOCO | M97: 3.960 LATAS | N97: 46043
B98: 2026/017 | C98: 26010049 | G98: ITAIQUARA 600ML | K98: ITAIQUARA | M98: 2.280 LATAS | N98: 46037
B99: 2026/018 | C99: 26010084 | G99: BONASSE 400ML | K99: ROCHAPAN | M99: 3.000 LATAS | N99: 46042
B100: 2026/019 | C100: 26010085 | G100: UNTA MAIS 400ML | K100: CASA DO PANIFICADOR | M100: 2.400 LATAS | N100: 46042
B101: 2026/020 | C101: 26010086 | G101: OL 40 | K101: SMART | M101: 420 KG | N101: 46042
C102: 26010087 | G102: OL 40 | M102: 420 KG | N102: 46050
C103: 26010088 | G103: OL 40 | M103: 420 KG | N103: 46050
C104: 26010089 | G104: OL 40 | M104: 420 KG | N104: 46051
C105: 26010090 | G105: OL 40 | M105: 420 KG | N105: 46051
C106: 26010091 | G106: OL 40 | M106: 420 KG | N106: 46051
C107: 26010092 | G107: OL 40 | M107: 420 KG | N107: 46051
C108: 26010093 | G108: OL 40 | M108: 420 KG | N108: 46051
C109: 26010094 | G109: OL 40 | M109: 420 KG | N109: 46051
C110: 26010095 | G110: OL 40 | M110: 420 KG | N110: 46051
C111: 26010096 | G111: OL 40 | M111: 420 KG | N111: 46051
C112: 26010097 | G112: OL 40 | M112: 420 KG | N112: 46052
C113: 26010098 | G113: OL 40 | M113: 420 KG | N113: 46052
... C125: 26010110 | G125: OL 40 | M125: 420 KG | N125: 46055
B126: 2026/021 | C126: 26010111 | G126: UNTA FACIL 180ML | K126: IN LOCO | M126: 8.640 LATAS | N126: 46048
C127: 26010112 | G127: UNTA FACIL 400ML | M127: 12.000 LATAS | N127: 46048
B128: 2026/022 | E128: 2630773 | G128: GELINHO 210ML | K128: ICEBERG | M128: 2.800 LATAS | N128: 46048
B129: 2026/023 | C129: 26010113 | G129: MAGIC SPRAY 400ML | K129: EMBRAPAN | M129: 1.200 LATAS | N129: 46051
B130: 2026/024 | C130: 26010114 | G130: LISSE 600ML | K130: ADIMIX | M130: 7.980 LATAS | N130: 46050
C131: 26010115 | G131: LISSE 600ML | M131: 7.980 LATAS | N131: 46050
B132: 2026/025 | C132: 26010116 | G132: ALLBREAD 600ML | K132: ALL BREAD | M132: 9.216 LATAS | N132: 46052
B133: 2026/026 | C133: 26010117 | G133: UNTA FACIL 600ML | K133: IN LOCO | M133: 15.960 LATAS | N133: 46055
B134: 2026/027 | C134: 26010118 | G134: DESTAK 600ML | K134: PURATOS | M134: 7.980 LATAS | N134: 46057
B135: 2026/028 | C135: 26010119 | G135: VP 600ML | K135: VIA PANE | M135: 1.200 LATAS | N135: 46058
B136: 2026/029 | C136: 26010120 | G136: UNTA FORMA 600ML | K136: ITAIQUARA | M136: 2.280 LATAS | N136: 46058
B137: 2026/030 | C137: 26010121 | G137: OL 40 | K137: SMART | M137: 420 KG | N137: 46055
C138: 26010122 | G138: OL 40 | M138: 420 KG | N138: 46055
C139: 26010123 | G139: OL 40 | M139: 420 KG | N139: 46055
C140: 26010124 | G140: OL 40 | M140: 420 KG | N140: 46056
C141: 26010125 | G141: OL 40 | M141: 420 KG | N141: 46056
C142: 26010126 | G142: OL 40 | M142: 420 KG | N142: 46056
C143: 26010127 | G143: OL 40 | M143: 420 KG | N143: 46057
C144: 26010128 | G144: OL 40 | M144: 420 KG | N144: 46057
C145: 26010129 | G145: OL 40 | M145: 420 KG | N145: 46057
...

Sheet SEMANA JANEIRO
A1: LANÇAMENTO DE PRODUÇÃO • PREENCHIMENTO RÁPIDO | J1: _TOTAL_CX_NUM | K1: _TOTAL_PALLETS_NUM | L1: _TOTAL_REALCX_NUM | M1: _TOTAL_LATAS_NUM
A2: Preencha produto, embalagem e caixas. As demais colunas ajudam a leitura diária. | G2: Legenda: verde = acima da meta • vermelho = abaixo da meta | P2: Pallet PBR: 600ml=95 | 400ml=125 | 200ml=330 | 180ml=240 cx
A3: 46027 | B3: PRODUTO | C3: EMBALAGEM | D3: CAIXAS | E3: UN | F3: CX/PALLET | G3: PALLETS (PBR) | H3: REAL (CX) | I3: TOTAL LATAS | P3: A bengala de energia da ENEL caiu, paramos eram 15:30.
L4: =IF(H4="","",H4) | N4: =IF(I4="","",I4)
B5: ADIMIX (PRECISION) | C5: 600 | D5: 665 | E5: CX | F5: =IF($B5="","",IF(SUMIFS(CONFIG_PALLETS!$C:$C,CONFIG_PALLETS!$A:$A,TRIM($B5),CONFIG_PALLETS!$B:$B,$C5&" ml")>0,SUMIFS(CONFIG_PALLETS!$C:$C,CONFIG_PALLETS!$A:$A,TRIM($B5),CONFIG_PALLETS!$B:$B,$C5&" ml"),IF(SUMIFS(CONFIG_PALLETS!$C:$C,CONFIG_PALLETS!$A:$A,"GERAL",CONFIG_PALLETS!$B:$B,$C5&" ml")>0,SUMIFS(CONFIG_PALLETS!$C:$C,CONFIG_PALLETS!$A:$A,"GERAL",CONFIG_PALLETS!$B:$B,$C5&" ml"),""))) -> 95 | G5: =IFERROR(ROUNDUP(D5/F5,0),"") -> 7 | H5: 667 | I5: =IF(H5="","",H5*IF(SUMIFS(CONFIG_PALLETS!$D:$D,CONFIG_PALLETS!$A:$A,IF(ISNUMBER(SEARCH("ESPUMA",$B5)),"ESPUMA",IF(OR(ISNUMBER(SEARCH("OLEO DE COCO",$B5)),ISNUMBER(SEARCH("ÓLEO DE COCO",$B5)),ISNUMBER(SEARCH("COPRA",$B5))),"ÓLEO DE COCO",IF(ISNUMBER(SEARCH("CORANTE",$B5)),"CORANTE",TRIM($B5)))),CONFIG_PALLETS!$B:$B,$C5&" ml")>0,SUMIFS(CONFIG_PALLETS!$D:$D,CONFIG_PALLETS!$A:$A,IF(ISNUMBER(SEARCH("ESPUMA",$B5)),"ESPUMA",IF(OR(ISNUMBER(SEARCH("OLEO DE COCO",$B5)),ISNUMBER(SEARCH("ÓLEO DE COCO",$B5)),ISNUMBER(SEARCH("COPRA",$B5))),"ÓLEO DE COCO",IF(ISNUMBER(SEARCH("CORANTE",$B5)),"CORANTE",TRIM($B5)))),CONFIG_PALLETS!$B:$B,$C5&" ml"),IF(SUMIFS(CONFIG_PALLETS!$D:$D,CONFIG_PALLETS!$A:$A,"GERAL",CONFIG_PALLETS!$B:$B,$C5&" ml")>0,SUMIFS(CONFIG_PALLETS!$D:$D,CONFIG_PALLETS!$A:$A,"GERAL",CONFIG_PALLETS!$B:$B,$C5&" ml"),12))) -> 8004 | J5: =IF(D5="","",ROUNDUP(D5/IF(AND(C5="600 ml",ISNUMBER(SEARCH("NORCAU",B5))),95,IF(AND(C5="600 ml",ISNUMBER(SEARCH("APURATOS",B5))),190,IF(C5="600 ml",95,IF(C5="400 ml",125,IF(C5="200 ml",330,IF(C5="180 ml",240,1)))))),0)) -> 665 | L5: =IF(H5="","",H5) -> 667 | N5: =IF(I5="","",I5) -> 8004
B6: ADIMIX (FADEVA) | C6: 600 | D6: 665 | E6: CX | F6: =IF($B6="","",IF(SUMIFS(CONFIG_PALLETS!$C:$C,CONFIG_PALLETS!$A:$A,TRIM($B6),CONFIG_PALLETS!$B:$B,$C6&" ml")>0,SUMIFS(CONFIG_PALLETS!$C:$C,CONFIG_PALLETS!$A:$A,TRIM($B6),CONFIG_PALLETS!$B:$B,$C6&" ml"),IF(SUMIFS(CONFIG_PALLETS!$C:$C,CONFIG_PALLETS!$A:$A,"GERAL",CONFIG_PALLETS!$B:$B,$C6&" ml")>0,SUMIFS(CONFIG_PALLETS!$C:$C,CONFIG_PALLETS!$A:$A,"GERAL",CONFIG_PALLETS!$B:$B,$C6&" ml"),""))) -> 95 | G6: =IFERROR(ROUNDUP(D6/F6,0),"") -> 7 | H6: 29 | I6: =IF(H6="","",H6*IF(SUMIFS(CONFIG_PALLETS!$D:$D,CONFIG_PALLETS!$A:$A,IF(ISNUMBER(SEARCH("ESPUMA",$B6)),"ESPUMA",IF(OR(ISNUMBER(SEARCH("OLEO DE COCO",$B6)),ISNUMBER(SEARCH("ÓLEO DE COCO",$B6)),ISNUMBER(SEARCH("COPRA",$B6))),"ÓLEO DE COCO",IF(ISNUMBER(SEARCH("CORANTE",$B6)),"CORANTE",TRIM($B6)))),CONFIG_PALLETS!$B:$B,$C6&" ml")>0,SUMIFS(CONFIG_PALLETS!$D:$D,CONFIG_PALLETS!$A:$A,IF(ISNUMBER(SEARCH("ESPUMA",$B6)),"ESPUMA",IF(OR(ISNUMBER(SEARCH("OLEO DE COCO",$B6)),ISNUMBER(SEARCH("ÓLEO DE COCO",$B6)),ISNUMBER(SEARCH("COPRA",$B6))),"ÓLEO DE COCO",IF(ISNUMBER(SEARCH("CORANTE",$B6)),"CORANTE",TRIM($B6)))),CONFIG_PALLETS!$B:$B,$C6&" ml"),IF(SUMIFS(CONFIG_PALLETS!$D:$D,CONFIG_PALLETS!$A:$A,"GERAL",CONFIG_PALLETS!$B:$B,$C6&" ml")>0,SUMIFS(CONFIG_PALLETS!$D:$D,CONFIG_PALLETS!$A:$A,"GERAL",CONFIG_PALLETS!$B:$B,$C6&" ml"),12))) -> 348 | J6: =IF(D6="","",ROUNDUP(D6/IF(AND(C6="600 ml",ISNUMBER(SEARCH("NORCAU",B6))),95,IF(AND(C6="600 ml",ISNUMBER(SEARCH("APURATOS",B6))),190,IF(C6="600 ml",95,IF(C6="400 ml",125,IF(C6="200 ml",330,IF(C6="180 ml",240,1)))))),0)) -> 665 | L6: =IF(H6="","",H6) -> 29 | N6: =IF(I6="","",I6) -> 348
E7: CX | F7: =IF($B7="","",IF(SUMIFS(CONFIG_PALLETS!$C:$C,CONFIG_PALLETS!$A:$A,TRIM($B7),CONFIG_PALLETS!$B:$B,$C7&" ml")>0,SUMIFS(CONFIG_PALLETS!$C:$C,CONFIG_PALLETS!$A:$A,TRIM($B7),CONFIG_PALLETS!$B:$B,$C7&" ml"),IF(SUMIFS(CONFIG_PALLETS!$C:$C,CONFIG_PALLETS!$A:$A,"GERAL",CONFIG_PALLETS!$B:$B,$C7&" ml")>0,SUMIFS(CONFIG_PALLETS!$C:$C,CONFIG_PALLETS!$A:$A,"GERAL",CONFIG_PALLETS!$B:$B,$C7&" ml"),""))) | G7: =IFERROR(ROUNDUP(D7/F7,0),"") | I7: =IF(H7="","",H7*IF(SUMIFS(CONFIG_PALLETS!$D:$D,CONFIG_PALLETS!$A:$A,IF(ISNUMBER(SEARCH("ESPUMA",$B7)),"ESPUMA",IF(OR(ISNUMBER(SEARCH("OLEO DE COCO",$B7)),ISNUMBER(SEARCH("ÓLEO DE COCO",$B7)),ISNUMBER(SEARCH("COPRA",$B7))),"ÓLEO DE COCO",IF(ISNUMBER(SEARCH("CORANTE",$B7)),"CORANTE",TRIM($B7)))),CONFIG_PALLETS!$B:$B,$C7&" ml")>0,SUMIFS(CONFIG_PALLETS!$D:$D,CONFIG_PALLETS!$A:$A,IF(ISNUMBER(SEARCH("ESPUMA",$B7)),"ESPUMA",IF(OR(ISNUMBER(SEARCH("OLEO DE COCO",$B7)),ISNUMBER(SEARCH("ÓLEO DE COCO",$B7)),ISNUMBER(SEARCH("COPRA",$B7))),"ÓLEO DE COCO",IF(ISNUMBER(SEARCH("CORANTE",$B7)),"CORANTE",TRIM($B7)))),CONFIG_PALLETS!$B:$B,$C7&" ml"),IF(SUMIFS(CONFIG_PALLETS!$D:$D,CONFIG_PALLETS!$A:$A,"GERAL",CONFIG_PALLETS!$B:$B,$C7&" ml")>0,SUMIFS(CONFIG_PALLETS!$D:$D,CONFIG_PALLETS!$A:$A,"GERAL",CONFIG_PALLETS!$B:$B,$C7&" ml"),12))) | J7: =IF(D7="","",ROUNDUP(D7/IF(AND(C7="600 ml",ISNUMBER(SEARCH("NORCAU",B7))),95,IF(AND(C7="600 ml",ISNUMBER(SEARCH("APURATOS",B7))),190,IF(C7="600 ml",95,IF(C7="400 ml",125,IF(C7="200 ml",330,IF(C7="180 ml",240,1)))))),0)) | L7: =IF(H7="","",H7) | N7: =IF(I7="","",I7)
J8: =IF(D8="","",ROUNDUP(D8/IF(AND(C8="600 ml",ISNUMBER(SEARCH("NORCAU",B8))),95,IF(AND(C8="600 ml",ISNUMBER(SEARCH("APURATOS",B8))),190,IF(C8="600 ml",95,IF(C8="400 ml",125,IF(C8="200 ml",330,IF(C8="180 ml",240,1)))))),0)) | L8: =IF(H8="","",H8) | N8: =IF(I8="","",I8)
B9: TOTAL | D9: =SUM(D2:D8) -> 1330 | G9: =SUM(G2:G8) -> 14 | H9: =SUM(H2:H8) -> 696 | I9: =SUM(I2:I8) -> 8352 | J9: =SUM(D4:D8) -> 1330 | K9: =SUM(G4:G8) -> 14 | L9: =SUM(H4:H8) -> 696 | M9: =SUM(I4:I8) -> 8352 | N9: =IF(I9="","",I9) -> 8352 | O9: =SUM(N5:N8) -> 8352
J10: =IF(D10="","",ROUNDUP(D10/IF(AND(C10="600 ml",ISNUMBER(SEARCH("NORCAU",B10))),95,IF(AND(C10="600 ml",ISNUMBER(SEARCH("APURATOS",B10))),190,IF(C10="600 ml",95,IF(C10="400 ml",125,IF(C10="200 ml",330,IF(C10="180 ml",240,1)))))),0)) | L10: =IF(H10="","",H10) | N10: =IF(I10="","",I10)
A11: 46028 | B11: PRODUTO | C11: EMBALAGEM | D11: CAIXAS | E11: UN | F11: CX/PALLET | G11: PALLETS (PBR) | H11: REAL (CX) | I11: TOTAL LATAS
J12: =IF(D12="","",ROUNDUP(D12/IF(AND(C12="600 ml",ISNUMBER(SEARCH("NORCAU",B12))),95,IF(AND(C12="600 ml",ISNUMBER(SEARCH("APURATOS",B12))),190,IF(C12="600 ml",95,IF(C12="400 ml",125,IF(C12="200 ml",330,IF(C12="180 ml",240,1)))))),0)) | L12: =IF(H12="","",H12) | N12: =IF(I12="","",I12) | P12: A luz voltou as 15:15.
B13: ADIMIX (FADEVA) | C13: 600 | D13: =D6-L6 -> 636 | E13: CX | F13: =IF($B13="","",IF(SUMIFS(CONFIG_PALLETS!$C:$C,CONFIG_PALLETS!$A:$A,TRIM($B13),CONFIG_PALLETS!$B:$B,$C13&" ml")>0,SUMIFS(CONFIG_PALLETS!$C:$C,CONFIG_PALLETS!$A:$A,TRIM($B13),CONFIG_PALLETS!$B:$B,$C13&" ml"),IF(SUMIFS(CONFIG_PALLETS!$C:$C,CONFIG_PALLETS!$A:$A,"GERAL",CONFIG_PALLETS!$B:$B,$C13&" ml")>0,SUMIFS(CONFIG_PALLETS!$C:$C,CONFIG_PALLETS!$A:$A,"GERAL",CONFIG_PALLETS!$B:$B,$C13&" ml"),""))) -> 95 | G13: =IFERROR(ROUNDUP(D13/F13,0),"") -> 7 | H13: 156 | I13: =IF(H13="","",H13*IF(SUMIFS(CONFIG_PALLETS!$D:$D,CONFIG_PALLETS!$A:$A,IF(ISNUMBER(SEARCH("ESPUMA",$B13)),"ESPUMA",IF(OR(ISNUMBER(SEARCH("OLEO DE COCO",$B13)),ISNUMBER(SEARCH("ÓLEO DE COCO",$B13)),ISNUMBER(SEARCH("COPRA",$B13))),"ÓLEO DE COCO",IF(ISNUMBER(SEARCH("CORANTE",$B13)),"CORANTE",TRIM($B13)))),CONFIG_PALLETS!$B:$B,$C13&" ml")>0,SUMIFS(CONFIG_PALLETS!$D:$D,CONFIG_PALLETS!$A:$A,IF(ISNUMBER(SEARCH("ESPUMA",$B13)),"ESPUMA",IF(OR(ISNUMBER(SEARCH("OLEO DE COCO",$B13)),ISNUMBER(SEARCH("ÓLEO DE COCO",$B13)),ISNUMBER(SEARCH("COPRA",$B13))),"ÓLEO DE COCO",IF(ISNUMBER(SEARCH("CORANTE",$B13)),"CORANTE",TRIM($B13)))),CONFIG_PALLETS!$B:$B,$C13&" ml"),IF(SUMIFS(CONFIG_PALLETS!$D:$D,CONFIG_PALLETS!$A:$A,"GERAL",CONFIG_PALLETS!$B:$B,$C13&" ml")>0,SUMIFS(CONFIG_PALLETS!$D:$D,CONFIG_PALLETS!$A:$A,"GERAL",CONFIG_PALLETS!$B:$B,$C13&" ml"),12))) -> 1872 | J13: =IF(D13="","",ROUNDUP(D13/IF(AND(C13="600 ml",ISNUMBER(SEARCH("NORCAU",B13))),95,IF(AND(C13="600 ml",ISNUMBER(SEARCH("APURATOS",B13))),190,IF(C13="600 ml",95,IF(C13="400 ml",125,IF(C13="200 ml",330,IF(C13="180 ml",240,1)))))),0)) -> 636 | L13: =IF(H13="","",H13) -> 156 | N13: =IF(I13="","",I13) -> 1872
E14: CX | F14: =IF($B14="","",IF(SUMIFS(CONFIG_PALLETS!$C:$C,CONFIG_PALLETS!$A:$A,TRIM($B14),CONFIG_PALLETS!$B:$B,$C14&" ml")>0,SUMIFS(CONFIG_PALLETS!$C:$C,CONFIG_PALLETS!$A:$A,TRIM($B14),CONFIG_PALLETS!$B:$B,$C14&" ml"),IF(SUMIFS(CONFIG_PALLETS!$C:$C,CONFIG_PALLETS!$A:$A,"GERAL",CONFIG_PALLETS!$B:$B,$C14&" ml")>0,SUMIFS(CONFIG_PALLETS!$C:$C,CONFIG_PALLETS!$A:$A,"GERAL",CONFIG_PALLETS!$B:$B,$C14&" ml"),""))) | G14: =IFERROR(ROUNDUP(D14/F14,0),"") | I14: =IF(H14="","",H14*IF(SUMIFS(CONFIG_PALLETS!$D:$D,CONFIG_PALLETS!$A:$A,IF(ISNUMBER(SEARCH("ESPUMA",$B14)),"ESPUMA",IF(OR(ISNUMBER(SEARCH("OLEO DE COCO",$B14)),ISNUMBER(SEARCH("ÓLEO DE COCO",$B14)),ISNUMBER(SEARCH("COPRA",$B14))),"ÓLEO DE COCO",IF(ISNUMBER(SEARCH("CORANTE",$B14)),"CORANTE",TRIM($B14)))),CONFIG_PALLETS!$B:$B,$C14&" ml")>0,SUMIFS(CONFIG_PALLETS!$D:$D,CONFIG_PALLETS!$A:$A,IF(ISNUMBER(SEARCH("ESPUMA",$B14)),"ESPUMA",IF(OR(ISNUMBER(SEARCH("OLEO DE COCO",$B14)),ISNUMBER(SEARCH("ÓLEO DE COCO",$B14)),ISNUMBER(SEARCH("COPRA",$B14))),"ÓLEO DE COCO",IF(ISNUMBER(SEARCH("CORANTE",$B14)),"CORANTE",TRIM($B14)))),CONFIG_PALLETS!$B:$B,$C14&" ml"),IF(SUMIFS(CONFIG_PALLETS!$D:$D,CONFIG_PALLETS!$A:$A,"GERAL",CONFIG_PALLETS!$B:$B,$C14&" ml")>0,SUMIFS(CONFIG_PALLETS!$D:$D,CONFIG_PALLETS!$A:$A,"GERAL",CONFIG_PALLETS!$B:$B,$C14&" ml"),12))) | J14: =IF(D14="","",ROUNDUP(D14/IF(AND(C14="600 ml",ISNUMBER(SEARCH("NORCAU",B14))),95,IF(AND(C14="600 ml",ISNUMBER(SEARCH("APURATOS",B14))),190,IF(C14="600 ml",95,IF(C14="400 ml",125,IF(C14="200 ml",330,IF(C14="180 ml",240,1)))))),0)) | L14: =IF(H14="","",H14) | N14: =IF(I14="","",I14)
J15: =IF(D15="","",ROUNDUP(D15/IF(AND(C15="600 ml",ISNUMBER(SEARCH("NORCAU",B15))),95,IF(AND(C15="600 ml",ISNUMBER(SEARCH("APURATOS",B15))),190,IF(C15="600 ml",95,IF(C15="400 ml",125,IF(C15="200 ml",330,IF(C15="180 ml",240,1)))))),0)) | L15: =IF(H15="","",H15) | N15: =IF(I15="","",I15)
B16: TOTAL | D16: =SUM(D9:D15) -> 1966 | G16: =SUM(G9:G15) -> 21 | H16: =SUM(H9:H15) -> 852 | I16: =SUM(I9:I15) -> 10224 | J16: =SUM(D12:D15) -> 636 | K16: =SUM(G12:G15) -> 7 | L16: =SUM(H12:H15) -> 156 | M16: =SUM(I12:I15) -> 1872 | N16: =IF(I16="","",I16) -> 10224 | O16: =SUM(N13:N15) -> 1872
J17: =IF(D17="","",ROUNDUP(D17/IF(AND(C17="600 ml",ISNUMBER(SEARCH("NORCAU",B17))),95,IF(AND(C17="600 ml",ISNUMBER(SEARCH("APURATOS",B17))),190,IF(C17="600 ml",95,IF(C17="400 ml",125,IF(C17="200 ml",330,IF(C17="180 ml",240,1)))))),0)) | L17: =IF(H17="","",H17) | N17: =IF(I17="","",I17)
A18: 46029 | B18: PRODUTO | C18: EMBALAGEM | D18: CAIXAS | E18: UN | F18: CX/PALLET | G18: PALLETS (PBR) | H18: REAL (CX) | I18: TOTAL LATAS
J19: =IF(D19="","",ROUNDUP(D19/IF(AND(C19="600 ml",ISNUMBER(SEARCH("NORCAU",B19))),95,IF(AND(C19="600 ml",ISNUMBER(SEARCH("APURATOS",B19))),190,IF(C19="600 ml",95,IF(C19="400 ml",125,IF(C19="200 ml",330,IF(C19="180 ml",240,1)))))),0)) | L19: =IF(H19="","",H19) | N19: =IF(I19="","",I19)
B20: ADIMIX | C20: 600 | D20: =D13-L13 -> 480 | E20: CX | F20: =IF($B20="","",IF(SUMIFS(CONFIG_PALLETS!$C:$C,CONFIG_PALLETS!$A:$A,TRIM($B20),CONFIG_PALLETS!$B:$B,$C20&" ml")>0,SUMIFS(CONFIG_PALLETS!$C:$C,CONFIG_PALLETS!$A:$A,TRIM($B20),CONFIG_PALLETS!$B:$B,$C20&" ml"),IF(SUMIFS(CONFIG_PALLETS!$C:$C,CONFIG_PALLETS!$A:$A,"GERAL",CONFIG_PALLETS!$B:$B,$C20&" ml")>0,SUMIFS(CONFIG_PALLETS!$C:$C,CONFIG_PALLETS!$A:$A,"GERAL",CONFIG_PALLETS!$B:$B,$C20&" ml"),""))) -> 95 | G20: =IFERROR(ROUNDUP(D20/F20,0),"") -> 6 | H20: 494 | I20: =IF(H20="","",H20*IF(SUMIFS(CONFIG_PALLETS!$D:$D,CONFIG_PALLETS!$A:$A,IF(ISNUMBER(SEARCH("ESPUMA",$B20)),"ESPUMA",IF(OR(ISNUMBER(SEARCH("OLEO DE COCO",$B20)),ISNUMBER(SEARCH("ÓLEO DE COCO",$B20)),ISNUMBER(SEARCH("COPRA",$B20))),"ÓLEO DE COCO",IF(ISNUMBER(SEARCH("CORANTE",$B20)),"CORANTE",TRIM($B20)))),CONFIG_PALLETS!$B:$B,$C20&" ml")>0,SUMIFS(CONFIG_PALLETS!$D:$D,CONFIG_PALLETS!$A:$A,IF(ISNUMBER(SEARCH("ESPUMA",$B20)),"ESPUMA",IF(OR(ISNUMBER(SEARCH("OLEO DE COCO",$B20)),ISNUMBER(SEARCH("ÓLEO DE COCO",$B20)),ISNUMBER(SEARCH("COPRA",$B20))),"ÓLEO DE COCO",IF(ISNUMBER(SEARCH("CORANTE",$B20)),"CORANTE",TRIM($B20)))),CONFIG_PALLETS!$B:$B,$C20&" ml"),IF(SUMIFS(CONFIG_PALLETS!$D:$D,CONFIG_PALLETS!$A:$A,"GERAL",CONFIG_PALLETS!$B:$B,$C20&" ml")>0,SUMIFS(CONFIG_PALLETS!$D:$D,CONFIG_PALLETS!$A:$A,"GERAL",CONFIG_PALLETS!$B:$B,$C20&" ml"),12))) -> 5928 | J20: =IF(D20="","",ROUNDUP(D20/IF(AND(C20="600 ml",ISNUMBER(SEARCH("NORCAU",B20))),95,IF(AND(C20="600 ml",ISNUMBER(SEARCH("APURATOS",B20))),190,IF(C20="600 ml",95,IF(C20="400 ml",125,IF(C20="200 ml",330,IF(C20="180 ml",240,1)))))),0)) -> 480 | L20: =IF(H20="","",H20) -> 494 | N20: =IF(I20="","",I20) -> 5928
B21: UNTA FACIL | C21: 600 | D21: 1348 | E21: CX | F21: =IF($B21="","",IF(SUMIFS(CONFIG_PALLETS!$C:$C,CONFIG_PALLETS!$A:$A,TRIM($B21),CONFIG_PALLETS!$B:$B,$C21&" ml")>0,SUMIFS(CONFIG_PALLETS!$C:$C,CONFIG_PALLETS!$A:$A,TRIM($B21),CONFIG_PALLETS!$B:$B,$C21&" ml"),IF(SUMIFS(CONFIG_PALLETS!$C:$C,CONFIG_PALLETS!$A:$A,"GERAL",CONFIG_PALLETS!$B:$B,$C21&" ml")>0,SUMIFS(CONFIG_PALLETS!$C:$C,CONFIG_PALLETS!$A:$A,"GERAL",CONFIG_PALLETS!$B:$B,$C21&" ml"),""))) -> 95 | G21: =IFERROR(ROUNDUP(D21/F21,0),"") -> 15 | H21: 509 | I21: =IF(H21="","",H21*IF(SUMIFS(CONFIG_PALLETS!$D:$D,CONFIG_PALLETS!$A:$A,IF(ISNUMBER(SEARCH("ESPUMA",$B21)),"ESPUMA",IF(OR(ISNUMBER(SEARCH("OLEO DE COCO",$B21)),ISNUMBER(SEARCH("ÓLEO DE COCO",$B21)),ISNUMBER(SEARCH("COPRA",$B21))),"ÓLEO DE COCO",IF(ISNUMBER(SEARCH("CORANTE",$B21)),"CORANTE",TRIM($B21)))),CONFIG_PALLETS!$B:$B,$C21&" ml")>0,SUMIFS(CONFIG_PALLETS!$D:$D,CONFIG_PALLETS!$A:$A,IF(ISNUMBER(SEARCH("ESPUMA",$B21)),"ESPUMA",IF(OR(ISNUMBER(SEARCH("OLEO DE COCO",$B21)),ISNUMBER(SEARCH("ÓLEO DE COCO",$B21)),ISNUMBER(SEARCH("COPRA",$B21))),"ÓLEO DE COCO",IF(ISNUMBER(SEARCH("CORANTE",$B21)),"CORANTE",TRIM($B21)))),CONFIG_PALLETS!$B:$B,$C21&" ml"),IF(SUMIFS(CONFIG_PALLETS!$D:$D,CONFIG_PALLETS!$A:$A,"GERAL",CONFIG_PALLETS!$B:$B,$C21&" ml")>0,SUMIFS(CONFIG_PALLETS!$D:$D,CONFIG_PALLETS!$A:$A,"GERAL",CONFIG_PALLETS!$B:$B,$C21&" ml"),12))) -> 6108 | J21: =IF(D21="","",ROUNDUP(D21/IF(AND(C21="600 ml",ISNUMBER(SEARCH("NORCAU",B21))),95,IF(AND(C21="600 ml",ISNUMBER(SEARCH("APURATOS",B21))),190,IF(C21="600 ml",95,IF(C21="400 ml",125,IF(C21="200 ml",330,IF(C21="180 ml",240,1)))))),0)) -> 1348 | L21: =IF(H21="","",H21) -> 509 | N21: =IF(I21="","",I21) -> 6108
E22: CX | F22: =IF($B22="","",IF(SUMIFS(CONFIG_PALLETS!$C:$C,CONFIG_PALLETS!$A:$A,TRIM($B22),CONFIG_PALLETS!$B:$B,$C22&" ml")>0,SUMIFS(CONFIG_PALLETS!$C:$C,CONFIG_PALLETS!$A:$A,TRIM($B22),CONFIG_PALLETS!$B:$B,$C22&" ml"),IF(SUMIFS(CONFIG_PALLETS!$C:$C,CONFIG_PALLETS!$A:$A,"GERAL",CONFIG_PALLETS!$B:$B,$C22&" ml")>0,SUMIFS(CONFIG_PALLETS!$C:$C,CONFIG_PALLETS!$A:$A,"GERAL",CONFIG_PALLETS!$B:$B,$C22&" ml"),""))) | G22: =IFERROR(ROUNDUP(D22/F22,0),"") | I22: =IF(H22="","",H22*IF(SUMIFS(CONFIG_PALLETS!$D:$D,CONFIG_PALLETS!$A:$A,IF(ISNUMBER(SEARCH("ESPUMA",$B22)),"ESPUMA",IF(OR(ISNUMBER(SEARCH("OLEO DE COCO",$B22)),ISNUMBER(SEARCH("ÓLEO DE COCO",$B22)),ISNUMBER(SEARCH("COPRA",$B22))),"ÓLEO DE COCO",IF(ISNUMBER(SEARCH("CORANTE",$B22)),"CORANTE",TRIM($B22)))),CONFIG_PALLETS!$B:$B,$C22&" ml")>0,SUMIFS(CONFIG_PALLETS!$D:$D,CONFIG_PALLETS!$A:$A,IF(ISNUMBER(SEARCH("ESPUMA",$B22)),"ESPUMA",IF(OR(ISNUMBER(SEARCH("OLEO DE COCO",$B22)),ISNUMBER(SEARCH("ÓLEO DE COCO",$B22)),ISNUMBER(SEARCH("COPRA",$B22))),"ÓLEO DE COCO",IF(ISNUMBER(SEARCH("CORANTE",$B22)),"CORANTE",TRIM($B22)))),CONFIG_PALLETS!$B:$B,$C22&" ml"),IF(SUMIFS(CONFIG_PALLETS!$D:$D,CONFIG_PALLETS!$A:$A,"GERAL",CONFIG_PALLETS!$B:$B,$C22&" ml")>0,SUMIFS(CONFIG_PALLETS!$D:$D,CONFIG_PALLETS!$A:$A,"GERAL",CONFIG_PALLETS!$B:$B,$C22&" ml"),12))) | J22: =IF(D22="","",ROUNDUP(D22/IF(AND(C22="600 ml",ISNUMBER(SEARCH("NORCAU",B22))),95,IF(AND(C22="600 ml",ISNUMBER(SEARCH("APURATOS",B22))),190,IF(C22="600 ml",95,IF(C22="400 ml",125,IF(C22="200 ml",330,IF(C22="180 ml",240,1)))))),0)) | L22: =IF(H22="","",H22) | N22: =IF(I22="","",I22)
J23: =IF(D23="","",ROUNDUP(D23/IF(AND(C23="600 ml",ISNUMBER(SEARCH("NORCAU",B23))),95,IF(AND(C23="600 ml",ISNUMBER(SEARCH("APURATOS",B23))),190,IF(C23="600 ml",95,IF(C23="400 ml",125,IF(C23="200 ml",330,IF(C23="180 ml",240,1)))))),0)) | L23: =IF(H23="","",H23) | N23: =IF(I23="","",I23)
B24: TOTAL | D24: =SUM(D17:D23) -> 1828 | G24: =SUM(G17:G23) -> 21 | H24: =SUM(H17:H23) -> 1003 | I24: =SUM(I17:I23) -> 12036 | J24: =SUM(D19:D23) -> 1828 | K24: =SUM(G19:G23) -> 21 | L24: =SUM(H19:H23) -> 1003 | M24: =SUM(I19:I23) -> 12036 | N24: =IF(I24="","",I24) -> 12036 | O24: =SUM(N20:N23) -> 12036
J25: =IF(D25="","",ROUNDUP(D25/IF(AND(C25="600 ml",ISNUMBER(SEARCH("NORCAU",B25))),95,IF(AND(C25="600 ml",ISNUMBER(SEARCH("APURATOS",B25))),190,IF(C25="600 ml",95,IF(C25="400 ml",125,IF(C25="200 ml",330,IF(C25="180 ml",240,1)))))),0)) | L25: =IF(H25="","",H25) | N25: =IF(I25="","",I25)
A26: 46030 | B26: PRODUTO | C26: EMBALAGEM | D26: CAIXAS | E26: UN | F26: CX/PALLET | G26: PALLETS (PBR) | H26: REAL (CX) | I26: TOTAL LATAS | P26: Acabou o gás eram 08:40, voltamos 10:30.
J27: =IF(D27="","",ROUNDUP(D27/IF(AND(C27="600 ml",ISNUMBER(SEARCH("NORCAU",B27))),95,IF(AND(C27="600 ml",ISNUMBER(SEARCH("APURATOS",B27))),190,IF(C27="600 ml",95,IF(C27="400 ml",125,IF(C27="200 ml",330,IF(C27="180 ml",240,1)))))),0)) | L27: =IF(H27="","",H27) | N27: =IF(I27="","",I27)
B28: UNTA FACIL | C28: 600 | D28: =D21-L21 -> 839 | E28: CX | F28: =IF($B28="","",IF(SUMIFS(CONFIG_PALLETS!$C:$C,CONFIG_PALLETS!$A:$A,TRIM($B28),CONFIG_PALLETS!$B:$B,$C28&" ml")>0,SUMIFS(CONFIG_PALLETS!$C:$C,CONFIG_PALLETS!$A:$A,TRIM($B28),CONFIG_PALLETS!$B:$B,$C28&" ml"),IF(SUMIFS(CONFIG_PALLETS!$C:$C,CONFIG_PALLETS!$A:$A,"GERAL",CONFIG_PALLETS!$B:$B,$C28&" ml")>0,SUMIFS(CONFIG_PALLETS!$C:$C,CONFIG_PALLETS!$A:$A,"GERAL",CONFIG_PALLETS!$B:$B,$C28&" ml"),""))) -> 95 | G28: =IFERROR(ROUNDUP(D28/F28,0),"") -> 9 | H28: 821 | I28: =IF(H28="","",H28*IF(SUMIFS(CONFIG_PALLETS!$D:$D,CONFIG_PALLETS!$A:$A,IF(ISNUMBER(SEARCH("ESPUMA",$B28)),"ESPUMA",IF(OR(ISNUMBER(SEARCH("OLEO DE COCO",$B28)),ISNUMBER(SEARCH("ÓLEO DE COCO",$B28)),ISNUMBER(SEARCH("COPRA",$B28))),"ÓLEO DE COCO",IF(ISNUMBER(SEARCH("CORANTE",$B28)),"CORANTE",TRIM($B28)))),CONFIG_PALLETS!$B:$B,$C28&" ml")>0,SUMIFS(CONFIG_PALLETS!$D:$D,CONFIG_PALLETS!$A:$A,IF(ISNUMBER(SEARCH("ESPUMA",$B28)),"ESPUMA",IF(OR(ISNUMBER(SEARCH("OLEO DE COCO",$B28)),ISNUMBER(SEARCH("ÓLEO DE COCO",$B28)),ISNUMBER(SEARCH("COPRA",$B28))),"ÓLEO DE COCO",IF(ISNUMBER(SEARCH("CORANTE",$B28)),"CORANTE",TRIM($B28)))),CONFIG_PALLETS!$B:$B,$C28&" ml"),IF(SUMIFS(CONFIG_PALLETS!$D:$D,CONFIG_PALLETS!$A:$A,"GERAL",CONFIG_PALLETS!$B:$B,$C28&" ml")>0,SUMIFS(CONFIG_PALLETS!$D:$D,CONFIG_PALLETS!$A:$A,"GERAL",CONFIG_PALLETS!$B:$B,$C28&" ml"),12))) -> 9852 | J28: =IF(D28="","",ROUNDUP(D28/IF(AND(C28="600 ml",ISNUMBER(SEARCH("NORCAU",B28))),95,IF(AND(C28="600 ml",ISNUMBER(SEARCH("APURATOS",B28))),190,IF(C28="600 ml",95,IF(C28="400 ml",125,IF(C28="200 ml",330,IF(C28="180 ml",240,1)))))),0)) -> 839 | L28: =IF(H28="","",H28) -> 821 | N28: =IF(I28="","",I28) -> 9852
E29: CX | F29: =IF($B29="","",IF(SUMIFS(CONFIG_PALLETS!$C:$C,CONFIG_PALLETS!$A:$A,TRIM($B29),CONFIG_PALLETS!$B:$B,$C29&" ml")>0,SUMIFS(CONFIG_PALLETS!$C:$C,CONFIG_PALLETS!$A:$A,TRIM($B29),CONFIG_PALLETS!$B:$B,$C29&" ml"),IF(SUMIFS(CONFIG_PALLETS!$C:$C,CONFIG_PALLETS!$A:$A,"GERAL",CONFIG_PALLETS!$B:$B,$C29&" ml")>0,SUMIFS(CONFIG_PALLETS!$C:$C,CONFIG_PALLETS!$A:$A,"GERAL",CONFIG_PALLETS!$B:$B,$C29&" ml"),""))) | G29: =IFERROR(ROUNDUP(D29/F29,0),"") | I29: =IF(H29="","",H29*IF(SUMIFS(CONFIG_PALLETS!$D:$D,CONFIG_PALLETS!$A:$A,IF(ISNUMBER(SEARCH("ESPUMA",$B29)),"ESPUMA",IF(OR(ISNUMBER(SEARCH("OLEO DE COCO",$B29)),ISNUMBER(SEARCH("ÓLEO DE COCO",$B29)),ISNUMBER(SEARCH("COPRA",$B29))),"ÓLEO DE COCO",IF(ISNUMBER(SEARCH("CORANTE",$B29)),"CORANTE",TRIM($B29)))),CONFIG_PALLETS!$B:$B,$C29&" ml")>0,SUMIFS(CONFIG_PALLETS!$D:$D,CONFIG_PALLETS!$A:$A,IF(ISNUMBER(SEARCH("ESPUMA",$B29)),"ESPUMA",IF(OR(ISNUMBER(SEARCH("OLEO DE COCO",$B29)),ISNUMBER(SEARCH("ÓLEO DE COCO",$B29)),ISNUMBER(SEARCH("COPRA",$B29))),"ÓLEO DE COCO",IF(ISNUMBER(SEARCH("CORANTE",$B29)),"CORANTE",TRIM($B29)))),CONFIG_PALLETS!$B:$B,$C29&" ml"),IF(SUMIFS(CONFIG_PALLETS!$D:$D,CONFIG_PALLETS!$A:$A,"GERAL",CONFIG_PALLETS!$B:$B,$C29&" ml")>0,SUMIFS(CONFIG_PALLETS!$D:$D,CONFIG_PALLETS!$A:$A,"GERAL",CONFIG_PALLETS!$B:$B,$C29&" ml"),12))) | J29: =IF(D29="","",ROUNDUP(D29/IF(AND(C29="600 ml",ISNUMBER(SEARCH("NORCAU",B29))),95,IF(AND(C29="600 ml",ISNUMBER(SEARCH("APURATOS",B29))),190,IF(C29="600 ml",95,IF(C29="400 ml",125,IF(C29="200 ml",330,IF(C29="180 ml",240,1)))))),0)) | L29: =IF(H29="","",H29) | N29: =IF(I29="","",I29)
E30: CX | F30: =IF($B30="","",IF(SUMIFS(CONFIG_PALLETS!$C:$C,CONFIG_PALLETS!$A:$A,TRIM($B30),CONFIG_PALLETS!$B:$B,$C30&" ml")>0,SUMIFS(CONFIG_PALLETS!$C:$C,CONFIG_PALLETS!$A:$A,TRIM($B30),CONFIG_PALLETS!$B:$B,$C30&" ml"),IF(SUMIFS(CONFIG_PALLETS!$C:$C,CONFIG_PALLETS!$A:$A,"GERAL",CONFIG_PALLETS!$B:$B,$C30&" ml")>0,SUMIFS(CONFIG_PALLETS!$C:$C,CONFIG_PALLETS!$A:$A,"GERAL",CONFIG_PALLETS!$B:$B,$C30&" ml"),""))) | G30: =IFERROR(ROUNDUP(D30/F30,0),"") | I30: =IF(H30="","",H30*IF(SUMIFS(CONFIG_PALLETS!$D:$D,CONFIG_PALLETS!$A:$A,IF(ISNUMBER(SEARCH("ESPUMA",$B30)),"ESPUMA",IF(OR(ISNUMBER(SEARCH("OLEO DE COCO",$B30)),ISNUMBER(SEARCH("ÓLEO DE COCO",$B30)),ISNUMBER(SEARCH("COPRA",$B30))),"ÓLEO DE COCO",IF(ISNUMBER(SEARCH("CORANTE",$B30)),"CORANTE",TRIM($B30)))),CONFIG_PALLETS!$B:$B,$C30&" ml")>0,SUMIFS(CONFIG_PALLETS!$D:$D,CONFIG_PALLETS!$A:$A,IF(ISNUMBER(SEARCH("ESPUMA",$B30)),"ESPUMA",IF(OR(ISNUMBER(SEARCH("OLEO DE COCO",$B30)),ISNUMBER(SEARCH("ÓLEO DE COCO",$B30)),ISNUMBER(SEARCH("COPRA",$B30))),"ÓLEO DE COCO",IF(ISNUMBER(SEARCH("CORANTE",$B30)),"CORANTE",TRIM($B30)))),CONFIG_PALLETS!$B:$B,$C30&" ml"),IF(SUMIFS(CONFIG_PALLETS!$D:$D,CONFIG_PALLETS!$A:$A,"GERAL",CONFIG_PALLETS!$B:$B,$C30&" ml")>0,SUMIFS(CONFIG_PALLETS!$D:$D,CONFIG_PALLETS!$A:$A,"GERAL",CONFIG_PALLETS!$B:$B,$C30&" ml"),12))) | J30: =IF(D30="","",ROUNDUP(D30/IF(AND(C30="600 ml",ISNUMBER(SEARCH("NORCAU",B30))),95,IF(AND(C30="600 ml",ISNUMBER(SEARCH("APURATOS",B30))),190,IF(C30="600 ml",95,IF(C30="400 ml",125,IF(C30="200 ml",330,IF(C30="180 ml",240,1)))))),0)) | L30: =IF(H30="","",H30) | N30: =IF(I30="","",I30)
J31: =IF(D31="","",ROUNDUP(D31/IF(AND(C31="600 ml",ISNUMBER(SEARCH("NORCAU",B31))),95,IF(AND(C31="600 ml",ISNUMBER(SEARCH("APURATOS",B31))),190,IF(C31="600 ml",95,IF(C31="400 ml",125,IF(C31="200 ml",330,IF(C31="180 ml",240,1)))))),0)) | L31: =IF(H31="","",H31) | N31: =IF(I31="","",I31)
B32: TOTAL | D32: =SUM(D25:D31) -> 839 | G32: =SUM(G25:G31) -> 9 | H32: =SUM(H25:H31) -> 821 | I32: =SUM(I25:I31) -> 9852 | J32: =SUM(D27:D31) -> 839 | K32: =SUM(G27:G31) -> 9 | L32: =SUM(H27:H31) -> 821 | M32: =SUM(I27:I31) -> 9852 | N32: =IF(I32="","",I32) -> 9852 | O32: =SUM(N28:N31) -> 9852
J33: =IF(D33="","",ROUNDUP(D33/IF(AND(C33="600 ml",ISNUMBER(SEARCH("NORCAU",B33))),95,IF(AND(C33="600 ml",ISNUMBER(SEARCH("APURATOS",B33))),190,IF(C33="600 ml",95,IF(C33="400 ml",125,IF(C33="200 ml",330,IF(C33="180 ml",240,1)))))),0)) | L33: =IF(H33="","",H33) | N33: =IF(I33="","",I33)
A34: 46031 | B34: PRODUTO | C34: EMBALAGEM | D34: CAIXAS | E34: UN | F34: CX/PALLET | G34: PALLETS (PBR) | H34: REAL (CX) | I34: TOTAL LATAS
J35: =IF(D35="","",ROUNDUP(D35/IF(AND(C35="600 ml",ISNUMBER(SEARCH("NORCAU",B35))),95,IF(AND(C35="600 ml",ISNUMBER(SEARCH("APURATOS",B35))),190,IF(C35="600 ml",95,IF(C35="400 ml",125,IF(C35="200 ml",330,IF(C35="180 ml",240,1)))))),0)) | L35: =IF(H35="","",H35) | N35: =IF(I35="","",I35) | P35: Explodiu o transformador.
B36: UNTA FACIL | C36: 600 | D36: =D28-L28 -> 18 | E36: CX | F36: =IF($B36="","",IF(SUMIFS(CONFIG_PALLETS!$C:$C,CONFIG_PALLETS!$A:$A,TRIM($B36),CONFIG_PALLETS!$B:$B,$C36&" ml")>0,SUMIFS(CONFIG_PALLETS!$C:$C,CONFIG_PALLETS!$A:$A,TRIM($B36),CONFIG_PALLETS!$B:$B,$C36&" ml"),IF(SUMIFS(CONFIG_PALLETS!$C:$C,CONFIG_PALLETS!$A:$A,"GERAL",CONFIG_PALLETS!$B:$B,$C36&" ml")>0,SUMIFS(CONFIG_PALLETS!$C:$C,CONFIG_PALLETS!$A:$A,"GERAL",CONFIG_PALLETS!$B:$B,$C36&" ml"),""))) -> 95 | G36: =IFERROR(ROUNDUP(D36/F36,0),"") -> 1 | H36: 13 | I36: =IF(H36="","",H36*IF(SUMIFS(CONFIG_PALLETS!$D:$D,CONFIG_PALLETS!$A:$A,IF(ISNUMBER(SEARCH("ESPUMA",$B36)),"ESPUMA",IF(OR(ISNUMBER(SEARCH("OLEO DE COCO",$B36)),ISNUMBER(SEARCH("ÓLEO DE COCO",$B36)),ISNUMBER(SEARCH("COPRA",$B36))),"ÓLEO DE COCO",IF(ISNUMBER(SEARCH("CORANTE",$B36)),"CORANTE",TRIM($B36)))),CONFIG_PALLETS!$B:$B,$C36&" ml")>0,SUMIFS(CONFIG_PALLETS!$D:$D,CONFIG_PALLETS!$A:$A,IF(ISNUMBER(SEARCH("ESPUMA",$B36)),"ESPUMA",IF(OR(ISNUMBER(SEARCH("OLEO DE COCO",$B36)),ISNUMBER(SEARCH("ÓLEO DE COCO",$B36)),ISNUMBER(SEARCH("COPRA",$B36))),"ÓLEO DE COCO",IF(ISNUMBER(SEARCH("CORANTE",$B36)),"CORANTE",TRIM($B36)))),CONFIG_PALLETS!$B:$B,$C36&" ml"),IF(SUMIFS(CONFIG_PALLETS!$D:$D,CONFIG_PALLETS!$A:$A,"GERAL",CONFIG_PALLETS!$B:$B,$C36&" ml")>0,SUMIFS(CONFIG_PALLETS!$D:$D,CONFIG_PALLETS!$A:$A,"GERAL",CONFIG_PALLETS!$B:$B,$C36&" ml"),12))) -> 156 | J36: =IF(D36="","",ROUNDUP(D36/IF(AND(C36="600 ml",ISNUMBER(SEARCH("NORCAU",B36))),95,IF(AND(C36="600 ml",ISNUMBER(SEARCH("APURATOS",B36))),190,IF(C36="600 ml",95,IF(C36="400 ml",125,IF(C36="200 ml",330,IF(C36="180 ml",240,1)))))),0)) -> 18 | L36: =IF(H36="","",H36) -> 13 | N36: =IF(I36="","",I36) -> 156
B37: PURATOS DESTAK | C37: 600 | D37: 2660 | E37: CX | F37: =IF($B37="","",IF(SUMIFS(CONFIG_PALLETS!$C:$C,CONFIG_PALLETS!$A:$A,TRIM($B37),CONFIG_PALLETS!$B:$B,$C37&" ml")>0,SUMIFS(CONFIG_PALLETS!$C:$C,CONFIG_PALLETS!$A:$A,TRIM($B37),CONFIG_PALLETS!$B:$B,$C37&" ml"),IF(SUMIFS(CONFIG_PALLETS!$C:$C,CONFIG_PALLETS!$A:$A,"GERAL",CONFIG_PALLETS!$B:$B,$C37&" ml")>0,SUMIFS(CONFIG_PALLETS!$C:$C,CONFIG_PALLETS!$A:$A,"GERAL",CONFIG_PALLETS!$B:$B,$C37&" ml"),""))) -> 190 | G37: =IFERROR(ROUNDUP(D37/F37,0),"") -> 14 | H37: 1057 | I37: =IF(H37="","",H37*IF(SUMIFS(CONFIG_PALLETS!$D:$D,CONFIG_PALLETS!$A:$A,IF(ISNUMBER(SEARCH("ESPUMA",$B37)),"ESPUMA",IF(OR(ISNUMBER(SEARCH("OLEO DE COCO",$B37)),ISNUMBER(SEARCH("ÓLEO DE COCO",$B37)),ISNUMBER(SEARCH("COPRA",$B37))),"ÓLEO DE COCO",IF(ISNUMBER(SEARCH("CORANTE",$B37)),"CORANTE",TRIM($B37)))),CONFIG_PALLETS!$B:$B,$C37&" ml")>0,SUMIFS(CONFIG_PALLETS!$D:$D,CONFIG_PALLETS!$A:$A,IF(ISNUMBER(SEARCH("ESPUMA",$B37)),"ESPUMA",IF(OR(ISNUMBER(SEARCH("OLEO DE COCO",$B37)),ISNUMBER(SEARCH("ÓLEO DE COCO",$B37)),ISNUMBER(SEARCH("COPRA",$B37))),"ÓLEO DE COCO",IF(ISNUMBER(SEARCH("CORANTE",$B37)),"CORANTE",TRIM($B37)))),CONFIG_PALLETS!$B:$B,$C37&" ml"),IF(SUMIFS(CONFIG_PALLETS!$D:$D,CONFIG_PALLETS!$A:$A,"GERAL",CONFIG_PALLETS!$B:$B,$C37&" ml")>0,SUMIFS(CONFIG_PALLETS!$D:$D,CONFIG_PALLETS!$A:$A,"GERAL",CONFIG_PALLETS!$B:$B,$C37&" ml"),12))) -> 6342 | J37: =IF(D37="","",ROUNDUP(D37/IF(AND(C37="600 ml",ISNUMBER(SEARCH("NORCAU",B37))),95,IF(AND(C37="600 ml",ISNUMBER(SEARCH("APURATOS",B37))),190,IF(C37="600 ml",95,IF(C37="400 ml",125,IF(C37="200 ml",330,IF(C37="180 ml",240,1)))))),0)) -> 2660 | L37: =IF(H37="","",H37) -> 1057 | N37: =IF(I37="","",I37) -> 6342
E38: CX | F38: =IF($B38="","",IF(SUMIFS(CONFIG_PALLETS!$C:$C,CONFIG_PALLETS!$A:$A,TRIM($B38),CONFIG_PALLETS!$B:$B,$C38&" ml")>0,SUMIFS(CONFIG_PALLETS!$C:$C,CONFIG_PALLETS!$A:$A,TRIM($B38),CONFIG_PALLETS!$B:$B,$C38&" ml"),IF(SUMIFS(CONFIG_PALLETS!$C:$C,CONFIG_PALLETS!$A:$A,"GERAL",CONFIG_PALLETS!$B:$B,$C38&" ml")>0,SUMIFS(CONFIG_PALLETS!$C:$C,CONFIG_PALLETS!$A:$A,"GERAL",CONFIG_PALLETS!$B:$B,$C38&" ml"),""))) | G38: =IFERROR(ROUNDUP(D38/F38,0),"") | I38: =IF(H38="","",H38*IF(SUMIFS(CONFIG_PALLETS!$D:$D,CONFIG_PALLETS!$A:$A,IF(ISNUMBER(SEARCH("ESPUMA",$B38)),"ESPUMA",IF(OR(ISNUMBER(SEARCH("OLEO DE COCO",$B38)),ISNUMBER(SEARCH("ÓLEO DE COCO",$B38)),ISNUMBER(SEARCH("COPRA",$B38))),"ÓLEO DE COCO",IF(ISNUMBER(SEARCH("CORANTE",$B38)),"CORANTE",TRIM($B38)))),CONFIG_PALLETS!$B:$B,$C38&" ml")>0,SUMIFS(CONFIG_PALLETS!$D:$D,CONFIG_PALLETS!$A:$A,IF(ISNUMBER(SEARCH("ESPUMA",$B38)),"ESPUMA",IF(OR(ISNUMBER(SEARCH("OLEO DE COCO",$B38)),ISNUMBER(SEARCH("ÓLEO DE COCO",$B38)),ISNUMBER(SEARCH("COPRA",$B38))),"ÓLEO DE COCO",IF(ISNUMBER(SEARCH("CORANTE",$B38)),"CORANTE",TRIM($B38)))),CONFIG_PALLETS!$B:$B,$C38&" ml"),IF(SUMIFS(CONFIG_PALLETS!$D:$D,CONFIG_PALLETS!$A:$A,"GERAL",CONFIG_PALLETS!$B:$B,$C38&" ml")>0,SUMIFS(CONFIG_PALLETS!$D:$D,CONFIG_PALLETS!$A:$A,"GERAL",CONFIG_PALLETS!$B:$B,$C38&" ml"),12))) | J38: =IF(D38="","",ROUNDUP(D38/IF(AND(C38="600 ml",ISNUMBER(SEARCH("NORCAU",B38))),95,IF(AND(C38="600 ml",ISNUMBER(SEARCH("APURATOS",B38))),190,IF(C38="600 ml",95,IF(C38="400 ml",125,IF(C38="200 ml",330,IF(C38="180 ml",240,1)))))),0)) | L38: =IF(H38="","",H38) | N38: =IF(I38="","",I38)
E39: CX | F39: =IF($B39="","",IF(SUMIFS(CONFIG_PALLETS!$C:$C,CONFIG_PALLETS!$A:$A,TRIM($B39),CONFIG_PALLETS!$B:$B,$C39&" ml")>0,SUMIFS(CONFIG_PALLETS!$C:$C,CONFIG_PALLETS!$A:$A,TRIM($B39),CONFIG_PALLETS!$B:$B,$C39&" ml"),IF(SUMIFS(CONFIG_PALLETS!$C:$C,CONFIG_PALLETS!$A:$A,"GERAL",CONFIG_PALLETS!$B:$B,$C39&" ml")>0,SUMIFS(CONFIG_PALLETS!$C:$C,CONFIG_PALLETS!$A:$A,"GERAL",CONFIG_PALLETS!$B:$B,$C39&" ml"),""))) | G39: =IFERROR(ROUNDUP(D39/F39,0),"") | I39: =IF(H39="","",H39*IF(SUMIFS(CONFIG_PALLETS!$D:$D,CONFIG_PALLETS!$A:$A,IF(ISNUMBER(SEARCH("ESPUMA",$B39)),"ESPUMA",IF(OR(ISNUMBER(SEARCH("OLEO DE COCO",$B39)),ISNUMBER(SEARCH("ÓLEO DE COCO",$B39)),ISNUMBER(SEARCH("COPRA",$B39))),"ÓLEO DE COCO",IF(ISNUMBER(SEARCH("CORANTE",$B39)),"CORANTE",TRIM($B39)))),CONFIG_PALLETS!$B:$B,$C39&" ml")>0,SUMIFS(CONFIG_PALLETS!$D:$D,CONFIG_PALLETS!$A:$A,IF(ISNUMBER(SEARCH("ESPUMA",$B39)),"ESPUMA",IF(OR(ISNUMBER(SEARCH("OLEO DE COCO",$B39)),ISNUMBER(SEARCH("ÓLEO DE COCO",$B39)),ISNUMBER(SEARCH("COPRA",$B39))),"ÓLEO DE COCO",IF(ISNUMBER(SEARCH("CORANTE",$B39)),"CORANTE",TRIM($B39)))),CONFIG_PALLETS!$B:$B,$C39&" ml"),IF(SUMIFS(CONFIG_PALLETS!$D:$D,CONFIG_PALLETS!$A:$A,"GERAL",CONFIG_PALLETS!$B:$B,$C39&" ml")>0,SUMIFS(CONFIG_PALLETS!$D:$D,CONFIG_PALLETS!$A:$A,"GERAL",CONFIG_PALLETS!$B:$B,$C39&" ml"),12))) | J39: =IF(D39="","",ROUNDUP(D39/IF(AND(C39="600 ml",ISNUMBER(SEARCH("NORCAU",B39))),95,IF(AND(C39="600 ml",ISNUMBER(SEARCH("APURATOS",B39))),190,IF(C39="600 ml",95,IF(C39="400 ml",125,IF(C39="200 ml",330,IF(C39="180 ml",240,1)))))),0)) | L39: =IF(H39="","",H39) | N39: =IF(I39="","",I39)
J40: =IF(D40="","",ROUNDUP(D40/IF(AND(C40="600 ml",ISNUMBER(SEARCH("NORCAU",B40))),95,IF(AND(C40="600 ml",ISNUMBER(SEARCH("APURATOS",B40))),190,IF(C40="600 ml",95,IF(C40="400 ml",125,IF(C40="200 ml",330,IF(C40="180 ml",240,1)))))),0)) | L40: =IF(H40="","",H40) | N40: =IF(I40="","",I40)
B41: TOTAL | D41: =SUM(D34:D40) -> 2678 | G41: =SUM(G34:G40) -> 15 | H41: =SUM(H34:H40) -> 1070 | I41: =SUM(I34:I40) -> 6498 | J41: =SUM(D35:D40) -> 2678 | K41: =SUM(G35:G40) -> 15 | L41: =SUM(H35:H40) -> 1070 | M41: =SUM(I35:I40) -> 6498 | N41: =IF(I41="","",I41) -> 6498 | O41: =SUM(N36:N40) -> 6498
J42: =IF(D42="","",ROUNDUP(D42/IF(AND(C42="600 ml",ISNUMBER(SEARCH("NORCAU",B42))),95,IF(AND(C42="600 ml",ISNUMBER(SEARCH("APURATOS",B42))),190,IF(C42="600 ml",95,IF(C42="400 ml",125,IF(C42="200 ml",330,IF(C42="180 ml",240,1)))))),0)) | L42: =IF(H42="","",H42) | N42: =IF(I42="","",I42)
A43: 46034 | B43: PRODUTO | C43: EMBALAGEM | D43: CAIXAS | E43: UN | F43: CX/PALLET | G43: PALLETS (PBR) | H43: REAL (CX) | I43: TOTAL LATAS
J44: =IF(D44="","",ROUNDUP(D44/IF(AND(C44="600 ml",ISNUMBER(SEARCH("NORCAU",B44))),95,IF(AND(C44="600 ml",ISNUMBER(SEARCH("APURATOS",B44))),190,IF(C44="600 ml",95,IF(C44="400 ml",125,IF(C44="200 ml",330,IF(C44="180 ml",240,1)))))),0)) | L44: =IF(H44="","",H44) | N44: =IF(I44="","",I44) | P44: ENTUPIU O SISTEMA, VOLTAMOS 14:40
B45: PURATOS DESTAK | C45: 600 | D45: =D37-L37 -> 1603 | E45: CX | F45: =IF($B45="","",IF(SUMIFS(CONFIG_PALLETS!$C:$C,CONFIG_PALLETS!$A:$A,TRIM($B45),CONFIG_PALLETS!$B:$B,$C45&" ml")>0,SUMIFS(CONFIG_PALLETS!$C:$C,CONFIG_PALLETS!$A:$A,TRIM($B45),CONFIG_PALLETS!$B:$B,$C45&" ml"),IF(SUMIFS(CONFIG_PALLETS!$C:$C,CONFIG_PALLETS!$A:$A,"GERAL",CONFIG_PALLETS!$B:$B,$C45&" ml")>0,SUMIFS(CONFIG_PALLETS!$C:$C,CONFIG_PALLETS!$A:$A,"GERAL",CONFIG_PALLETS!$B:$B,$C45&" ml"),""))) -> 190 | G45: =IFERROR(ROUNDUP(D45/F45,0),"") -> 9 | H45: 1072 | I45: =IF(H45="","",H45*IF(SUMIFS(CONFIG_PALLETS!$D:$D,CONFIG_PALLETS!$A:$A,IF(ISNUMBER(SEARCH("ESPUMA",$B45)),"ESPUMA",IF(OR(ISNUMBER(SEARCH("OLEO DE COCO",$B45)),ISNUMBER(SEARCH("ÓLEO DE COCO",$B45)),ISNUMBER(SEARCH("COPRA",$B45))),"ÓLEO DE COCO",IF(ISNUMBER(SEARCH("CORANTE",$B45)),"CORANTE",TRIM($B45)))),CONFIG_PALLETS!$B:$B,$C45&" ml")>0,SUMIFS(CONFIG_PALLETS!$D:$D,CONFIG_PALLETS!$A:$A,IF(ISNUMBER(SEARCH("ESPUMA",$B45)),"ESPUMA",IF(OR(ISNUMBER(SEARCH("OLEO DE COCO",$B45)),ISNUMBER(SEARCH("ÓLEO DE COCO",$B45)),ISNUMBER(SEARCH("COPRA",$B45))),"ÓLEO DE COCO",IF(ISNUMBER(SEARCH("CORANTE",$B45)),"CORANTE",TRIM($B45)))),CONFIG_PALLETS!$B:$B,$C45&" ml"),IF(SUMIFS(CONFIG_PALLETS!$D:$D,CONFIG_PALLETS!$A:$A,"GERAL",CONFIG_PALLETS!$B:$B,$C45&" ml")>0,SUMIFS(CONFIG_PALLETS!$D:$D,CONFIG_PALLETS!$A:$A,"GERAL",CONFIG_PALLETS!$B:$B,$C45&" ml"),12))) -> 6432 | J45: =IF(D45="","",ROUNDUP(D45/IF(AND(C45="600 ml",ISNUMBER(SEARCH("NORCAU",B45))),95,IF(AND(C45="600 ml",ISNUMBER(SEARCH("APURATOS",B45))),190,IF(C45="600 ml",95,IF(C45="400 ml",125,IF(C45="200 ml",330,IF(C45="180 ml",240,1)))))),0)) -> 1603 | L45: =IF(H45="","",H45) -> 1072 | N45: =IF(I45="","",I45) -> 6432
E46: CX | F46: =IF($B46="","",IF(SUMIFS(CONFIG_PALLETS!$C:$C,CONFIG_PALLETS!$A:$A,TRIM($B46),CONFIG_PALLETS!$B:$B,$C46&" ml")>0,SUMIFS(CONFIG_PALLETS!$C:$C,CONFIG_PALLETS!$A:$A,TRIM($B46),CONFIG_PALLETS!$B:$B,$C46&" ml"),IF(SUMIFS(CONFIG_PALLETS!$C:$C,CONFIG_PALLETS!$A:$A,"GERAL",CONFIG_PALLETS!$B:$B,$C46&" ml")>0,SUMIFS(CONFIG_PALLETS!$C:$C,CONFIG_PALLETS!$A:$A,"GERAL",CONFIG_PALLETS!$B:$B,$C46&" ml"),""))) | G46: =IFERROR(ROUNDUP(D46/F46,0),"") | I46: =IF(H46="","",H46*IF(SUMIFS(CONFIG_PALLETS!$D:$D,CONFIG_PALLETS!$A:$A,IF(ISNUMBER(SEARCH("ESPUMA",$B46)),"ESPUMA",IF(OR(ISNUMBER(SEARCH("OLEO DE COCO",$B46)),ISNUMBER(SEARCH("ÓLEO DE COCO",$B46)),ISNUMBER(SEARCH("COPRA",$B46))),"ÓLEO DE COCO",IF(ISNUMBER(SEARCH("CORANTE",$B46)),"CORANTE",TRIM($B46)))),CONFIG_PALLETS!$B:$B,$C46&" ml")>0,SUMIFS(CONFIG_PALLETS!$D:$D,CONFIG_PALLETS!$A:$A,IF(ISNUMBER(SEARCH("ESPUMA",$B46)),"ESPUMA",IF(OR(ISNUMBER(SEARCH("OLEO DE COCO",$B46)),ISNUMBER(SEARCH("ÓLEO DE COCO",$B46)),ISNUMBER(SEARCH("COPRA",$B46))),"ÓLEO DE COCO",IF(ISNUMBER(SEARCH("CORANTE",$B46)),"CORANTE",TRIM($B46)))),CONFIG_PALLETS!$B:$B,$C46&" ml"),IF(SUMIFS(CONFIG_PALLETS!$D:$D,CONFIG_PALLETS!$A:$A,"GERAL",CONFIG_PALLETS!$B:$B,$C46&" ml")>0,SUMIFS(CONFIG_PALLETS!$D:$D,CONFIG_PALLETS!$A:$A,"GERAL",CONFIG_PALLETS!$B:$B,$C46&" ml"),12))) | J46: =IF(D46="","",ROUNDUP(D46/IF(AND(C46="600 ml",ISNUMBER(SEARCH("NORCAU",B46))),95,IF(AND(C46="600 ml",ISNUMBER(SEARCH("APURATOS",B46))),190,IF(C46="600 ml",95,IF(C46="400 ml",125,IF(C46="200 ml",330,IF(C46="180 ml",240,1)))))),0)) | L46: =IF(H46="","",H46) | N46: =IF(I46="","",I46)
E47: CX | F47: =IF($B47="","",IF(SUMIFS(CONFIG_PALLETS!$C:$C,CONFIG_PALLETS!$A:$A,TRIM($B47),CONFIG_PALLETS!$B:$B,$C47&" ml")>0,SUMIFS(CONFIG_PALLETS!$C:$C,CONFIG_PALLETS!$A:$A,TRIM($B47),CONFIG_PALLETS!$B:$B,$C47&" ml"),IF(SUMIFS(CONFIG_PALLETS!$C:$C,CONFIG_PALLETS!$A:$A,"GERAL",CONFIG_PALLETS!$B:$B,$C47&" ml")>0,SUMIFS(CONFIG_PALLETS!$C:$C,CONFIG_PALLETS!$A:$A,"GERAL",CONFIG_PALLETS!$B:$B,$C47&" ml"),""))) | G47: =IFERROR(ROUNDUP(D47/F47,0),"") | I47: =IF(H47="","",H47*IF(SUMIFS(CONFIG_PALLETS!$D:$D,CONFIG_PALLETS!$A:$A,IF(ISNUMBER(SEARCH("ESPUMA",$B47)),"ESPUMA",IF(OR(ISNUMBER(SEARCH("OLEO DE COCO",$B47)),ISNUMBER(SEARCH("ÓLEO DE COCO",$B47)),ISNUMBER(SEARCH("COPRA",$B47))),"ÓLEO DE COCO",IF(ISNUMBER(SEARCH("CORANTE",$B47)),"CORANTE",TRIM($B47)))),CONFIG_PALLETS!$B:$B,$C47&" ml")>0,SUMIFS(CONFIG_PALLETS!$D:$D,CONFIG_PALLETS!$A:$A,IF(ISNUMBER(SEARCH("ESPUMA",$B47)),"ESPUMA",IF(OR(ISNUMBER(SEARCH("OLEO DE COCO",$B47)),ISNUMBER(SEARCH("ÓLEO DE COCO",$B47)),ISNUMBER(SEARCH("COPRA",$B47))),"ÓLEO DE COCO",IF(ISNUMBER(SEARCH("CORANTE",$B47)),"CORANTE",TRIM($B47)))),CONFIG_PALLETS!$B:$B,$C47&" ml"),IF(SUMIFS(CONFIG_PALLETS!$D:$D,CONFIG_PALLETS!$A:$A,"GERAL",CONFIG_PALLETS!$B:$B,$C47&" ml")>0,SUMIFS(CONFIG_PALLETS!$D:$D,CONFIG_PALLETS!$A:$A,"GERAL",CONFIG_PALLETS!$B:$B,$C47&" ml"),12))) | J47: =IF(D47="","",ROUNDUP(D47/IF(AND(C47="600 ml",ISNUMBER(SEARCH("NORCAU",B47))),95,IF(AND(C47="600 ml",ISNUMBER(SEARCH("APURATOS",B47))),190,IF(C47="600 ml",95,IF(C47="400 ml",125,IF(C47="200 ml",330,IF(C47="180 ml",240,1)))))),0)) | L47: =IF(H47="","",H47) | N47: =IF(I47="","",I47)
J48: =IF(D48="","",ROUNDUP(D48/IF(AND(C48="600 ml",ISNUMBER(SEARCH("NORCAU",B48))),95,IF(AND(C48="600 ml",ISNUMBER(SEARCH("APURATOS",B48))),190,IF(C48="600 ml",95,IF(C48="400 ml",125,IF(C48="200 ml",330,IF(C48="180 ml",240,1)))))),0)) | L48: =IF(H48="","",H48) | N48: =IF(I48="","",I48)
B49: TOTAL | D49: =SUM(D42:D48) -> 1603 | G49: =SUM(G42:G48) -> 9 | H49: =SUM(H42:H48) -> 1072 | I49: =SUM(I42:I48) -> 6432 | J49: =SUM(D44:D48) -> 1603 | K49: =SUM(G44:G48) -> 9 | L49: =SUM(H44:H48) -> 1072 | M49: =SUM(I44:I48) -> 6432 | N49: =IF(I49="","",I49) -> 6432 | O49: =SUM(N45:N48) -> 6432
J50: =IF(D50="","",ROUNDUP(D50/IF(AND(C50="600 ml",ISNUMBER(SEARCH("NORCAU",B50))),95,IF(AND(C50="600 ml",ISNUMBER(SEARCH("APURATOS",B50))),190,IF(C50="600 ml",95,IF(C50="400 ml",125,IF(C50="200 ml",330,IF(C50="180 ml",240,1)))))),0)) | L50: =IF(H50="","",H50) | N50: =IF(I50="","",I50)
A51: 46035 | B51: PRODUTO | C51: EMBALAGEM | D51: CAIXAS | E51: UN | F51: CX/PALLET | G51: PALLETS (PBR) | H51: REAL (CX) | I51: TOTAL LATAS
J52: =IF(D52="","",ROUNDUP(D52/IF(AND(C52="600 ml",ISNUMBER(SEARCH("NORCAU",B52))),95,IF(AND(C52="600 ml",ISNUMBER(SEARCH("APURATOS",B52))),190,IF(C52="600 ml",95,IF(C52="400 ml",125,IF(C52="200 ml",330,IF(C52="180 ml",240,1)))))),0)) | L52: =IF(H52="","",H52) | N52: =IF(I52="","",I52)
B53: PURATOS DESTAK | C53: 600 | D53: =D45-L45 -> 531 | E53: CX | F53: =IF($B53="","",IF(SUMIFS(CONFIG_PALLETS!$C:$C,CONFIG_PALLETS!$A:$A,TRIM($B53),CONFIG_PALLETS!$B:$B,$C53&" ml")>0,SUMIFS(CONFIG_PALLETS!$C:$C,CONFIG_PALLETS!$A:$A,TRIM($B53),CONFIG_PALLETS!$B:$B,$C53&" ml"),IF(SUMIFS(CONFIG_PALLETS!$C:$C,CONFIG_PALLETS!$A:$A,"GERAL",CONFIG_PALLETS!$B:$B,$C53&" ml")>0,SUMIFS(CONFIG_PALLETS!$C:$C,CONFIG_PALLETS!$A:$A,"GERAL",CONFIG_PALLETS!$B:$B,$C53&" ml"),""))) -> 190 | G53: =IFERROR(ROUNDUP(D53/F53,0),"") -> 3 | H53: 562 | I53: =IF(H53="","",H53*IF(SUMIFS(CONFIG_PALLETS!$D:$D,CONFIG_PALLETS!$A:$A,IF(ISNUMBER(SEARCH("ESPUMA",$B53)),"ESPUMA",IF(OR(ISNUMBER(SEARCH("OLEO DE COCO",$B53)),ISNUMBER(SEARCH("ÓLEO DE COCO",$B53)),ISNUMBER(SEARCH("COPRA",$B53))),"ÓLEO DE COCO",IF(ISNUMBER(SEARCH("CORANTE",$B53)),"CORANTE",TRIM($B53)))),CONFIG_PALLETS!$B:$B,$C53&" ml")>0,SUMIFS(CONFIG_PALLETS!$D:$D,CONFIG_PALLETS!$A:$A,IF(ISNUMBER(SEARCH("ESPUMA",$B53)),"ESPUMA",IF(OR(ISNUMBER(SEARCH("OLEO DE COCO",$B53)),ISNUMBER(SEARCH("ÓLEO DE COCO",$B53)),ISNUMBER(SEARCH("COPRA",$B53))),"ÓLEO DE COCO",IF(ISNUMBER(SEARCH("CORANTE",$B53)),"CORANTE",TRIM($B53)))),CONFIG_PALLETS!$B:$B,$C53&" ml"),IF(SUMIFS(CONFIG_PALLETS!$D:$D,CONFIG_PALLETS!$A:$A,"GERAL",CONFIG_PALLETS!$B:$B,$C53&" ml")>0,SUMIFS(CONFIG_PALLETS!$D:$D,CONFIG_PALLETS!$A:$A,"GERAL",CONFIG_PALLETS!$B:$B,$C53&" ml"),12))) -> 3372 | J53: =IF(D53="","",ROUNDUP(D53/IF(AND(C53="600 ml",ISNUMBER(SEARCH("NORCAU",B53))),95,IF(AND(C53="600 ml",ISNUMBER(SEARCH("APURATOS",B53))),190,IF(C53="600 ml",95,IF(C53="400 ml",125,IF(C53="200 ml",330,IF(C53="180 ml",240,1)))))),0)) -> 531 | L53: =IF(H53="","",H53) -> 562 | N53: =IF(I53="","",I53) -> 3372
E54: CX | F54: =IF($B54="","",IF(SUMIFS(CONFIG_PALLETS!$C:$C,CONFIG_PALLETS!$A:$A,TRIM($B54),CONFIG_PALLETS!$B:$B,$C54&" ml")>0,SUMIFS(CONFIG_PALLETS!$C:$C,CONFIG_PALLETS!$A:$A,TRIM($B54),CONFIG_PALLETS!$B:$B,$C54&" ml"),IF(SUMIFS(CONFIG_PALLETS!$C:$C,CONFIG_PALLETS!$A:$A,"GERAL",CONFIG_PALLETS!$B:$B,$C54&" ml")>0,SUMIFS(CONFIG_PALLETS!$C:$C,CONFIG_PALLETS!$A:$A,"GERAL",CONFIG_PALLETS!$B:$B,$C54&" ml"),""))) | G54: =IFERROR(ROUNDUP(D54/F54,0),"") | I54: =IF(H54="","",H54*IF(SUMIFS(CONFIG_PALLETS!$D:$D,CONFIG_PALLETS!$A:$A,IF(ISNUMBER(SEARCH("ESPUMA",$B54)),"ESPUMA",IF(OR(ISNUMBER(SEARCH("OLEO DE COCO",$B54)),ISNUMBER(SEARCH("ÓLEO DE COCO",$B54)),ISNUMBER(SEARCH("COPRA",$B54))),"ÓLEO DE COCO",IF(ISNUMBER(SEARCH("CORANTE",$B54)),"CORANTE",TRIM($B54)))),CONFIG_PALLETS!$B:$B,$C54&" ml")>0,SUMIFS(CONFIG_PALLETS!$D:$D,CONFIG_PALLETS!$A:$A,IF(ISNUMBER(SEARCH("ESPUMA",$B54)),"ESPUMA",IF(OR(ISNUMBER(SEARCH("OLEO DE COCO",$B54)),ISNUMBER(SEARCH("ÓLEO DE COCO",$B54)),ISNUMBER(SEARCH("COPRA",$B54))),"ÓLEO DE COCO",IF(ISNUMBER(SEARCH("CORANTE",$B54)),"CORANTE",TRIM($B54)))),CONFIG_PALLETS!$B:$B,$C54&" ml"),IF(SUMIFS(CONFIG_PALLETS!$D:$D,CONFIG_PALLETS!$A:$A,"GERAL",CONFIG_PALLETS!$B:$B,$C54&" ml")>0,SUMIFS(CONFIG_PALLETS!$D:$D,CONFIG_PALLETS!$A:$A,"GERAL",CONFIG_PALLETS!$B:$B,$C54&" ml"),12))) | J54: =IF(D54="","",ROUNDUP(D54/IF(AND(C54="600 ml",ISNUMBER(SEARCH("NORCAU",B54))),95,IF(AND(C54="600 ml",ISNUMBER(SEARCH("APURATOS",B54))),190,IF(C54="600 ml",95,IF(C54="400 ml",125,IF(C54="200 ml",330,IF(C54="180 ml",240,1)))))),0)) | L54: =IF(H54="","",H54) | N54: =IF(I54="","",I54)
B55: PURATOS DESTAK | C55: 5L | D55: 1140 | E55: CX | F55: =IF($B55="","",IF(SUMIFS(CONFIG_PALLETS!$C:$C,CONFIG_PALLETS!$A:$A,TRIM($B55),CONFIG_PALLETS!$B:$B,$C55&" ml")>0,SUMIFS(CONFIG_PALLETS!$C:$C,CONFIG_PALLETS!$A:$A,TRIM($B55),CONFIG_PALLETS!$B:$B,$C55&" ml"),IF(SUMIFS(CONFIG_PALLETS!$C:$C,CONFIG_PALLETS!$A:$A,"GERAL",CONFIG_PALLETS!$B:$B,$C55&" ml")>0,SUMIFS(CONFIG_PALLETS!$C:$C,CONFIG_PALLETS!$A:$A,"GERAL",CONFIG_PALLETS!$B:$B,$C55&" ml"),""))) | G55: =IFERROR(ROUNDUP(D55/F55,0),"") | H55: 240 | I55: =IF(H55="","",H55*IF(SUMIFS(CONFIG_PALLETS!$D:$D,CONFIG_PALLETS!$A:$A,IF(ISNUMBER(SEARCH("ESPUMA",$B55)),"ESPUMA",IF(OR(ISNUMBER(SEARCH("OLEO DE COCO",$B55)),ISNUMBER(SEARCH("ÓLEO DE COCO",$B55)),ISNUMBER(SEARCH("COPRA",$B55))),"ÓLEO DE COCO",IF(ISNUMBER(SEARCH("CORANTE",$B55)),"CORANTE",TRIM($B55)))),CONFIG_PALLETS!$B:$B,$C55&" ml")>0,SUMIFS(CONFIG_PALLETS!$D:$D,CONFIG_PALLETS!$A:$A,IF(ISNUMBER(SEARCH("ESPUMA",$B55)),"ESPUMA",IF(OR(ISNUMBER(SEARCH("OLEO DE COCO",$B55)),ISNUMBER(SEARCH("ÓLEO DE COCO",$B55)),ISNUMBER(SEARCH("COPRA",$B55))),"ÓLEO DE COCO",IF(ISNUMBER(SEARCH("CORANTE",$B55)),"CORANTE",TRIM($B55)))),CONFIG_PALLETS!$B:$B,$C55&" ml"),IF(SUMIFS(CONFIG_PALLETS!$D:$D,CONFIG_PALLETS!$A:$A,"GERAL",CONFIG_PALLETS!$B:$B,$C55&" ml")>0,SUMIFS(CONFIG_PALLETS!$D:$D,CONFIG_PALLETS!$A:$A,"GERAL",CONFIG_PALLETS!$B:$B,$C55&" ml"),12))) -> 2880 | J55: =IF(D55="","",ROUNDUP(D55/IF(AND(C55="600 ml",ISNUMBER(SEARCH("NORCAU",B55))),95,IF(AND(C55="600 ml",ISNUMBER(SEARCH("APURATOS",B55))),190,IF(C55="600 ml",95,IF(C55="400 ml",125,IF(C55="200 ml",330,IF(C55="180 ml",240,1)))))),0)) -> 1140 | L55: =IF(H55="","",H55) -> 240 | N55: =IF(I55="","",I55) -> 2880
J56: =IF(D56="","",ROUNDUP(D56/IF(AND(C56="600 ml",ISNUMBER(SEARCH("NORCAU",B56))),95,IF(AND(C56="600 ml",ISNUMBER(SEARCH("APURATOS",B56))),190,IF(C56="600 ml",95,IF(C56="400 ml",125,IF(C56="200 ml",330,IF(C56="180 ml",240,1)))))),0)) | L56: =IF(H56="","",H56) | N56: =IF(I56="","",I56)
B57: TOTAL | D57: =SUM(D50:D56) -> 1671 | G57: =SUM(G50:G56) -> 3 | H57: =SUM(H50:H56) -> 802 | I57: =SUM(I50:I56) -> 6252 | J57: =SUM(D52:D56) -> 1671 | K57: =SUM(G52:G56) -> 3 | L57: =SUM(H52:H56) -> 802 | M57: =SUM(I52:I56) -> 6252 | N57: =IF(I57="","",I57) -> 6252 | O57: =SUM(N53:N56) -> 6252
J58: =IF(D58="","",ROUNDUP(D58/IF(AND(C58="600 ml",ISNUMBER(SEARCH("NORCAU",B58))),95,IF(AND(C58="600 ml",ISNUMBER(SEARCH("APURATOS",B58))),190,IF(C58="600 ml",95,IF(C58="400 ml",125,IF(C58="200 ml",330,IF(C58="180 ml",240,1)))))),0)) | L58: =IF(H58="","",H58) | N58: =IF(I58="","",I58)
A59: 46036 | B59: PRODUTO | C59: EMBALAGEM | D59: CAIXAS | E59: UN | F59: CX/PALLET | G59: PALLETS (PBR) | H59: REAL (CX) | I59: TOTAL LATAS
J60: =IF(D60="","",ROUNDUP(D60/IF(AND(C60="600 ml",ISNUMBER(SEARCH("NORCAU",B60))),95,IF(AND(C60="600 ml",ISNUMBER(SEARCH("APURATOS",B60))),190,IF(C60="600 ml",95,IF(C60="400 ml",125,IF(C60="200 ml",330,IF(C60="180 ml",240,1)))))),0)) | L60: =IF(H60="","",H60) | N60: =IF(I60="","",I60)
B61: PURATOS DESTAK | C61: 5L | D61: =D55-L55 -> 900 | E61: CX | F61: =IF($B61="","",IF(SUMIFS(CONFIG_PALLETS!$C:$C,CONFIG_PALLETS!$A:$A,TRIM($B61),CONFIG_PALLETS!$B:$B,$C61&" ml")>0,SUMIFS(CONFIG_PALLETS!$C:$C,CONFIG_PALLETS!$A:$A,TRIM($B61),CONFIG_PALLETS!$B:$B,$C61&" ml"),IF(SUMIFS(CONFIG_PALLETS!$C:$C,CONFIG_PALLETS!$A:$A,"GERAL",CONFIG_PALLETS!$B:$B,$C61&" ml")>0,SUMIFS(CONFIG_PALLETS!$C:$C,CONFIG_PALLETS!$A:$A,"GERAL",CONFIG_PALLETS!$B:$B,$C61&" ml"),""))) | G61: =IFERROR(ROUNDUP(D61/F61,0),"") | H61: 900 | I61: =IF(H61="","",H61*IF(SUMIFS(CONFIG_PALLETS!$D:$D,CONFIG_PALLETS!$A:$A,IF(ISNUMBER(SEARCH("ESPUMA",$B61)),"ESPUMA",IF(OR(ISNUMBER(SEARCH("OLEO DE COCO",$B61)),ISNUMBER(SEARCH("ÓLEO DE COCO",$B61)),ISNUMBER(SEARCH("COPRA",$B61))),"ÓLEO DE COCO",IF(ISNUMBER(SEARCH("CORANTE",$B61)),"CORANTE",TRIM($B61)))),CONFIG_PALLETS!$B:$B,$C61&" ml")>0,SUMIFS(CONFIG_PALLETS!$D:$D,CONFIG_PALLETS!$A:$A,IF(ISNUMBER(SEARCH("ESPUMA",$B61)),"ESPUMA",IF(OR(ISNUMBER(SEARCH("OLEO DE COCO",$B61)),ISNUMBER(SEARCH("ÓLEO DE COCO",$B61)),ISNUMBER(SEARCH("COPRA",$B61))),"ÓLEO DE COCO",IF(ISNUMBER(SEARCH("CORANTE",$B61)),"CORANTE",TRIM($B61)))),CONFIG_PALLETS!$B:$B,$C61&" ml"),IF(SUMIFS(CONFIG_PALLETS!$D:$D,CONFIG_PALLETS!$A:$A,"GERAL",CONFIG_PALLETS!$B:$B,$C61&" ml")>0,SUMIFS(CONFIG_PALLETS!$D:$D,CONFIG_PALLETS!$A:$A,"GERAL",CONFIG_PALLETS!$B:$B,$C61&" ml"),12))) -> 10800 | J61: =IF(D61="","",ROUNDUP(D61/IF(AND(C61="600 ml",ISNUMBER(SEARCH("NORCAU",B61))),95,IF(AND(C61="600 ml",ISNUMBER(SEARCH("APURATOS",B61))),190,IF(C61="600 ml",95,IF(C61="400 ml",125,IF(C61="200 ml",330,IF(C61="180 ml",240,1)))))),0)) -> 900 | L61: =IF(H61="","",H61) -> 900 | N61: =IF(I61="","",I61) -> 10800
E62: CX | F62: =IF($B62="","",IF(SUMIFS(CONFIG_PALLETS!$C:$C,CONFIG_PALLETS!$A:$A,TRIM($B62),CONFIG_PALLETS!$B:$B,$C62&" ml")>0,SUMIFS(CONFIG_PALLETS!$C:$C,CONFIG_PALLETS!$A:$A,TRIM($B62),CONFIG_PALLETS!$B:$B,$C62&" ml"),IF(SUMIFS(CONFIG_PALLETS!$C:$C,CONFIG_PALLETS!$A:$A,"GERAL",CONFIG_PALLETS!$B:$B,$C62&" ml")>0,SUMIFS(CONFIG_PALLETS!$C:$C,CONFIG_PALLETS!$A:$A,"GERAL",CONFIG_PALLETS!$B:$B,$C62&" ml"),""))) | G62: =IFERROR(ROUNDUP(D62/F62,0),"") | I62: =IF(H62="","",H62*IF(SUMIFS(CONFIG_PALLETS!$D:$D,CONFIG_PALLETS!$A:$A,IF(ISNUMBER(SEARCH("ESPUMA",$B62)),"ESPUMA",IF(OR(ISNUMBER(SEARCH("OLEO DE COCO",$B62)),ISNUMBER(SEARCH("ÓLEO DE COCO",$B62)),ISNUMBER(SEARCH("COPRA",$B62))),"ÓLEO DE COCO",IF(ISNUMBER(SEARCH("CORANTE",$B62)),"CORANTE",TRIM($B62)))),CONFIG_PALLETS!$B:$B,$C62&" ml")>0,SUMIFS(CONFIG_PALLETS!$D:$D,CONFIG_PALLETS!$A:$A,IF(ISNUMBER(SEARCH("ESPUMA",$B62)),"ESPUMA",IF(OR(ISNUMBER(SEARCH("OLEO DE COCO",$B62)),ISNUMBER(SEARCH("ÓLEO DE COCO",$B62)),ISNUMBER(SEARCH("COPRA",$B62))),"ÓLEO DE COCO",IF(ISNUMBER(SEARCH("CORANTE",$B62)),"CORANTE",TRIM($B62)))),CONFIG_PALLETS!$B:$B,$C62&" ml"),IF(SUMIFS(CONFIG_PALLETS!$D:$D,CONFIG_PALLETS!$A:$A,"GERAL",CONFIG_PALLETS!$B:$B,$C62&" ml")>0,SUMIFS(CONFIG_PALLETS!$D:$D,CONFIG_PALLETS!$A:$A,"GERAL",CONFIG_PALLETS!$B:$B,$C62&" ml"),12))) | J62: =IF(D62="","",ROUNDUP(D62/IF(AND(C62="600 ml",ISNUMBER(SEARCH("NORCAU",B62))),95,IF(AND(C62="600 ml",ISNUMBER(SEARCH("APURATOS",B62))),190,IF(C62="600 ml",95,IF(C62="400 ml",125,IF(C62="200 ml",330,IF(C62="180 ml",240,1)))))),0)) | L62: =IF(H62="","",H62) | N62: =IF(I62="","",I62)
E63: CX | F63: =IF($B63="","",IF(SUMIFS(CONFIG_PALLETS!$C:$C,CONFIG_PALLETS!$A:$A,TRIM($B63),CONFIG_PALLETS!$B:$B,$C63&" ml")>0,SUMIFS(CONFIG_PALLETS!$C:$C,CONFIG_PALLETS!$A:$A,TRIM($B63),CONFIG_PALLETS!$B:$B,$C63&" ml"),IF(SUMIFS(CONFIG_PALLETS!$C:$C,CONFIG_PALLETS!$A:$A,"GERAL",CONFIG_PALLETS!$B:$B,$C63&" ml")>0,SUMIFS(CONFIG_PALLETS!$C:$C,CONFIG_PALLETS!$A:$A,"GERAL",CONFIG_PALLETS!$B:$B,$C63&" ml"),""))) | G63: =IFERROR(ROUNDUP(D63/F63,0),"") | I63: =IF(H63="","",H63*IF(SUMIFS(CONFIG_PALLETS!$D:$D,CONFIG_PALLETS!$A:$A,IF(ISNUMBER(SEARCH("ESPUMA",$B63)),"ESPUMA",IF(OR(ISNUMBER(SEARCH("OLEO DE COCO",$B63)),ISNUMBER(SEARCH("ÓLEO DE COCO",$B63)),ISNUMBER(SEARCH("COPRA",$B63))),"ÓLEO DE COCO",IF(ISNUMBER(SEARCH("CORANTE",$B63)),"CORANTE",TRIM($B63)))),CONFIG_PALLETS!$B:$B,$C63&" ml")>0,SUMIFS(CONFIG_PALLETS!$D:$D,CONFIG_PALLETS!$A:$A,IF(ISNUMBER(SEARCH("ESPUMA",$B63)),"ESPUMA",IF(OR(ISNUMBER(SEARCH("OLEO DE COCO",$B63)),ISNUMBER(SEARCH("ÓLEO DE COCO",$B63)),ISNUMBER(SEARCH("COPRA",$B63))),"ÓLEO DE COCO",IF(ISNUMBER(SEARCH("CORANTE",$B63)),"CORANTE",TRIM($B63)))),CONFIG_PALLETS!$B:$B,$C63&" ml"),IF(SUMIFS(CONFIG_PALLETS!$D:$D,CONFIG_PALLETS!$A:$A,"GERAL",CONFIG_PALLETS!$B:$B,$C63&" ml")>0,SUMIFS(CONFIG_PALLETS!$D:$D,CONFIG_PALLETS!$A:$A,"GERAL",CONFIG_PALLETS!$B:$B,$C63&" ml"),12))) | J63: =IF(D63="","",ROUNDUP(D63/IF(AND(C63="600 ml",ISNUMBER(SEARCH("NORCAU",B63))),95,IF(AND(C63="600 ml",ISNUMBER(SEARCH("APURATOS",B63))),190,IF(C63="600 ml",95,IF(C63="400 ml",125,IF(C63="200 ml",330,IF(C63="180 ml",240,1)))))),0)) | L63: =IF(H63="","",H63) | N63: =IF(I63="","",I63)
J64: =IF(D64="","",ROUNDUP(D64/IF(AND(C64="600 ml",ISNUMBER(SEARCH("NORCAU",B64))),95,IF(AND(C64="600 ml",ISNUMBER(SEARCH("APURATOS",B64))),190,IF(C64="600 ml",95,IF(C64="400 ml",125,IF(C64="200 ml",330,IF(C64="180 ml",240,1)))))),0)) | L64: =IF(H64="","",H64) | N64: =IF(I64="","",I64)
B65: TOTAL | D65: =SUM(D58:D64) -> 900 | G65: =SUM(G58:G64) -> 0 | H65: =SUM(H58:H64) -> 900 | I65: =SUM(I58:I64) -> 10800 | J65: =SUM(D60:D64) -> 900 | K65: =SUM(G60:G64) -> 0 | L65: =SUM(H60:H64) -> 900 | M65: =SUM(I60:I64) -> 10800 | N65: =IF(I65="","",I65) -> 10800 | O65: =SUM(N61:N64) -> 10800
J66: =IF(D66="","",ROUNDUP(D66/IF(AND(C66="600 ml",ISNUMBER(SEARCH("NORCAU",B66))),95,IF(AND(C66="600 ml",ISNUMBER(SEARCH("APURATOS",B66))),190,IF(C66="600 ml",95,IF(C66="400 ml",125,IF(C66="200 ml",330,IF(C66="180 ml",240,1)))))),0)) | L66: =IF(H66="","",H66) | N66: =IF(I66="","",I66)
A67: 46037 | B67: PRODUTO | C67: EMBALAGEM | D67: CAIXAS | E67: UN | F67: CX/PALLET | G67: PALLETS (PBR) | H67: REAL (CX) | I67: TOTAL LATAS
J68: =IF(D68="","",ROUNDUP(D68/IF(AND(C68="600 ml",ISNUMBER(SEARCH("NORCAU",B68))),95,IF(AND(C68="600 ml",ISNUMBER(SEARCH("APURATOS",B68))),190,IF(C68="600 ml",95,IF(C68="400 ml",125,IF(C68="200 ml",330,IF(C68="180 ml",240,1)))))),0)) | L68: =IF(H68="","",H68) | N68: =IF(I68="","",I68)
B69: ITAIQUARA | C69: 600 | D69: 190 | E69: CX | F69: =IF($B69="","",IF(SUMIFS(CONFIG_PALLETS!$C:$C,CONFIG_PALLETS!$A:$A,TRIM($B69),CONFIG_PALLETS!$B:$B,$C69&" ml")>0,SUMIFS(CONFIG_PALLETS!$C:$C,CONFIG_PALLETS!$A:$A,TRIM($B69),CONFIG_PALLETS!$B:$B,$C69&" ml"),IF(SUMIFS(CONFIG_PALLETS!$C:$C,CONFIG_PALLETS!$A:$A,"GERAL",CONFIG_PALLETS!$B:$B,$C69&" ml")>0,SUMIFS(CONFIG_PALLETS!$C:$C,CONFIG_PALLETS!$A:$A,"GERAL",CONFIG_PALLETS!$B:$B,$C69&" ml"),""))) -> 95 | G69: =IFERROR(ROUNDUP(D69/F69,0),"") -> 2 | H69: 190 | I69: =IF(H69="","",H69*IF(SUMIFS(CONFIG_PALLETS!$D:$D,CONFIG_PALLETS!$A:$A,IF(ISNUMBER(SEARCH("ESPUMA",$B69)),"ESPUMA",IF(OR(ISNUMBER(SEARCH("OLEO DE COCO",$B69)),ISNUMBER(SEARCH("ÓLEO DE COCO",$B69)),ISNUMBER(SEARCH("COPRA",$B69))),"ÓLEO DE COCO",IF(ISNUMBER(SEARCH("CORANTE",$B69)),"CORANTE",TRIM($B69)))),CONFIG_PALLETS!$B:$B,$C69&" ml")>0,SUMIFS(CONFIG_PALLETS!$D:$D,CONFIG_PALLETS!$A:$A,IF(ISNUMBER(SEARCH("ESPUMA",$B69)),"ESPUMA",IF(OR(ISNUMBER(SEARCH("OLEO DE COCO",$B69)),ISNUMBER(SEARCH("ÓLEO DE COCO",$B69)),ISNUMBER(SEARCH("COPRA",$B69))),"ÓLEO DE COCO",IF(ISNUMBER(SEARCH("CORANTE",$B69)),"CORANTE",TRIM($B69)))),CONFIG_PALLETS!$B:$B,$C69&" ml"),IF(SUMIFS(CONFIG_PALLETS!$D:$D,CONFIG_PALLETS!$A:$A,"GERAL",CONFIG_PALLETS!$B:$B,$C69&" ml")>0,SUMIFS(CONFIG_PALLETS!$D:$D,CONFIG_PALLETS!$A:$A,"GERAL",CONFIG_PALLETS!$B:$B,$C69&" ml"),12))) -> 2280 | J69: =IF(D69="","",ROUNDUP(D69/IF(AND(C69="600 ml",ISNUMBER(SEARCH("NORCAU",B69))),95,IF(AND(C69="600 ml",ISNUMBER(SEARCH("APURATOS",B69))),190,IF(C69="600 ml",95,IF(C69="400 ml",125,IF(C69="200 ml",330,IF(C69="180 ml",240,1)))))),0)) -> 190 | L69: =IF(H69="","",H69) -> 190 | N69: =IF(I69="","",I69) -> 2280
B70: ALLBREAD | C70: 600 | D70: 768 | E70: CX | F70: =IF($B70="","",IF(SUMIFS(CONFIG_PALLETS!$C:$C,CONFIG_PALLETS!$A:$A,TRIM($B70),CONFIG_PALLETS!$B:$B,$C70&" ml")>0,SUMIFS(CONFIG_PALLETS!$C:$C,CONFIG_PALLETS!$A:$A,TRIM($B70),CONFIG_PALLETS!$B:$B,$C70&" ml"),IF(SUMIFS(CONFIG_PALLETS!$C:$C,CONFIG_PALLETS!$A:$A,"GERAL",CONFIG_PALLETS!$B:$B,$C70&" ml")>0,SUMIFS(CONFIG_PALLETS!$C:$C,CONFIG_PALLETS!$A:$A,"GERAL",CONFIG_PALLETS!$B:$B,$C70&" ml"),""))) -> 95 | G70: =IFERROR(ROUNDUP(D70/F70,0),"") -> 9 | H70: 216 | I70: =IF(H70="","",H70*IF(SUMIFS(CONFIG_PALLETS!$D:$D,CONFIG_PALLETS!$A:$A,IF(ISNUMBER(SEARCH("ESPUMA",$B70)),"ESPUMA",IF(OR(ISNUMBER(SEARCH("OLEO DE COCO",$B70)),ISNUMBER(SEARCH("ÓLEO DE COCO",$B70)),ISNUMBER(SEARCH("COPRA",$B70))),"ÓLEO DE COCO",IF(ISNUMBER(SEARCH("CORANTE",$B70)),"CORANTE",TRIM($B70)))),CONFIG_PALLETS!$B:$B,$C70&" ml")>0,SUMIFS(CONFIG_PALLETS!$D:$D,CONFIG_PALLETS!$A:$A,IF(ISNUMBER(SEARCH("ESPUMA",$B70)),"ESPUMA",IF(OR(ISNUMBER(SEARCH("OLEO DE COCO",$B70)),ISNUMBER(SEARCH("ÓLEO DE COCO",$B70)),ISNUMBER(SEARCH("COPRA",$B70))),"ÓLEO DE COCO",IF(ISNUMBER(SEARCH("CORANTE",$B70)),"CORANTE",TRIM($B70)))),CONFIG_PALLETS!$B:$B,$C70&" ml"),IF(SUMIFS(CONFIG_PALLETS!$D:$D,CONFIG_PALLETS!$A:$A,"GERAL",CONFIG_PALLETS!$B:$B,$C70&" ml")>0,SUMIFS(CONFIG_PALLETS!$D:$D,CONFIG_PALLETS!$A:$A,"GERAL",CONFIG_PALLETS!$B:$B,$C70&" ml"),12))) -> 2592 | J70: =IF(D70="","",ROUNDUP(D70/IF(AND(C70="600 ml",ISNUMBER(SEARCH("NORCAU",B70))),95,IF(AND(C70="600 ml",ISNUMBER(SEARCH("APURATOS",B70))),190,IF(C70="600 ml",95,IF(C70="400 ml",125,IF(C70="200 ml",330,IF(C70="180 ml",240,1)))))),0)) -> 768 | L70: =IF(H70="","",H70) -> 216 | N70: =IF(I70="","",I70) -> 2592
E71: CX | F71: =IF($B71="","",IF(SUMIFS(CONFIG_PALLETS!$C:$C,CONFIG_PALLETS!$A:$A,TRIM($B71),CONFIG_PALLETS!$B:$B,$C71&" ml")>0,SUMIFS(CONFIG_PALLETS!$C:$C,CONFIG_PALLETS!$A:$A,TRIM($B71),CONFIG_PALLETS!$B:$B,$C71&" ml"),IF(SUMIFS(CONFIG_PALLETS!$C:$C,CONFIG_PALLETS!$A:$A,"GERAL",CONFIG_PALLETS!$B:$B,$C71&" ml")>0,SUMIFS(CONFIG_PALLETS!$C:$C,CONFIG_PALLETS!$A:$A,"GERAL",CONFIG_PALLETS!$B:$B,$C71&" ml"),""))) | G71: =IFERROR(ROUNDUP(D71/F71,0),"") | I71: =IF(H71="","",H71*IF(SUMIFS(CONFIG_PALLETS!$D:$D,CONFIG_PALLETS!$A:$A,IF(ISNUMBER(SEARCH("ESPUMA",$B71)),"ESPUMA",IF(OR(ISNUMBER(SEARCH("OLEO DE COCO",$B71)),ISNUMBER(SEARCH("ÓLEO DE COCO",$B71)),ISNUMBER(SEARCH("COPRA",$B71))),"ÓLEO DE COCO",IF(ISNUMBER(SEARCH("CORANTE",$B71)),"CORANTE",TRIM($B71)))),CONFIG_PALLETS!$B:$B,$C71&" ml")>0,SUMIFS(CONFIG_PALLETS!$D:$D,CONFIG_PALLETS!$A:$A,IF(ISNUMBER(SEARCH("ESPUMA",$B71)),"ESPUMA",IF(OR(ISNUMBER(SEARCH("OLEO DE COCO",$B71)),ISNUMBER(SEARCH("ÓLEO DE COCO",$B71)),ISNUMBER(SEARCH("COPRA",$B71))),"ÓLEO DE COCO",IF(ISNUMBER(SEARCH("CORANTE",$B71)),"CORANTE",TRIM($B71)))),CONFIG_PALLETS!$B:$B,$C71&" ml"),IF(SUMIFS(CONFIG_PALLETS!$D:$D,CONFIG_PALLETS!$A:$A,"GERAL",CONFIG_PALLETS!$B:$B,$C71&" ml")>0,SUMIFS(CONFIG_PALLETS!$D:$D,CONFIG_PALLETS!$A:$A,"GERAL",CONFIG_PALLETS!$B:$B,$C71&" ml"),12))) | J71: =IF(D71="","",ROUNDUP(D71/IF(AND(C71="600 ml",ISNUMBER(SEARCH("NORCAU",B71))),95,IF(AND(C71="600 ml",ISNUMBER(SEARCH("APURATOS",B71))),190,IF(C71="600 ml",95,IF(C71="400 ml",125,IF(C71="200 ml",330,IF(C71="180 ml",240,1)))))),0)) | L71: =IF(H71="","",H71) | N71: =IF(I71="","",I71)
E72: CX | F72: =IF($B72="","",IF(SUMIFS(CONFIG_PALLETS!$C:$C,CONFIG_PALLETS!$A:$A,TRIM($B72),CONFIG_PALLETS!$B:$B,$C72&" ml")>0,SUMIFS(CONFIG_PALLETS!$C:$C,CONFIG_PALLETS!$A:$A,TRIM($B72),CONFIG_PALLETS!$B:$B,$C72&" ml"),IF(SUMIFS(CONFIG_PALLETS!$C:$C,CONFIG_PALLETS!$A:$A,"GERAL",CONFIG_PALLETS!$B:$B,$C72&" ml")>0,SUMIFS(CONFIG_PALLETS!$C:$C,CONFIG_PALLETS!$A:$A,"GERAL",CONFIG_PALLETS!$B:$B,$C72&" ml"),""))) | G72: =IFERROR(ROUNDUP(D72/F72,0),"") | I72: =IF(H72="","",H72*IF(SUMIFS(CONFIG_PALLETS!$D:$D,CONFIG_PALLETS!$A:$A,IF(ISNUMBER(SEARCH("ESPUMA",$B72)),"ESPUMA",IF(OR(ISNUMBER(SEARCH("OLEO DE COCO",$B72)),ISNUMBER(SEARCH("ÓLEO DE COCO",$B72)),ISNUMBER(SEARCH("COPRA",$B72))),"ÓLEO DE COCO",IF(ISNUMBER(SEARCH("CORANTE",$B72)),"CORANTE",TRIM($B72)))),CONFIG_PALLETS!$B:$B,$C72&" ml")>0,SUMIFS(CONFIG_PALLETS!$D:$D,CONFIG_PALLETS!$A:$A,IF(ISNUMBER(SEARCH("ESPUMA",$B72)),"ESPUMA",IF(OR(ISNUMBER(SEARCH("OLEO DE COCO",$B72)),ISNUMBER(SEARCH("ÓLEO DE COCO",$B72)),ISNUMBER(SEARCH("COPRA",$B72))),"ÓLEO DE COCO",IF(ISNUMBER(SEARCH("CORANTE",$B72)),"CORANTE",TRIM($B72)))),CONFIG_PALLETS!$B:$B,$C72&" ml"),IF(SUMIFS(CONFIG_PALLETS!$D:$D,CONFIG_PALLETS!$A:$A,"GERAL",CONFIG_PALLETS!$B:$B,$C72&" ml")>0,SUMIFS(CONFIG_PALLETS!$D:$D,CONFIG_PALLETS!$A:$A,"GERAL",CONFIG_PALLETS!$B:$B,$C72&" ml"),12))) | J72: =IF(D72="","",ROUNDUP(D72/IF(AND(C72="600 ml",ISNUMBER(SEARCH("NORCAU",B72))),95,IF(AND(C72="600 ml",ISNUMBER(SEARCH("APURATOS",B72))),190,IF(C72="600 ml",95,IF(C72="400 ml",125,IF(C72="200 ml",330,IF(C72="180 ml",240,1)))))),0)) | L72: =IF(H72="","",H72) | N72: =IF(I72="","",I72)
J73: =IF(D73="","",ROUNDUP(D73/IF(AND(C73="600 ml",ISNUMBER(SEARCH("NORCAU",B73))),95,IF(AND(C73="600 ml",ISNUMBER(SEARCH("APURATOS",B73))),190,IF(C73="600 ml",95,IF(C73="400 ml",125,IF(C73="200 ml",330,IF(C73="180 ml",240,1)))))),0)) | L73: =IF(H73="","",H73) | N73: =IF(I73="","",I73)
B74: TOTAL | D74: =SUM(D67:D73) -> 958 | G74: =SUM(G67:G73) -> 11 | H74: =SUM(H67:H73) -> 406 | I74: =SUM(I67:I73) -> 4872 | J74: =SUM(D68:D73) -> 958 | K74: =SUM(G68:G73) -> 11 | L74: =SUM(H68:H73) -> 406 | M74: =SUM(I68:I73) -> 4872 | N74: =IF(I74="","",I74) -> 4872 | O74: =SUM(N69:N73) -> 4872
J75: =IF(D75="","",ROUNDUP(D75/IF(AND(C75="600 ml",ISNUMBER(SEARCH("NORCAU",B75))),95,IF(AND(C75="600 ml",ISNUMBER(SEARCH("APURATOS",B75))),190,IF(C75="600 ml",95,IF(C75="400 ml",125,IF(C75="200 ml",330,IF(C75="180 ml",240,1)))))),0)) | L75: =IF(H75="","",H75) | N75: =IF(I75="","",I75)
A76: 46038 | B76: PRODUTO | C76: EMBALAGEM | D76: CAIXAS | E76: UN | F76: CX/PALLET | G76: PALLETS (PBR) | H76: REAL (CX) | I76: TOTAL LATAS
J77: =IF(D77="","",ROUNDUP(D77/IF(AND(C77="600 ml",ISNUMBER(SEARCH("NORCAU",B77))),95,IF(AND(C77="600 ml",ISNUMBER(SEARCH("APURATOS",B77))),190,IF(C77="600 ml",95,IF(C77="400 ml",125,IF(C77="200 ml",330,IF(C77="180 ml",240,1)))))),0)) | L77: =IF(H77="","",H77) | N77: =IF(I77="","",I77)
B78: ALLBREAD | C78: 600 | D78: =D70-L70 -> 552 | E78: CX | F78: =IF($B78="","",IF(SUMIFS(CONFIG_PALLETS!$C:$C,CONFIG_PALLETS!$A:$A,TRIM($B78),CONFIG_PALLETS!$B:$B,$C78&" ml")>0,SUMIFS(CONFIG_PALLETS!$C:$C,CONFIG_PALLETS!$A:$A,TRIM($B78),CONFIG_PALLETS!$B:$B,$C78&" ml"),IF(SUMIFS(CONFIG_PALLETS!$C:$C,CONFIG_PALLETS!$A:$A,"GERAL",CONFIG_PALLETS!$B:$B,$C78&" ml")>0,SUMIFS(CONFIG_PALLETS!$C:$C,CONFIG_PALLETS!$A:$A,"GERAL",CONFIG_PALLETS!$B:$B,$C78&" ml"),""))) -> 95 | G78: =IFERROR(ROUNDUP(D78/F78,0),"") -> 6 | H78: 552 | I78: =IF(H78="","",H78*IF(SUMIFS(CONFIG_PALLETS!$D:$D,CONFIG_PALLETS!$A:$A,IF(ISNUMBER(SEARCH("ESPUMA",$B78)),"ESPUMA",IF(OR(ISNUMBER(SEARCH("OLEO DE COCO",$B78)),ISNUMBER(SEARCH("ÓLEO DE COCO",$B78)),ISNUMBER(SEARCH("COPRA",$B78))),"ÓLEO DE COCO",IF(ISNUMBER(SEARCH("CORANTE",$B78)),"CORANTE",TRIM($B78)))),CONFIG_PALLETS!$B:$B,$C78&" ml")>0,SUMIFS(CONFIG_PALLETS!$D:$D,CONFIG_PALLETS!$A:$A,IF(ISNUMBER(SEARCH("ESPUMA",$B78)),"ESPUMA",IF(OR(ISNUMBER(SEARCH("OLEO DE COCO",$B78)),ISNUMBER(SEARCH("ÓLEO DE COCO",$B78)),ISNUMBER(SEARCH("COPRA",$B78))),"ÓLEO DE COCO",IF(ISNUMBER(SEARCH("CORANTE",$B78)),"CORANTE",TRIM($B78)))),CONFIG_PALLETS!$B:$B,$C78&" ml"),IF(SUMIFS(CONFIG_PALLETS!$D:$D,CONFIG_PALLETS!$A:$A,"GERAL",CONFIG_PALLETS!$B:$B,$C78&" ml")>0,SUMIFS(CONFIG_PALLETS!$D:$D,CONFIG_PALLETS!$A:$A,"GERAL",CONFIG_PALLETS!$B:$B,$C78&" ml"),12))) -> 6624 | J78: =IF(D78="","",ROUNDUP(D78/IF(AND(C78="600 ml",ISNUMBER(SEARCH("NORCAU",B78))),95,IF(AND(C78="600 ml",ISNUMBER(SEARCH("APURATOS",B78))),190,IF(C78="600 ml",95,IF(C78="400 ml",125,IF(C78="200 ml",330,IF(C78="180 ml",240,1)))))),0)) -> 552 | L78: =IF(H78="","",H78) -> 552 | N78: =IF(I78="","",I78) -> 6624
B79: PURATOS DESTAK | C79: 600 | D79: 950 | E79: CX | F79: =IF($B79="","",IF(SUMIFS(CONFIG_PALLETS!$C:$C,CONFIG_PALLETS!$A:$A,TRIM($B79),CONFIG_PALLETS!$B:$B,$C79&" ml")>0,SUMIFS(CONFIG_PALLETS!$C:$C,CONFIG_PALLETS!$A:$A,TRIM($B79),CONFIG_PALLETS!$B:$B,$C79&" ml"),IF(SUMIFS(CONFIG_PALLETS!$C:$C,CONFIG_PALLETS!$A:$A,"GERAL",CONFIG_PALLETS!$B:$B,$C79&" ml")>0,SUMIFS(CONFIG_PALLETS!$C:$C,CONFIG_PALLETS!$A:$A,"GERAL",CONFIG_PALLETS!$B:$B,$C79&" ml"),""))) -> 190 | G79: =IFERROR(ROUNDUP(D79/F79,0),"") -> 5 | H79: 559 | I79: =IF(H79="","",H79*IF(SUMIFS(CONFIG_PALLETS!$D:$D,CONFIG_PALLETS!$A:$A,IF(ISNUMBER(SEARCH("ESPUMA",$B79)),"ESPUMA",IF(OR(ISNUMBER(SEARCH("OLEO DE COCO",$B79)),ISNUMBER(SEARCH("ÓLEO DE COCO",$B79)),ISNUMBER(SEARCH("COPRA",$B79))),"ÓLEO DE COCO",IF(ISNUMBER(SEARCH("CORANTE",$B79)),"CORANTE",TRIM($B79)))),CONFIG_PALLETS!$B:$B,$C79&" ml")>0,SUMIFS(CONFIG_PALLETS!$D:$D,CONFIG_PALLETS!$A:$A,IF(ISNUMBER(SEARCH("ESPUMA",$B79)),"ESPUMA",IF(OR(ISNUMBER(SEARCH("OLEO DE COCO",$B79)),ISNUMBER(SEARCH("ÓLEO DE COCO",$B79)),ISNUMBER(SEARCH("COPRA",$B79))),"ÓLEO DE COCO",IF(ISNUMBER(SEARCH("CORANTE",$B79)),"CORANTE",TRIM($B79)))),CONFIG_PALLETS!$B:$B,$C79&" ml"),IF(SUMIFS(CONFIG_PALLETS!$D:$D,CONFIG_PALLETS!$A:$A,"GERAL",CONFIG_PALLETS!$B:$B,$C79&" ml")>0,SUMIFS(CONFIG_PALLETS!$D:$D,CONFIG_PALLETS!$A:$A,"GERAL",CONFIG_PALLETS!$B:$B,$C79&" ml"),12))) -> 3354 | J79: =IF(D79="","",ROUNDUP(D79/IF(AND(C79="600 ml",ISNUMBER(SEARCH("NORCAU",B79))),95,IF(AND(C79="600 ml",ISNUMBER(SEARCH("APURATOS",B79))),190,IF(C79="600 ml",95,IF(C79="400 ml",125,IF(C79="200 ml",330,IF(C79="180 ml",240,1)))))),0)) -> 950 | L79: =IF(H79="","",H79) -> 559 | N79: =IF(I79="","",I79) -> 3354
E80: CX | F80: =IF($B80="","",IF(SUMIFS(CONFIG_PALLETS!$C:$C,CONFIG_PALLETS!$A:$A,TRIM($B80),CONFIG_PALLETS!$B:$B,$C80&" ml")>0,SUMIFS(CONFIG_PALLETS!$C:$C,CONFIG_PALLETS!$A:$A,TRIM($B80),CONFIG_PALLETS!$B:$B,$C80&" ml"),IF(SUMIFS(CONFIG_PALLETS!$C:$C,CONFIG_PALLETS!$A:$A,"GERAL",CONFIG_PALLETS!$B:$B,$C80&" ml")>0,SUMIFS(CONFIG_PALLETS!$C:$C,CONFIG_PALLETS!$A:$A,"GERAL",CONFIG_PALLETS!$B:$B,$C80&" ml"),""))) | G80: =IFERROR(ROUNDUP(D80/F80,0),"") | I80: =IF(H80="","",H80*IF(SUMIFS(CONFIG_PALLETS!$D:$D,CONFIG_PALLETS!$A:$A,IF(ISNUMBER(SEARCH("ESPUMA",$B80)),"ESPUMA",IF(OR(ISNUMBER(SEARCH("OLEO DE COCO",$B80)),ISNUMBER(SEARCH("ÓLEO DE COCO",$B80)),ISNUMBER(SEARCH("COPRA",$B80))),"ÓLEO DE COCO",IF(ISNUMBER(SEARCH("CORANTE",$B80)),"CORANTE",TRIM($B80)))),CONFIG_PALLETS!$B:$B,$C80&" ml")>0,SUMIFS(CONFIG_PALLETS!$D:$D,CONFIG_PALLETS!$A:$A,IF(ISNUMBER(SEARCH("ESPUMA",$B80)),"ESPUMA",IF(OR(ISNUMBER(SEARCH("OLEO DE COCO",$B80)),ISNUMBER(SEARCH("ÓLEO DE COCO",$B80)),ISNUMBER(SEARCH("COPRA",$B80))),"ÓLEO DE COCO",IF(ISNUMBER(SEARCH("CORANTE",$B80)),"CORANTE",TRIM($B80)))),CONFIG_PALLETS!$B:$B,$C80&" ml"),IF(SUMIFS(CONFIG_PALLETS!$D:$D,CONFIG_PALLETS!$A:$A,"GERAL",CONFIG_PALLETS!$B:$B,$C80&" ml")>0,SUMIFS(CONFIG_PALLETS!$D:$D,CONFIG_PALLETS!$A:$A,"GERAL",CONFIG_PALLETS!$B:$B,$C80&" ml"),12))) | J80: =IF(D80="","",ROUNDUP(D80/IF(AND(C80="600 ml",ISNUMBER(SEARCH("NORCAU",B80))),95,IF(AND(C80="600 ml",ISNUMBER(SEARCH("APURATOS",B80))),190,IF(C80="600 ml",95,IF(C80="400 ml",125,IF(C80="200 ml",330,IF(C80="180 ml",240,1)))))),0)) | L80: =IF(H80="","",H80) | N80: =IF(I80="","",I80)
J81: =IF(D81="","",ROUNDUP(D81/IF(AND(C81="600 ml",ISNUMBER(SEARCH("NORCAU",B81))),95,IF(AND(C81="600 ml",ISNUMBER(SEARCH("APURATOS",B81))),190,IF(C81="600 ml",95,IF(C81="400 ml",125,IF(C81="200 ml",330,IF(C81="180 ml",240,1)))))),0)) | L81: =IF(H81="","",H81) | N81: =IF(I81="","",I81)
B82: TOTAL | D82: =SUM(D75:D81) -> 1502 | G82: =SUM(G75:G81) -> 11 | H82: =SUM(H75:H81) -> 1111 | I82: =SUM(I75:I81) -> 9978 | J82: =SUM(D77:D81) -> 1502 | K82: =SUM(G77:G81) -> 11 | L82: =SUM(H77:H81) -> 1111 | M82: =SUM(I77:I81) -> 9978 | N82: =IF(I82="","",I82) -> 9978 | O82: =SUM(N78:N81) -> 9978
J83: =IF(D83="","",ROUNDUP(D83/IF(AND(C83="600 ml",ISNUMBER(SEARCH("NORCAU",B83))),95,IF(AND(C83="600 ml",ISNUMBER(SEARCH("APURATOS",B83))),190,IF(C83="600 ml",95,IF(C83="400 ml",125,IF(C83="200 ml",330,IF(C83="180 ml",240,1)))))),0)) | L83: =IF(H83="","",H83) | N83: =IF(I83="","",I83)
A84: 46041 | B84: PRODUTO | C84: EMBALAGEM | D84: CAIXAS | E84: UN | F84: CX/PALLET | G84: PALLETS (PBR) | H84: REAL (CX) | I84: TOTAL LATAS
J85: =IF(D85="","",ROUNDUP(D85/IF(AND(C85="600 ml",ISNUMBER(SEARCH("NORCAU",B85))),95,IF(AND(C85="600 ml",ISNUMBER(SEARCH("APURATOS",B85))),190,IF(C85="600 ml",95,IF(C85="400 ml",125,IF(C85="200 ml",330,IF(C85="180 ml",240,1)))))),0)) | L85: =IF(H85="","",H85) | N85: =IF(I85="","",I85)
B86: PURATOS DESTAK | C86: 600 | D86: =D79-L79 -> 391 | E86: CX | F86: =IF($B86="","",IF(SUMIFS(CONFIG_PALLETS!$C:$C,CONFIG_PALLETS!$A:$A,TRIM($B86),CONFIG_PALLETS!$B:$B,$C86&" ml")>0,SUMIFS(CONFIG_PALLETS!$C:$C,CONFIG_PALLETS!$A:$A,TRIM($B86),CONFIG_PALLETS!$B:$B,$C86&" ml"),IF(SUMIFS(CONFIG_PALLETS!$C:$C,CONFIG_PALLETS!$A:$A,"GERAL",CONFIG_PALLETS!$B:$B,$C86&" ml")>0,SUMIFS(CONFIG_PALLETS!$C:$C,CONFIG_PALLETS!$A:$A,"GERAL",CONFIG_PALLETS!$B:$B,$C86&" ml"),""))) -> 190 | G86: =IFERROR(ROUNDUP(D86/F86,0),"") -> 3 | H86: 400 | I86: =IF(H86="","",H86*IF(SUMIFS(CONFIG_PALLETS!$D:$D,CONFIG_PALLETS!$A:$A,IF(ISNUMBER(SEARCH("ESPUMA",$B86)),"ESPUMA",IF(OR(ISNUMBER(SEARCH("OLEO DE COCO",$B86)),ISNUMBER(SEARCH("ÓLEO DE COCO",$B86)),ISNUMBER(SEARCH("COPRA",$B86))),"ÓLEO DE COCO",IF(ISNUMBER(SEARCH("CORANTE",$B86)),"CORANTE",TRIM($B86)))),CONFIG_PALLETS!$B:$B,$C86&" ml")>0,SUMIFS(CONFIG_PALLETS!$D:$D,CONFIG_PALLETS!$A:$A,IF(ISNUMBER(SEARCH("ESPUMA",$B86)),"ESPUMA",IF(OR(ISNUMBER(SEARCH("OLEO DE COCO",$B86)),ISNUMBER(SEARCH("ÓLEO DE COCO",$B86)),ISNUMBER(SEARCH("COPRA",$B86))),"ÓLEO DE COCO",IF(ISNUMBER(SEARCH("CORANTE",$B86)),"CORANTE",TRIM($B86)))),CONFIG_PALLETS!$B:$B,$C86&" ml"),IF(SUMIFS(CONFIG_PALLETS!$D:$D,CONFIG_PALLETS!$A:$A,"GERAL",CONFIG_PALLETS!$B:$B,$C86&" ml")>0,SUMIFS(CONFIG_PALLETS!$D:$D,CONFIG_PALLETS!$A:$A,"GERAL",CONFIG_PALLETS!$B:$B,$C86&" ml"),12))) -> 2400 | J86: =IF(D86="","",ROUNDUP(D86/IF(AND(C86="600 ml",ISNUMBER(SEARCH("NORCAU",B86))),95,IF(AND(C86="600 ml",ISNUMBER(SEARCH("APURATOS",B86))),190,IF(C86="600 ml",95,IF(C86="400 ml",125,IF(C86="200 ml",330,IF(C86="180 ml",240,1)))))),0)) -> 391 | L86: =IF(H86="","",H86) -> 400 | N86: =IF(I86="","",I86) -> 2400
B87: INLOCO ECO | C87: 600 | D87: 308 | E87: CX | F87: =IF($B87="","",IF(SUMIFS(CONFIG_PALLETS!$C:$C,CONFIG_PALLETS!$A:$A,TRIM($B87),CONFIG_PALLETS!$B:$B,$C87&" ml")>0,SUMIFS(CONFIG_PALLETS!$C:$C,CONFIG_PALLETS!$A:$A,TRIM($B87),CONFIG_PALLETS!$B:$B,$C87&" ml"),IF(SUMIFS(CONFIG_PALLETS!$C:$C,CONFIG_PALLETS!$A:$A,"GERAL",CONFIG_PALLETS!$B:$B,$C87&" ml")>0,SUMIFS(CONFIG_PALLETS!$C:$C,CONFIG_PALLETS!$A:$A,"GERAL",CONFIG_PALLETS!$B:$B,$C87&" ml"),""))) -> 95 | G87: =IFERROR(ROUNDUP(D87/F87,0),"") -> 4 | H87: 308 | I87: =IF(H87="","",H87*IF(SUMIFS(CONFIG_PALLETS!$D:$D,CONFIG_PALLETS!$A:$A,IF(ISNUMBER(SEARCH("ESPUMA",$B87)),"ESPUMA",IF(OR(ISNUMBER(SEARCH("OLEO DE COCO",$B87)),ISNUMBER(SEARCH("ÓLEO DE COCO",$B87)),ISNUMBER(SEARCH("COPRA",$B87))),"ÓLEO DE COCO",IF(ISNUMBER(SEARCH("CORANTE",$B87)),"CORANTE",TRIM($B87)))),CONFIG_PALLETS!$B:$B,$C87&" ml")>0,SUMIFS(CONFIG_PALLETS!$D:$D,CONFIG_PALLETS!$A:$A,IF(ISNUMBER(SEARCH("ESPUMA",$B87)),"ESPUMA",IF(OR(ISNUMBER(SEARCH("OLEO DE COCO",$B87)),ISNUMBER(SEARCH("ÓLEO DE COCO",$B87)),ISNUMBER(SEARCH("COPRA",$B87))),"ÓLEO DE COCO",IF(ISNUMBER(SEARCH("CORANTE",$B87)),"CORANTE",TRIM($B87)))),CONFIG_PALLETS!$B:$B,$C87&" ml"),IF(SUMIFS(CONFIG_PALLETS!$D:$D,CONFIG_PALLETS!$A:$A,"GERAL",CONFIG_PALLETS!$B:$B,$C87&" ml")>0,SUMIFS(CONFIG_PALLETS!$D:$D,CONFIG_PALLETS!$A:$A,"GERAL",CONFIG_PALLETS!$B:$B,$C87&" ml"),12))) -> 3696 | J87: =IF(D87="","",ROUNDUP(D87/IF(AND(C87="600 ml",ISNUMBER(SEARCH("NORCAU",B87))),95,IF(AND(C87="600 ml",ISNUMBER(SEARCH("APURATOS",B87))),190,IF(C87="600 ml",95,IF(C87="400 ml",125,IF(C87="200 ml",330,IF(C87="180 ml",240,1)))))),0)) -> 308 | L87: =IF(H87="","",H87) -> 308 | N87: =IF(I87="","",I87) -> 3696
B88: TTF | C88: 600 | D88: 461 | E88: CX | F88: =IF($B88="","",IF(SUMIFS(CONFIG_PALLETS!$C:$C,CONFIG_PALLETS!$A:$A,TRIM($B88),CONFIG_PALLETS!$B:$B,$C88&" ml")>0,SUMIFS(CONFIG_PALLETS!$C:$C,CONFIG_PALLETS!$A:$A,TRIM($B88),CONFIG_PALLETS!$B:$B,$C88&" ml"),IF(SUMIFS(CONFIG_PALLETS!$C:$C,CONFIG_PALLETS!$A:$A,"GERAL",CONFIG_PALLETS!$B:$B,$C88&" ml")>0,SUMIFS(CONFIG_PALLETS!$C:$C,CONFIG_PALLETS!$A:$A,"GERAL",CONFIG_PALLETS!$B:$B,$C88&" ml"),""))) -> 95 | G88: =IFERROR(ROUNDUP(D88/F88,0),"") -> 5 | H88: 379 | I88: =IF(H88="","",H88*IF(SUMIFS(CONFIG_PALLETS!$D:$D,CONFIG_PALLETS!$A:$A,IF(ISNUMBER(SEARCH("ESPUMA",$B88)),"ESPUMA",IF(OR(ISNUMBER(SEARCH("OLEO DE COCO",$B88)),ISNUMBER(SEARCH("ÓLEO DE COCO",$B88)),ISNUMBER(SEARCH("COPRA",$B88))),"ÓLEO DE COCO",IF(ISNUMBER(SEARCH("CORANTE",$B88)),"CORANTE",TRIM($B88)))),CONFIG_PALLETS!$B:$B,$C88&" ml")>0,SUMIFS(CONFIG_PALLETS!$D:$D,CONFIG_PALLETS!$A:$A,IF(ISNUMBER(SEARCH("ESPUMA",$B88)),"ESPUMA",IF(OR(ISNUMBER(SEARCH("OLEO DE COCO",$B88)),ISNUMBER(SEARCH("ÓLEO DE COCO",$B88)),ISNUMBER(SEARCH("COPRA",$B88))),"ÓLEO DE COCO",IF(ISNUMBER(SEARCH("CORANTE",$B88)),"CORANTE",TRIM($B88)))),CONFIG_PALLETS!$B:$B,$C88&" ml"),IF(SUMIFS(CONFIG_PALLETS!$D:$D,CONFIG_PALLETS!$A:$A,"GERAL",CONFIG_PALLETS!$B:$B,$C88&" ml")>0,SUMIFS(CONFIG_PALLETS!$D:$D,CONFIG_PALLETS!$A:$A,"GERAL",CONFIG_PALLETS!$B:$B,$C88&" ml"),12))) -> 4548 | J88: =IF(D88="","",ROUNDUP(D88/IF(AND(C88="600 ml",ISNUMBER(SEARCH("NORCAU",B88))),95,IF(AND(C88="600 ml",ISNUMBER(SEARCH("APURATOS",B88))),190,IF(C88="600 ml",95,IF(C88="400 ml",125,IF(C88="200 ml",330,IF(C88="180 ml",240,1)))))),0)) -> 461 | L88: =IF(H88="","",H88) -> 379 | N88: =IF(I88="","",I88) -> 4548
E89: CX | F89: =IF($B89="","",IF(SUMIFS(CONFIG_PALLETS!$C:$C,CONFIG_PALLETS!$A:$A,TRIM($B89),CONFIG_PALLETS!$B:$B,$C89&" ml")>0,SUMIFS(CONFIG_PALLETS!$C:$C,CONFIG_PALLETS!$A:$A,TRIM($B89),CONFIG_PALLETS!$B:$B,$C89&" ml"),IF(SUMIFS(CONFIG_PALLETS!$C:$C,CONFIG_PALLETS!$A:$A,"GERAL",CONFIG_PALLETS!$B:$B,$C89&" ml")>0,SUMIFS(CONFIG_PALLETS!$C:$C,CONFIG_PALLETS!$A:$A,"GERAL",CONFIG_PALLETS!$B:$B,$C89&" ml"),""))) | G89: =IFERROR(ROUNDUP(D89/F89,0),"") | I89: =IF(H89="","",H89*IF(SUMIFS(CONFIG_PALLETS!$D:$D,CONFIG_PALLETS!$A:$A,IF(ISNUMBER(SEARCH("ESPUMA",$B89)),"ESPUMA",IF(OR(ISNUMBER(SEARCH("OLEO DE COCO",$B89)),ISNUMBER(SEARCH("ÓLEO DE COCO",$B89)),ISNUMBER(SEARCH("COPRA",$B89))),"ÓLEO DE COCO",IF(ISNUMBER(SEARCH("CORANTE",$B89)),"CORANTE",TRIM($B89)))),CONFIG_PALLETS!$B:$B,$C89&" ml")>0,SUMIFS(CONFIG_PALLETS!$D:$D,CONFIG_PALLETS!$A:$A,IF(ISNUMBER(SEARCH("ESPUMA",$B89)),"ESPUMA",IF(OR(ISNUMBER(SEARCH("OLEO DE COCO",$B89)),ISNUMBER(SEARCH("ÓLEO DE COCO",$B89)),ISNUMBER(SEARCH("COPRA",$B89))),"ÓLEO DE COCO",IF(ISNUMBER(SEARCH("CORANTE",$B89)),"CORANTE",TRIM($B89)))),CONFIG_PALLETS!$B:$B,$C89&" ml"),IF(SUMIFS(CONFIG_PALLETS!$D:$D,CONFIG_PALLETS!$A:$A,"GERAL",CONFIG_PALLETS!$B:$B,$C89&" ml")>0,SUMIFS(CONFIG_PALLETS!$D:$D,CONFIG_PALLETS!$A:$A,"GERAL",CONFIG_PALLETS!$B:$B,$C89&" ml"),12))) | J89: =IF(D89="","",ROUNDUP(D89/IF(AND(C89="600 ml",ISNUMBER(SEARCH("NORCAU",B89))),95,IF(AND(C89="600 ml",ISNUMBER(SEARCH("APURATOS",B89))),190,IF(C89="600 ml",95,IF(C89="400 ml",125,IF(C89="200 ml",330,IF(C89="180 ml",240,1)))))),0)) | L89: =IF(H89="","",H89) | N89: =IF(I89="","",I89)
E90: CX | F90: =IF($B90="","",IF(SUMIFS(CONFIG_PALLETS!$C:$C,CONFIG_PALLETS!$A:$A,TRIM($B90),CONFIG_PALLETS!$B:$B,$C90&" ml")>0,SUMIFS(CONFIG_PALLETS!$C:$C,CONFIG_PALLETS!$A:$A,TRIM($B90),CONFIG_PALLETS!$B:$B,$C90&" ml"),IF(SUMIFS(CONFIG_PALLETS!$C:$C,CONFIG_PALLETS!$A:$A,"GERAL",CONFIG_PALLETS!$B:$B,$C90&" ml")>0,SUMIFS(CONFIG_PALLETS!$C:$C,CONFIG_PALLETS!$A:$A,"GERAL",CONFIG_PALLETS!$B:$B,$C90&" ml"),""))) | G90: =IFERROR(ROUNDUP(D90/F90,0),"") | I90: =IF(H90="","",H90*IF(SUMIFS(CONFIG_PALLETS!$D:$D,CONFIG_PALLETS!$A:$A,IF(ISNUMBER(SEARCH("ESPUMA",$B90)),"ESPUMA",IF(OR(ISNUMBER(SEARCH("OLEO DE COCO",$B90)),ISNUMBER(SEARCH("ÓLEO DE COCO",$B90)),ISNUMBER(SEARCH("COPRA",$B90))),"ÓLEO DE COCO",IF(ISNUMBER(SEARCH("CORANTE",$B90)),"CORANTE",TRIM($B90)))),CONFIG_PALLETS!$B:$B,$C90&" ml")>0,SUMIFS(CONFIG_PALLETS!$D:$D,CONFIG_PALLETS!$A:$A,IF(ISNUMBER(SEARCH("ESPUMA",$B90)),"ESPUMA",IF(OR(ISNUMBER(SEARCH("OLEO DE COCO",$B90)),ISNUMBER(SEARCH("ÓLEO DE COCO",$B90)),ISNUMBER(SEARCH("COPRA",$B90))),"ÓLEO DE COCO",IF(ISNUMBER(SEARCH("CORANTE",$B90)),"CORANTE",TRIM($B90)))),CONFIG_PALLETS!$B:$B,$C90&" ml"),IF(SUMIFS(CONFIG_PALLETS!$D:$D,CONFIG_PALLETS!$A:$A,"GERAL",CONFIG_PALLETS!$B:$B,$C90&" ml")>0,SUMIFS(CONFIG_PALLETS!$D:$D,CONFIG_PALLETS!$A:$A,"GERAL",CONFIG_PALLETS!$B:$B,$C90&" ml"),12))) | J90: =IF(D90="","",ROUNDUP(D90/IF(AND(C90="600 ml",ISNUMBER(SEARCH("NORCAU",B90))),95,IF(AND(C90="600 ml",ISNUMBER(SEARCH("APURATOS",B90))),190,IF(C90="600 ml",95,IF(C90="400 ml",125,IF(C90="200 ml",330,IF(C90="180 ml",240,1)))))),0)) | L90: =IF(H90="","",H90) | N90: =IF(I90="","",I90)
J91: =IF(D91="","",ROUNDUP(D91/IF(AND(C91="600 ml",ISNUMBER(SEARCH("NORCAU",B91))),95,IF(AND(C91="600 ml",ISNUMBER(SEARCH("APURATOS",B91))),190,IF(C91="600 ml",95,IF(C91="400 ml",125,IF(C91="200 ml",330,IF(C91="180 ml",240,1)))))),0)) | L91: =IF(H91="","",H91) | N91: =IF(I91="","",I91)
B92: TOTAL | D92: =SUM(D85:D91) -> 1160 | G92: =SUM(G85:G91) -> 12 | H92: =SUM(H85:H91) -> 1087 | I92: =SUM(I85:I91) -> 10644 | J92: =SUM(D85:D91) -> 1160 | K92: =SUM(G85:G91) -> 12 | L92: =SUM(H85:H91) -> 1087 | M92: =SUM(I85:I91) -> 10644 | N92: =IF(I92="","",I92) -> 10644 | O92: =SUM(N86:N91) -> 10644
J93: =IF(D93="","",ROUNDUP(D93/IF(AND(C93="600 ml",ISNUMBER(SEARCH("NORCAU",B93))),95,IF(AND(C93="600 ml",ISNUMBER(SEARCH("APURATOS",B93))),190,IF(C93="600 ml",95,IF(C93="400 ml",125,IF(C93="200 ml",330,IF(C93="180 ml",240,1)))))),0)) | L93: =IF(H93="","",H93) | N93: =IF(I93="","",I93)
A94: 46042 | B94: PRODUTO | C94: EMBALAGEM | D94: CAIXAS | E94: UN | F94: CX/PALLET | G94: PALLETS (PBR) | H94: REAL (CX) | I94: TOTAL LATAS
J95: =IF(D95="","",ROUNDUP(D95/IF(AND(C95="600 ml",ISNUMBER(SEARCH("NORCAU",B95))),95,IF(AND(C95="600 ml",ISNUMBER(SEARCH("APURATOS",B95))),190,IF(C95="600 ml",95,IF(C95="400 ml",125,IF(C95="200 ml",330,IF(C95="180 ml",240,1)))))),0)) | L95: =IF(H95="","",H95) | N95: =IF(I95="","",I95)
B96: TTF | C96: 600 | D96: =D88-L88 -> 82 | E96: CX | F96: =IF($B96="","",IF(SUMIFS(CONFIG_PALLETS!$C:$C,CONFIG_PALLETS!$A:$A,TRIM($B96),CONFIG_PALLETS!$B:$B,$C96&" ml")>0,SUMIFS(CONFIG_PALLETS!$C:$C,CONFIG_PALLETS!$A:$A,TRIM($B96),CONFIG_PALLETS!$B:$B,$C96&" ml"),IF(SUMIFS(CONFIG_PALLETS!$C:$C,CONFIG_PALLETS!$A:$A,"GERAL",CONFIG_PALLETS!$B:$B,$C96&" ml")>0,SUMIFS(CONFIG_PALLETS!$C:$C,CONFIG_PALLETS!$A:$A,"GERAL",CONFIG_PALLETS!$B:$B,$C96&" ml"),""))) -> 95 | G96: =IFERROR(ROUNDUP(D96/F96,0),"") -> 1 | H96: 82 | I96: =IF(H96="","",H96*IF(SUMIFS(CONFIG_PALLETS!$D:$D,CONFIG_PALLETS!$A:$A,IF(ISNUMBER(SEARCH("ESPUMA",$B96)),"ESPUMA",IF(OR(ISNUMBER(SEARCH("OLEO DE COCO",$B96)),ISNUMBER(SEARCH("ÓLEO DE COCO",$B96)),ISNUMBER(SEARCH("COPRA",$B96))),"ÓLEO DE COCO",IF(ISNUMBER(SEARCH("CORANTE",$B96)),"CORANTE",TRIM($B96)))),CONFIG_PALLETS!$B:$B,$C96&" ml")>0,SUMIFS(CONFIG_PALLETS!$D:$D,CONFIG_PALLETS!$A:$A,IF(ISNUMBER(SEARCH("ESPUMA",$B96)),"ESPUMA",IF(OR(ISNUMBER(SEARCH("OLEO DE COCO",$B96)),ISNUMBER(SEARCH("ÓLEO DE COCO",$B96)),ISNUMBER(SEARCH("COPRA",$B96))),"ÓLEO DE COCO",IF(ISNUMBER(SEARCH("CORANTE",$B96)),"CORANTE",TRIM($B96)))),CONFIG_PALLETS!$B:$B,$C96&" ml"),IF(SUMIFS(CONFIG_PALLETS!$D:$D,CONFIG_PALLETS!$A:$A,"GERAL",CONFIG_PALLETS!$B:$B,$C96&" ml")>0,SUMIFS(CONFIG_PALLETS!$D:$D,CONFIG_PALLETS!$A:$A,"GERAL",CONFIG_PALLETS!$B:$B,$C96&" ml"),12))) -> 984 | J96: =IF(D96="","",ROUNDUP(D96/IF(AND(C96="600 ml",ISNUMBER(SEARCH("NORCAU",B96))),95,IF(AND(C96="600 ml",ISNUMBER(SEARCH("APURATOS",B96))),190,IF(C96="600 ml",95,IF(C96="400 ml",125,IF(C96="200 ml",330,IF(C96="180 ml",240,1)))))),0)) -> 82 | L96: =IF(H96="","",H96) -> 82 | N96: =IF(I96="","",I96) -> 984
B97: ROCHAPAN | C97: 400 | D97: 250 | E97: CX | F97: =IF($B97="","",IF(SUMIFS(CONFIG_PALLETS!$C:$C,CONFIG_PALLETS!$A:$A,TRIM($B97),CONFIG_PALLETS!$B:$B,$C97&" ml")>0,SUMIFS(CONFIG_PALLETS!$C:$C,CONFIG_PALLETS!$A:$A,TRIM($B97),CONFIG_PALLETS!$B:$B,$C97&" ml"),IF(SUMIFS(CONFIG_PALLETS!$C:$C,CONFIG_PALLETS!$A:$A,"GERAL",CONFIG_PALLETS!$B:$B,$C97&" ml")>0,SUMIFS(CONFIG_PALLETS!$C:$C,CONFIG_PALLETS!$A:$A,"GERAL",CONFIG_PALLETS!$B:$B,$C97&" ml"),""))) -> 125 | G97: =IFERROR(ROUNDUP(D97/F97,0),"") -> 2 | H97: 250 | I97: =IF(H97="","",H97*IF(SUMIFS(CONFIG_PALLETS!$D:$D,CONFIG_PALLETS!$A:$A,IF(ISNUMBER(SEARCH("ESPUMA",$B97)),"ESPUMA",IF(OR(ISNUMBER(SEARCH("OLEO DE COCO",$B97)),ISNUMBER(SEARCH("ÓLEO DE COCO",$B97)),ISNUMBER(SEARCH("COPRA",$B97))),"ÓLEO DE COCO",IF(ISNUMBER(SEARCH("CORANTE",$B97)),"CORANTE",TRIM($B97)))),CONFIG_PALLETS!$B:$B,$C97&" ml")>0,SUMIFS(CONFIG_PALLETS!$D:$D,CONFIG_PALLETS!$A:$A,IF(ISNUMBER(SEARCH("ESPUMA",$B97)),"ESPUMA",IF(OR(ISNUMBER(SEARCH("OLEO DE COCO",$B97)),ISNUMBER(SEARCH("ÓLEO DE COCO",$B97)),ISNUMBER(SEARCH("COPRA",$B97))),"ÓLEO DE COCO",IF(ISNUMBER(SEARCH("CORANTE",$B97)),"CORANTE",TRIM($B97)))),CONFIG_PALLETS!$B:$B,$C97&" ml"),IF(SUMIFS(CONFIG_PALLETS!$D:$D,CONFIG_PALLETS!$A:$A,"GERAL",CONFIG_PALLETS!$B:$B,$C97&" ml")>0,SUMIFS(CONFIG_PALLETS!$D:$D,CONFIG_PALLETS!$A:$A,"GERAL",CONFIG_PALLETS!$B:$B,$C97&" ml"),12))) -> 3000 | J97: =IF(D97="","",ROUNDUP(D97/IF(AND(C97="600 ml",ISNUMBER(SEARCH("NORCAU",B97))),95,IF(AND(C97="600 ml",ISNUMBER(SEARCH("APURATOS",B97))),190,IF(C97="600 ml",95,IF(C97="400 ml",125,IF(C97="200 ml",330,IF(C97="180 ml",240,1)))))),0)) -> 250 | L97: =IF(H97="","",H97) -> 250 | N97: =IF(I97="","",I97) -> 3000
B98: CASA PANIFICADOR | C98: 400 | D98: 200 | E98: CX | F98: =IF($B98="","",IF(SUMIFS(CONFIG_PALLETS!$C:$C,CONFIG_PALLETS!$A:$A,TRIM($B98),CONFIG_PALLETS!$B:$B,$C98&" ml")>0,SUMIFS(CONFIG_PALLETS!$C:$C,CONFIG_PALLETS!$A:$A,TRIM($B98),CONFIG_PALLETS!$B:$B,$C98&" ml"),IF(SUMIFS(CONFIG_PALLETS!$C:$C,CONFIG_PALLETS!$A:$A,"GERAL",CONFIG_PALLETS!$B:$B,$C98&" ml")>0,SUMIFS(CONFIG_PALLETS!$C:$C,CONFIG_PALLETS!$A:$A,"GERAL",CONFIG_PALLETS!$B:$B,$C98&" ml"),""))) -> 125 | G98: =IFERROR(ROUNDUP(D98/F98,0),"") -> 2 | H98: 201 | I98: =IF(H98="","",H98*IF(SUMIFS(CONFIG_PALLETS!$D:$D,CONFIG_PALLETS!$A:$A,IF(ISNUMBER(SEARCH("ESPUMA",$B98)),"ESPUMA",IF(OR(ISNUMBER(SEARCH("OLEO DE COCO",$B98)),ISNUMBER(SEARCH("ÓLEO DE COCO",$B98)),ISNUMBER(SEARCH("COPRA",$B98))),"ÓLEO DE COCO",IF(ISNUMBER(SEARCH("CORANTE",$B98)),"CORANTE",TRIM($B98)))),CONFIG_PALLETS!$B:$B,$C98&" ml")>0,SUMIFS(CONFIG_PALLETS!$D:$D,CONFIG_PALLETS!$A:$A,IF(ISNUMBER(SEARCH("ESPUMA",$B98)),"ESPUMA",IF(OR(ISNUMBER(SEARCH("OLEO DE COCO",$B98)),ISNUMBER(SEARCH("ÓLEO DE COCO",$B98)),ISNUMBER(SEARCH("COPRA",$B98))),"ÓLEO DE COCO",IF(ISNUMBER(SEARCH("CORANTE",$B98)),"CORANTE",TRIM($B98)))),CONFIG_PALLETS!$B:$B,$C98&" ml"),IF(SUMIFS(CONFIG_PALLETS!$D:$D,CONFIG_PALLETS!$A:$A,"GERAL",CONFIG_PALLETS!$B:$B,$C98&" ml")>0,SUMIFS(CONFIG_PALLETS!$D:$D,CONFIG_PALLETS!$A:$A,"GERAL",CONFIG_PALLETS!$B:$B,$C98&" ml"),12))) -> 2412 | J98: =IF(D98="","",ROUNDUP(D98/IF(AND(C98="600 ml",ISNUMBER(SEARCH("NORCAU",B98))),95,IF(AND(C98="600 ml",ISNUMBER(SEARCH("APURATOS",B98))),190,IF(C98="600 ml",95,IF(C98="400 ml",125,IF(C98="200 ml",330,IF(C98="180 ml",240,1)))))),0)) -> 200 | L98: =IF(H98="","",H98) -> 201 | N98: =IF(I98="","",I98) -> 2412
E99: CX | F99: =IF($B99="","",IF(SUMIFS(CONFIG_PALLETS!$C:$C,CONFIG_PALLETS!$A:$A,TRIM($B99),CONFIG_PALLETS!$B:$B,$C99&" ml")>0,SUMIFS(CONFIG_PALLETS!$C:$C,CONFIG_PALLETS!$A:$A,TRIM($B99),CONFIG_PALLETS!$B:$B,$C99&" ml"),IF(SUMIFS(CONFIG_PALLETS!$C:$C,CONFIG_PALLETS!$A:$A,"GERAL",CONFIG_PALLETS!$B:$B,$C99&" ml")>0,SUMIFS(CONFIG_PALLETS!$C:$C,CONFIG_PALLETS!$A:$A,"GERAL",CONFIG_PALLETS!$B:$B,$C99&" ml"),""))) | G99: =IFERROR(ROUNDUP(D99/F99,0),"") | I99: =IF(H99="","",H99*IF(SUMIFS(CONFIG_PALLETS!$D:$D,CONFIG_PALLETS!$A:$A,IF(ISNUMBER(SEARCH("ESPUMA",$B99)),"ESPUMA",IF(OR(ISNUMBER(SEARCH("OLEO DE COCO",$B99)),ISNUMBER(SEARCH("ÓLEO DE COCO",$B99)),ISNUMBER(SEARCH("COPRA",$B99))),"ÓLEO DE COCO",IF(ISNUMBER(SEARCH("CORANTE",$B99)),"CORANTE",TRIM($B99)))),CONFIG_PALLETS!$B:$B,$C99&" ml")>0,SUMIFS(CONFIG_PALLETS!$D:$D,CONFIG_PALLETS!$A:$A,IF(ISNUMBER(SEARCH("ESPUMA",$B99)),"ESPUMA",IF(OR(ISNUMBER(SEARCH("OLEO DE COCO",$B99)),ISNUMBER(SEARCH("ÓLEO DE COCO",$B99)),ISNUMBER(SEARCH("COPRA",$B99))),"ÓLEO DE COCO",IF(ISNUMBER(SEARCH("CORANTE",$B99)),"CORANTE",TRIM($B99)))),CONFIG_PALLETS!$B:$B,$C99&" ml"),IF(SUMIFS(CONFIG_PALLETS!$D:$D,CONFIG_PALLETS!$A:$A,"GERAL",CONFIG_PALLETS!$B:$B,$C99&" ml")>0,SUMIFS(CONFIG_PALLETS!$D:$D,CONFIG_PALLETS!$A:$A,"GERAL",CONFIG_PALLETS!$B:$B,$C99&" ml"),12))) | J99: =IF(D99="","",ROUNDUP(D99/IF(AND(C99="600 ml",ISNUMBER(SEARCH("NORCAU",B99))),95,IF(AND(C99="600 ml",ISNUMBER(SEARCH("APURATOS",B99))),190,IF(C99="600 ml",95,IF(C99="400 ml",125,IF(C99="200 ml",330,IF(C99="180 ml",240,1)))))),0)) | L99: =IF(H99="","",H99) | N99: =IF(I99="","",I99)
E100: CX | F100: =IF($B100="","",IF(SUMIFS(CONFIG_PALLETS!$C:$C,CONFIG_PALLETS!$A:$A,TRIM($B100),CONFIG_PALLETS!$B:$B,$C100&" ml")>0,SUMIFS(CONFIG_PALLETS!$C:$C,CONFIG_PALLETS!$A:$A,TRIM($B100),CONFIG_PALLETS!$B:$B,$C100&" ml"),IF(SUMIFS(CONFIG_PALLETS!$C:$C,CONFIG_PALLETS!$A:$A,"GERAL",CONFIG_PALLETS!$B:$B,$C100&" ml")>0,SUMIFS(CONFIG_PALLETS!$C:$C,CONFIG_PALLETS!$A:$A,"GERAL",CONFIG_PALLETS!$B:$B,$C100&" ml"),""))) | G100: =IFERROR(ROUNDUP(D100/F100,0),"") | I100: =IF(H100="","",H100*IF(SUMIFS(CONFIG_PALLETS!$D:$D,CONFIG_PALLETS!$A:$A,IF(ISNUMBER(SEARCH("ESPUMA",$B100)),"ESPUMA",IF(OR(ISNUMBER(SEARCH("OLEO DE COCO",$B100)),ISNUMBER(SEARCH("ÓLEO DE COCO",$B100)),ISNUMBER(SEARCH("COPRA",$B100))),"ÓLEO DE COCO",IF(ISNUMBER(SEARCH("CORANTE",$B100)),"CORANTE",TRIM($B100)))),CONFIG_PALLETS!$B:$B,$C100&" ml")>0,SUMIFS(CONFIG_PALLETS!$D:$D,CONFIG_PALLETS!$A:$A,IF(ISNUMBER(SEARCH("ESPUMA",$B100)),"ESPUMA",IF(OR(ISNUMBER(SEARCH("OLEO DE COCO",$B100)),ISNUMBER(SEARCH("ÓLEO DE COCO",$B100)),ISNUMBER(SEARCH("COPRA",$B100))),"ÓLEO DE COCO",IF(ISNUMBER(SEARCH("CORANTE",$B100)),"CORANTE",TRIM($B100)))),CONFIG_PALLETS!$B:$B,$C100&" ml"),IF(SUMIFS(CONFIG_PALLETS!$D:$D,CONFIG_PALLETS!$A:$A,"GERAL",CONFIG_PALLETS!$B:$B,$C100&" ml")>0,SUMIFS(CONFIG_PALLETS!$D:$D,CONFIG_PALLETS!$A:$A,"GERAL",CONFIG_PALLETS!$B:$B,$C100&" ml"),12))) | J100: =IF(D100="","",ROUNDUP(D100/IF(AND(C100="600 ml",ISNUMBER(SEARCH("NORCAU",B100))),95,IF(AND(C100="600 ml",ISNUMBER(SEARCH("APURATOS",B100))),190,IF(C100="600 ml",95,IF(C100="400 ml",125,IF(C100="200 ml",330,IF(C100="180 ml",240,1)))))),0)) | L100: =IF(H100="","",H100) | N100: =IF(I100="","",I100)
...

Sheet GRAFICO JANEIRO
A1: RESULTADOS E GRÁFICO - JANEIRO
B3: Total do mês | D3: Meta do mês | F3: Média por dia | H3: Melhor dia | J3: Atingimento | K3: Legenda | L3: Leitura
B4: =SUM(C9:C30) -> 150363 | D4: =COUNTA(A9:A30)*CONFIG!$B$3 -> 242000 | F4: =IFERROR(SUMIFS(C9:C30,A9:A30,"<="&TODAY(),F9:F30,"<>*Feriado*")/COUNTIFS(A9:A30,"<="&TODAY(),F9:F30,"<>*Feriado*"),0) -> 7160.1429 | H4: =IFERROR(MAX(C9:C30),0) -> 14931 | J4: =IFERROR(B4/D4,0) -> 0.62133471 | K4: Verde | L4: Acima da meta
K5: Vermelho | L5: Abaixo da meta
K6: Cinza | L6: Igual à meta
A8: Data | B8: Dias trabalhados | C8: Realizado | D8: Meta diária | E8: Diferença | F8: Observações | X8: Realizado gráfico | Y8: Meta gráfico
A9: 46023 | B9: 1 | C9: 0 | D9: =CONFIG!$B$3 -> 11000 | E9: =C9-D9 -> -11000 | F9: Feriado - Confraternização Universal | X9: =IF(COUNTIF($F9,"*Feriado*")>0,NA(),$C9) -> #N/A | Y9: =IF(COUNTIF($F9,"*Feriado*")>0,NA(),$D9) -> #N/A
A10: 46024 | B10: 2 | C10: 0 | D10: =CONFIG!$B$3 -> 11000 | E10: =C10-D10 -> -11000 | X10: =IF(COUNTIF($F10,"*Feriado*")>0,NA(),$C10) -> 0 | Y10: =IF(COUNTIF($F10,"*Feriado*")>0,NA(),$D10) -> 11000
A11: 46027 | B11: 3 | C11: ='SEMANA JANEIRO'!$M$9 -> 8352 | D11: =CONFIG!$B$3 -> 11000 | E11: =C11-D11 -> -2648 | X11: =IF(COUNTIF($F11,"*Feriado*")>0,NA(),$C11) -> 8352 | Y11: =IF(COUNTIF($F11,"*Feriado*")>0,NA(),$D11) -> 11000
A12: 46028 | B12: 4 | C12: ='SEMANA JANEIRO'!$M$16 -> 1872 | D12: =CONFIG!$B$3 -> 11000 | E12: =C12-D12 -> -9128 | X12: =IF(COUNTIF($F12,"*Feriado*")>0,NA(),$C12) -> 1872 | Y12: =IF(COUNTIF($F12,"*Feriado*")>0,NA(),$D12) -> 11000
A13: 46029 | B13: 5 | C13: ='SEMANA JANEIRO'!$M$24 -> 12036 | D13: =CONFIG!$B$3 -> 11000 | E13: =C13-D13 -> 1036 | X13: =IF(COUNTIF($F13,"*Feriado*")>0,NA(),$C13) -> 12036 | Y13: =IF(COUNTIF($F13,"*Feriado*")>0,NA(),$D13) -> 11000
A14: 46030 | B14: 6 | C14: ='SEMANA JANEIRO'!$M$32 -> 9852 | D14: =CONFIG!$B$3 -> 11000 | E14: =C14-D14 -> -1148 | X14: =IF(COUNTIF($F14,"*Feriado*")>0,NA(),$C14) -> 9852 | Y14: =IF(COUNTIF($F14,"*Feriado*")>0,NA(),$D14) -> 11000
A15: 46031 | B15: 7 | C15: ='SEMANA JANEIRO'!$M$41 -> 6498 | D15: =CONFIG!$B$3 -> 11000 | E15: =C15-D15 -> -4502 | X15: =IF(COUNTIF($F15,"*Feriado*")>0,NA(),$C15) -> 6498 | Y15: =IF(COUNTIF($F15,"*Feriado*")>0,NA(),$D15) -> 11000
A16: 46034 | B16: 8 | C16: ='SEMANA JANEIRO'!$M$49 -> 6432 | D16: =CONFIG!$B$3 -> 11000 | E16: =C16-D16 -> -4568 | X16: =IF(COUNTIF($F16,"*Feriado*")>0,NA(),$C16) -> 6432 | Y16: =IF(COUNTIF($F16,"*Feriado*")>0,NA(),$D16) -> 11000
A17: 46035 | B17: 9 | C17: ='SEMANA JANEIRO'!$M$57 -> 6252 | D17: =CONFIG!$B$3 -> 11000 | E17: =C17-D17 -> -4748 | X17: =IF(COUNTIF($F17,"*Feriado*")>0,NA(),$C17) -> 6252 | Y17: =IF(COUNTIF($F17,"*Feriado*")>0,NA(),$D17) -> 11000
A18: 46036 | B18: 10 | C18: ='SEMANA JANEIRO'!$M$65 -> 10800 | D18: =CONFIG!$B$3 -> 11000 | E18: =C18-D18 -> -200 | X18: =IF(COUNTIF($F18,"*Feriado*")>0,NA(),$C18) -> 10800 | Y18: =IF(COUNTIF($F18,"*Feriado*")>0,NA(),$D18) -> 11000
A19: 46037 | B19: 11 | C19: ='SEMANA JANEIRO'!$M$74 -> 4872 | D19: =CONFIG!$B$3 -> 11000 | E19: =C19-D19 -> -6128 | X19: =IF(COUNTIF($F19,"*Feriado*")>0,NA(),$C19) -> 4872 | Y19: =IF(COUNTIF($F19,"*Feriado*")>0,NA(),$D19) -> 11000
A20: 46038 | B20: 12 | C20: ='SEMANA JANEIRO'!$M$82 -> 9978 | D20: =CONFIG!$B$3 -> 11000 | E20: =C20-D20 -> -1022 | X20: =IF(COUNTIF($F20,"*Feriado*")>0,NA(),$C20) -> 9978 | Y20: =IF(COUNTIF($F20,"*Feriado*")>0,NA(),$D20) -> 11000
A21: 46041 | B21: 13 | C21: ='SEMANA JANEIRO'!$M$92 -> 10644 | D21: =CONFIG!$B$3 -> 11000 | E21: =C21-D21 -> -356 | X21: =IF(COUNTIF($F21,"*Feriado*")>0,NA(),$C21) -> 10644 | Y21: =IF(COUNTIF($F21,"*Feriado*")>0,NA(),$D21) -> 11000
A22: 46042 | B22: 14 | C22: ='SEMANA JANEIRO'!$M$102 -> 6396 | D22: =CONFIG!$B$3 -> 11000 | E22: =C22-D22 -> -4604 | X22: =IF(COUNTIF($F22,"*Feriado*")>0,NA(),$C22) -> 6396 | Y22: =IF(COUNTIF($F22,"*Feriado*")>0,NA(),$D22) -> 11000
A23: 46043 | B23: 15 | C23: 0 | D23: =CONFIG!$B$3 -> 11000 | E23: =C23-D23 -> -11000 | X23: =IF(COUNTIF($F23,"*Feriado*")>0,NA(),$C23) -> 0 | Y23: =IF(COUNTIF($F23,"*Feriado*")>0,NA(),$D23) -> 11000
A24: 46044 | B24: 16 | C24: ='SEMANA JANEIRO'!$M$120 -> 12288 | D24: =CONFIG!$B$3 -> 11000 | E24: =C24-D24 -> 1288 | X24: =IF(COUNTIF($F24,"*Feriado*")>0,NA(),$C24) -> 12288 | Y24: =IF(COUNTIF($F24,"*Feriado*")>0,NA(),$D24) -> 11000
A25: 46045 | B25: 17 | C25: 0 | D25: =CONFIG!$B$3 -> 11000 | E25: =C25-D25 -> -11000 | X25: =IF(COUNTIF($F25,"*Feriado*")>0,NA(),$C25) -> 0 | Y25: =IF(COUNTIF($F25,"*Feriado*")>0,NA(),$D25) -> 11000
A26: 46048 | B26: 18 | C26: ='SEMANA JANEIRO'!$M$142 -> 14931 | D26: =CONFIG!$B$3 -> 11000 | E26: =C26-D26 -> 3931 | X26: =IF(COUNTIF($F26,"*Feriado*")>0,NA(),$C26) -> 14931 | Y26: =IF(COUNTIF($F26,"*Feriado*")>0,NA(),$D26) -> 11000
A27: 46049 | B27: 19 | C27: ='SEMANA JANEIRO'!$M$150 -> 7848 | D27: =CONFIG!$B$3 -> 11000 | E27: =C27-D27 -> -3152 | X27: =IF(COUNTIF($F27,"*Feriado*")>0,NA(),$C27) -> 7848 | Y27: =IF(COUNTIF($F27,"*Feriado*")>0,NA(),$D27) -> 11000
A28: 46050 | B28: 20 | C28: ='SEMANA JANEIRO'!$M$161 -> 0 | D28: =CONFIG!$B$3 -> 11000 | E28: =C28-D28 -> -11000 | X28: =IF(COUNTIF($F28,"*Feriado*")>0,NA(),$C28) -> 0 | Y28: =IF(COUNTIF($F28,"*Feriado*")>0,NA(),$D28) -> 11000
A29: 46051 | B29: 21 | C29: ='SEMANA JANEIRO'!$M$169 -> 12264 | D29: =CONFIG!$B$3 -> 11000 | E29: =C29-D29 -> 1264 | X29: =IF(COUNTIF($F29,"*Feriado*")>0,NA(),$C29) -> 12264 | Y29: =IF(COUNTIF($F29,"*Feriado*")>0,NA(),$D29) -> 11000
A30: 46052 | B30: 22 | C30: ='SEMANA JANEIRO'!$M$198 -> 9048 | D30: =CONFIG!$B$3 -> 11000 | E30: =C30-D30 -> -1952 | X30: =IF(COUNTIF($F30,"*Feriado*")>0,NA(),$C30) -> 9048 | Y30: =IF(COUNTIF($F30,"*Feriado*")>0,NA(),$D30) -> 11000

Sheet FEVEREIRO
B1: ORDEM DE PRODUÇÃO - FEVEREIRO
B3: OP | C3: LOTE | E3: LOTE CLIENTE | G3: PRODUTO | K3: CLIENTE | M3: QTDE(Kg) | N3: FABRICAÇÃO
B4: 2026/031 | C4: 26010146 | E4: OL 131/32/33/34/35 | G4: OL 40/20 - 25LTRS | K4: INDIPAN | M4: 90 BBs | N4: 46055
B5: 2026/032 | C5: 26010147 | G5: UNTA FACIL 400ML | K5: IN LOCO | M5: 30.000 LATAS | N5: 46062
B6: 2026/033 | C6: 26010148 | G6: UNTA MAIS 400ML | K6: CASA DO PANIFICADOR | M6: 2.400 LATAS | N6: 46066
B7: 2026/034 | C7: 26010149 | G7: CHEF MASTER 400ML | K7: REPETECO | M7: 3.000 LATAS | N7: 46066
B8: 2026/035 | C8: 26010150 | G8: BONASSE 400ML | K8: ROCHAPAN | M8: 3.000 LATAS | N8: 46066
B9: 2026/036 | C9: 26010151 | G9: UNTA FORMA 400ML | K9: BRICOFLEX | M9: 1.500 LATAS | N9: 46071
B10: 2026/037 | C10: 26010152 | G10: UNTA FORMA 400ML | K10: TTF | M10: 1.500 LATAS | N10: 46071
B11: 2026/038 | C11: 26010153 | G11: UNTA FORMA 400ML | K11: DISPAN | M11: 4.500 LATAS | N11: 46072
B12: 2026/039 | E12: 2631392 | G12: DESMOLDANTE CHEF | K12: ICEBERG | M12: 27.192 LATAS | N12: 46064
B13: 2026/040 | C13: 26010154 | G13: OL 40 | K13: SMART | M13: 420 KG | N13: 46058
C14: 26010155 | G14: OL 40 | M14: 420 KG | N14: 46058
C15: 26010156 | G15: OL 40 | M15: 420 KG | N15: 46062
C16: 26010157 | G16: OL ABELHA | M16: 420 KG | N16: 46058
C17: 26010158 | G17: OL ABELHA | M17: 420 KG | N17: 46058
C18: 26010159 | G18: OL ABELHA | M18: 420 KG | N18: 46058
C19: 26010160 | G19: OL ABELHA | M19: 420 KG | N19: 46058
C20: 26010161 | G20: OL 40 | M20: 420 KG | N20: 46062
C21: 26010162 | G21: OL 40 | M21: 420 KG | N21: 46062
C22: 26010163 | G22: OL 40 | M22: 420 KG | N22: 46062
C23: 26010164 | G23: OL 40 | M23: 420 KG | N23: 46062
C24: 26010165 | G24: OL 40 | M24: 420 KG | N24: 46063
C25: 26010166 | G25: OL 40 | M25: 420 KG | N25: 46063
... C31: 26010172 | G31: OL 40 | M31: 420 KG | N31: 46064
B32: 2026/041 | C32: 26010173 30 | G32: LISSE 600ML | K32: ADIMIX | M32: 7.980 LATAS | N32: 46084
B33: 2026/042 | C33: 26010174 | G33: OL 40 | K33: SMART | M33: 420 KG | N33: 46064
C34: 26010175 | G34: OL 40 | M34: 420 KG | N34: 46064
C35: 26010176 | G35: OL 40 | M35: 420 KG | N35: 46064
C36: 26010177 | G36: OL 40 | M36: 420 KG | N36: 46064
C37: 26010178 | G37: OL 40 | M37: 420 KG | N37: 46065
C38: 26010179 | G38: OL 40 | M38: 420 KG | N38: 46065
C39: 26010180 | G39: OL 40 | M39: 420 KG | N39: 46065
C40: 26010181 | G40: OL 40 | M40: 420 KG | N40: 46065
C41: 26010182 | G41: OL 40 | M41: 420 KG | N41: 46065
C42: 26010183 | G42: OL 40 | M42: 420 KG | N42: 46066
C43: 26010184 | G43: OL 40 | M43: 420 KG | N43: 46066
C44: 26010185 | G44: OL 40 | M44: 420 KG | N44: 46066
C45: 26010186 | G45: OL 40 | M45: 420 KG | N45: 46066
... C57: 26010198 | G57: OL 40 | M57: 420 KG | N57: 46071
B58: 2026/043 | C58: 26010199 | G58: OL 40/20 - 25LTRS | K58: DISPAN | M58: 180 BBs | N58: 46065
B59: 2026/044 | C59: 26010200 | G59: OL 40 | K59: SMART | M59: 420 KG | N59: 46071
C60: 26010201 | G60: OL 40 | M60: 420 KG | N60: 46071
C61: 26010202 | G61: OL 40 | M61: 420 KG | N61: 46072
C62: 26010203 | G62: OL 40 | M62: 420 KG | N62: 46072
C63: 26010204 | G63: OL 40 | M63: 420 KG | N63: 46072
C64: 26010205 | G64: OL 40 | M64: 420 KG | N64: 46072
C65: 26010206 | G65: OL 40 | M65: 420 KG | N65: 46072
C66: 26010207 | G66: OL 40 | M66: 420 KG | N66: 46072
C67: 26010208 | G67: OL 40 | M67: 420 KG | N67: 46080
C68: 26010209 | G68: OL 40 | M68: 420 KG | N68: 46080
C69: 26010210 | G69: OL 40 | M69: 420 KG | N69: 46080
C70: 26010211 | G70: OL 40 | M70: 420 KG | N70: 46080
C71: 26010212 | G71: OL 40 | M71: 420 KG | N71: 46080
... C83: 26010224 | G83: OL 40 | M83: 420 KG | N83: 46084
B84: 2026/045 | C84: 26010225 | G84: UNTA FORMA 180ML | K84: ADKO | M84: 2.880 LATAS | N84: 46072
B85: 2026/046 | C85: 26010226 | G85: UNTA FACIL 180ML | K85: IN LOCO | M85: 5.760 LATAS | N85: 46072
B86: 2026/047 | C86: 26040227 | G86: MANTEIGA DE COCO | K86: QUALICOCO | M86: 8.640 LATAS | N86: 46072
C87: 26040228 | G87: ÓLEO DE COCO EXTRAVIRGEM | M87: 8.640 LATAS | N87: 46076
B88: 2026/048 | C88: 26040229 | G88: ÓLEO DE COCO EXTRAVIRGEM | K88: SANTO ÓLEO | M88: 8.640 LATAS | N88: 46077
C89: 26040230 | G89: ÓLEO DE COCO SEM SABOR | M89: 8.640 LATAS | N89: 46077
B90: 2026/049 | C90: 26040231 | G90: ÓLEO DE COCO EXTRAVIRGEM | K90: COPRA | M90: 6.000 LATAS | N90: 46076
C91: 26040232 | G91: ÓLEO DE COCO SEM SABOR | M91: 7.000 LATAS | N91: 46076
B92: 2026/050 | C92: 26030233 | G92: CORANTE LARANJA | K92: SMART | M92: 24 KG | N92: 46072
B93: 2026/051 | E93: 25030938 | G93: CORANTE VERDE | K93: REPETECO | M93: 1.440 LATAS | N93: 46078
E94: 26030233 | G94: CORANTE LARANJA | M94: 1.440 LATAS | N94: 46078
E95: 26030054 | G95: CORANTE VERMELHO | M95: 1.440 LATAS | N95: 46078
E96: 26030053 | G96: CORANTE ROSA | M96: 1.440 LATAS | N96: 46078
B97: 2026/052 | C97: 26020234 | G97: ESPUMA DE GENGIBRE | K97: SMART | M97: 780 KG | N97: 46079
B98: 2026/053 | E98: 26020234 | G98: ESPUMA DE GENGIBRE | K98: DILUTE | M98: 3.960 LATAS | N98: 46079
B99: 2026/054 | C99: 26010235 | G99: VP 600ML | K99: VIA PANE | M99: 1.080 LATAS | N99: 46080
B100: 2026/055 | C100: 26010236 | G100: UNTA FACIL 600ML | K100: IN LOCO | M100: 15.960 LATAS | N100: 46080
B101: 2026/056 | E101: 26010118 | G101: DESTAK 600ML | K101: PURATOS | M101: 7.980 LATAS | N101: 46083

Sheet SEMANA FEVEREIRO
A1: LANÇAMENTO DE PRODUÇÃO • PREENCHIMENTO RÁPIDO | J1: _TOTAL_CX_NUM | K1: _TOTAL_PALLETS_NUM | L1: _TOTAL_REALCX_NUM | M1: _TOTAL_LATAS_NUM
A2: Preencha produto, embalagem e caixas. As demais colunas ajudam a leitura diária. | G2: Legenda: verde = acima da meta • vermelho = abaixo da meta | P2: Pallet PBR: 600ml=95 | 400ml=125 | 200ml=330 | 180ml=240 cx
A3: 46055 | B3: PRODUTO | C3: EMBALAGEM | D3: CAIXAS | E3: UN | F3: CX/PALLET | G3: PALLETS (PBR) | H3: REAL (CX) | I3: TOTAL LATAS
L4: =IF(H4="","",H4) | N4: =IF(I4="","",I4)
A5: 600 | B5: ALLBREAD | C5: 600 | D5: ='SEMANA JANEIRO'!D174-'SEMANA JANEIRO'!L174 -> 438 | E5: CX | F5: =IF($B5="","",IF(SUMIFS(CONFIG_PALLETS!$C:$C,CONFIG_PALLETS!$A:$A,TRIM($B5),CONFIG_PALLETS!$B:$B,$C5&" ml")>0,SUMIFS(CONFIG_PALLETS!$C:$C,CONFIG_PALLETS!$A:$A,TRIM($B5),CONFIG_PALLETS!$B:$B,$C5&" ml"),IF(SUMIFS(CONFIG_PALLETS!$C:$C,CONFIG_PALLETS!$A:$A,"GERAL",CONFIG_PALLETS!$B:$B,$C5&" ml")>0,SUMIFS(CONFIG_PALLETS!$C:$C,CONFIG_PALLETS!$A:$A,"GERAL",CONFIG_PALLETS!$B:$B,$C5&" ml"),""))) -> 95 | G5: =IFERROR(ROUNDUP(D5/F5,0),"") -> 5 | H5: 438 | I5: =IF(H5="","",H5*IF(SUMIFS(CONFIG_PALLETS!$D:$D,CONFIG_PALLETS!$A:$A,IF(ISNUMBER(SEARCH("ESPUMA",$B5)),"ESPUMA",IF(OR(ISNUMBER(SEARCH("OLEO DE COCO",$B5)),ISNUMBER(SEARCH("ÓLEO DE COCO",$B5)),ISNUMBER(SEARCH("COPRA",$B5))),"ÓLEO DE COCO",IF(ISNUMBER(SEARCH("CORANTE",$B5)),"CORANTE",TRIM($B5)))),CONFIG_PALLETS!$B:$B,$C5&" ml")>0,SUMIFS(CONFIG_PALLETS!$D:$D,CONFIG_PALLETS!$A:$A,IF(ISNUMBER(SEARCH("ESPUMA",$B5)),"ESPUMA",IF(OR(ISNUMBER(SEARCH("OLEO DE COCO",$B5)),ISNUMBER(SEARCH("ÓLEO DE COCO",$B5)),ISNUMBER(SEARCH("COPRA",$B5))),"ÓLEO DE COCO",IF(ISNUMBER(SEARCH("CORANTE",$B5)),"CORANTE",TRIM($B5)))),CONFIG_PALLETS!$B:$B,$C5&" ml"),IF(SUMIFS(CONFIG_PALLETS!$D:$D,CONFIG_PALLETS!$A:$A,"GERAL",CONFIG_PALLETS!$B:$B,$C5&" ml")>0,SUMIFS(CONFIG_PALLETS!$D:$D,CONFIG_PALLETS!$A:$A,"GERAL",CONFIG_PALLETS!$B:$B,$C5&" ml"),12))) -> 5256 | J5: =IF(D5="","",ROUNDUP(D5/IF(AND(C5="600 ml",ISNUMBER(SEARCH("NORCAU",B5))),95,IF(AND(C5="600 ml",ISNUMBER(SEARCH("APURATOS",B5))),190,IF(C5="600 ml",95,IF(C5="400 ml",125,IF(C5="200 ml",330,IF(C5="180 ml",240,1)))))),0)) -> 438 | L5: =IF(H5="","",H5) -> 438 | N5: =IF(I5="","",I5) -> 5256
B6: UNTA FACIL | C6: 600 | D6: 1330 | E6: CX | F6: =IF($B6="","",IF(SUMIFS(CONFIG_PALLETS!$C:$C,CONFIG_PALLETS!$A:$A,TRIM($B6),CONFIG_PALLETS!$B:$B,$C6&" ml")>0,SUMIFS(CONFIG_PALLETS!$C:$C,CONFIG_PALLETS!$A:$A,TRIM($B6),CONFIG_PALLETS!$B:$B,$C6&" ml"),IF(SUMIFS(CONFIG_PALLETS!$C:$C,CONFIG_PALLETS!$A:$A,"GERAL",CONFIG_PALLETS!$B:$B,$C6&" ml")>0,SUMIFS(CONFIG_PALLETS!$C:$C,CONFIG_PALLETS!$A:$A,"GERAL",CONFIG_PALLETS!$B:$B,$C6&" ml"),""))) -> 95 | G6: =IFERROR(ROUNDUP(D6/F6,0),"") -> 14 | H6: 506 | I6: =IF(H6="","",H6*IF(SUMIFS(CONFIG_PALLETS!$D:$D,CONFIG_PALLETS!$A:$A,IF(ISNUMBER(SEARCH("ESPUMA",$B6)),"ESPUMA",IF(OR(ISNUMBER(SEARCH("OLEO DE COCO",$B6)),ISNUMBER(SEARCH("ÓLEO DE COCO",$B6)),ISNUMBER(SEARCH("COPRA",$B6))),"ÓLEO DE COCO",IF(ISNUMBER(SEARCH("CORANTE",$B6)),"CORANTE",TRIM($B6)))),CONFIG_PALLETS!$B:$B,$C6&" ml")>0,SUMIFS(CONFIG_PALLETS!$D:$D,CONFIG_PALLETS!$A:$A,IF(ISNUMBER(SEARCH("ESPUMA",$B6)),"ESPUMA",IF(OR(ISNUMBER(SEARCH("OLEO DE COCO",$B6)),ISNUMBER(SEARCH("ÓLEO DE COCO",$B6)),ISNUMBER(SEARCH("COPRA",$B6))),"ÓLEO DE COCO",IF(ISNUMBER(SEARCH("CORANTE",$B6)),"CORANTE",TRIM($B6)))),CONFIG_PALLETS!$B:$B,$C6&" ml"),IF(SUMIFS(CONFIG_PALLETS!$D:$D,CONFIG_PALLETS!$A:$A,"GERAL",CONFIG_PALLETS!$B:$B,$C6&" ml")>0,SUMIFS(CONFIG_PALLETS!$D:$D,CONFIG_PALLETS!$A:$A,"GERAL",CONFIG_PALLETS!$B:$B,$C6&" ml"),12))) -> 6072 | J6: =IF(D6="","",ROUNDUP(D6/IF(AND(C6="600 ml",ISNUMBER(SEARCH("NORCAU",B6))),95,IF(AND(C6="600 ml",ISNUMBER(SEARCH("APURATOS",B6))),190,IF(C6="600 ml",95,IF(C6="400 ml",125,IF(C6="200 ml",330,IF(C6="180 ml",240,1)))))),0)) -> 1330 | L6: =IF(H6="","",H6) -> 506 | N6: =IF(I6="","",I6) -> 6072
E7: CX | F7: =IF($B7="","",IF(SUMIFS(CONFIG_PALLETS!$C:$C,CONFIG_PALLETS!$A:$A,TRIM($B7),CONFIG_PALLETS!$B:$B,$C7&" ml")>0,SUMIFS(CONFIG_PALLETS!$C:$C,CONFIG_PALLETS!$A:$A,TRIM($B7),CONFIG_PALLETS!$B:$B,$C7&" ml"),IF(SUMIFS(CONFIG_PALLETS!$C:$C,CONFIG_PALLETS!$A:$A,"GERAL",CONFIG_PALLETS!$B:$B,$C7&" ml")>0,SUMIFS(CONFIG_PALLETS!$C:$C,CONFIG_PALLETS!$A:$A,"GERAL",CONFIG_PALLETS!$B:$B,$C7&" ml"),""))) | G7: =IFERROR(ROUNDUP(D7/F7,0),"") | I7: =IF(H7="","",H7*IF(SUMIFS(CONFIG_PALLETS!$D:$D,CONFIG_PALLETS!$A:$A,IF(ISNUMBER(SEARCH("ESPUMA",$B7)),"ESPUMA",IF(OR(ISNUMBER(SEARCH("OLEO DE COCO",$B7)),ISNUMBER(SEARCH("ÓLEO DE COCO",$B7)),ISNUMBER(SEARCH("COPRA",$B7))),"ÓLEO DE COCO",IF(ISNUMBER(SEARCH("CORANTE",$B7)),"CORANTE",TRIM($B7)))),CONFIG_PALLETS!$B:$B,$C7&" ml")>0,SUMIFS(CONFIG_PALLETS!$D:$D,CONFIG_PALLETS!$A:$A,IF(ISNUMBER(SEARCH("ESPUMA",$B7)),"ESPUMA",IF(OR(ISNUMBER(SEARCH("OLEO DE COCO",$B7)),ISNUMBER(SEARCH("ÓLEO DE COCO",$B7)),ISNUMBER(SEARCH("COPRA",$B7))),"ÓLEO DE COCO",IF(ISNUMBER(SEARCH("CORANTE",$B7)),"CORANTE",TRIM($B7)))),CONFIG_PALLETS!$B:$B,$C7&" ml"),IF(SUMIFS(CONFIG_PALLETS!$D:$D,CONFIG_PALLETS!$A:$A,"GERAL",CONFIG_PALLETS!$B:$B,$C7&" ml")>0,SUMIFS(CONFIG_PALLETS!$D:$D,CONFIG_PALLETS!$A:$A,"GERAL",CONFIG_PALLETS!$B:$B,$C7&" ml"),12))) | J7: =IF(D7="","",ROUNDUP(D7/IF(AND(C7="600 ml",ISNUMBER(SEARCH("NORCAU",B7))),95,IF(AND(C7="600 ml",ISNUMBER(SEARCH("APURATOS",B7))),190,IF(C7="600 ml",95,IF(C7="400 ml",125,IF(C7="200 ml",330,IF(C7="180 ml",240,1)))))),0)) | L7: =IF(H7="","",H7) | N7: =IF(I7="","",I7)
J8: =IF(D8="","",ROUNDUP(D8/IF(AND(C8="600 ml",ISNUMBER(SEARCH("NORCAU",B8))),95,IF(AND(C8="600 ml",ISNUMBER(SEARCH("APURATOS",B8))),190,IF(C8="600 ml",95,IF(C8="400 ml",125,IF(C8="200 ml",330,IF(C8="180 ml",240,1)))))),0)) | L8: =IF(H8="","",H8) | N8: =IF(I8="","",I8)
B9: TOTAL | D9: =SUM(D2:D8) -> 1768 | G9: =SUM(G2:G8) -> 19 | H9: =SUM(H2:H8) -> 944 | I9: =SUM(I2:I8) -> 11328 | J9: =SUM(D4:D8) -> 1768 | K9: =SUM(G4:G8) -> 19 | L9: =SUM(H4:H8) -> 944 | M9: =SUM(I4:I8) -> 11328 | N9: =IF(I9="","",I9) -> 11328 | O9: =SUM(N5:N8) -> 11328
J10: =IF(D10="","",ROUNDUP(D10/IF(AND(C10="600 ml",ISNUMBER(SEARCH("NORCAU",B10))),95,IF(AND(C10="600 ml",ISNUMBER(SEARCH("APURATOS",B10))),190,IF(C10="600 ml",95,IF(C10="400 ml",125,IF(C10="200 ml",330,IF(C10="180 ml",240,1)))))),0)) | L10: =IF(H10="","",H10) | N10: =IF(I10="","",I10)
A11: 46056 | B11: PRODUTO | C11: EMBALAGEM | D11: CAIXAS | E11: UN | F11: CX/PALLET | G11: PALLETS (PBR) | H11: REAL (CX) | I11: TOTAL LATAS
J12: =IF(D12="","",ROUNDUP(D12/IF(AND(C12="600 ml",ISNUMBER(SEARCH("NORCAU",B12))),95,IF(AND(C12="600 ml",ISNUMBER(SEARCH("APURATOS",B12))),190,IF(C12="600 ml",95,IF(C12="400 ml",125,IF(C12="200 ml",330,IF(C12="180 ml",240,1)))))),0)) | L12: =IF(H12="","",H12) | N12: =IF(I12="","",I12) | P12: PARAMOS ÀS 11:20, GÁS ACABOU. VOLTAMOS 15:00.
A13: 600 | B13: UNTA FACIL | C13: 600 | D13: =D6-L6 -> 824 | E13: CX | F13: =IF($B13="","",IF(SUMIFS(CONFIG_PALLETS!$C:$C,CONFIG_PALLETS!$A:$A,TRIM($B13),CONFIG_PALLETS!$B:$B,$C13&" ml")>0,SUMIFS(CONFIG_PALLETS!$C:$C,CONFIG_PALLETS!$A:$A,TRIM($B13),CONFIG_PALLETS!$B:$B,$C13&" ml"),IF(SUMIFS(CONFIG_PALLETS!$C:$C,CONFIG_PALLETS!$A:$A,"GERAL",CONFIG_PALLETS!$B:$B,$C13&" ml")>0,SUMIFS(CONFIG_PALLETS!$C:$C,CONFIG_PALLETS!$A:$A,"GERAL",CONFIG_PALLETS!$B:$B,$C13&" ml"),""))) -> 95 | G13: =IFERROR(ROUNDUP(D13/F13,0),"") -> 9 | H13: 702 | I13: =IF(H13="","",H13*IF(SUMIFS(CONFIG_PALLETS!$D:$D,CONFIG_PALLETS!$A:$A,IF(ISNUMBER(SEARCH("ESPUMA",$B13)),"ESPUMA",IF(OR(ISNUMBER(SEARCH("OLEO DE COCO",$B13)),ISNUMBER(SEARCH("ÓLEO DE COCO",$B13)),ISNUMBER(SEARCH("COPRA",$B13))),"ÓLEO DE COCO",IF(ISNUMBER(SEARCH("CORANTE",$B13)),"CORANTE",TRIM($B13)))),CONFIG_PALLETS!$B:$B,$C13&" ml")>0,SUMIFS(CONFIG_PALLETS!$D:$D,CONFIG_PALLETS!$A:$A,IF(ISNUMBER(SEARCH("ESPUMA",$B13)),"ESPUMA",IF(OR(ISNUMBER(SEARCH("OLEO DE COCO",$B13)),ISNUMBER(SEARCH("ÓLEO DE COCO",$B13)),ISNUMBER(SEARCH("COPRA",$B13))),"ÓLEO DE COCO",IF(ISNUMBER(SEARCH("CORANTE",$B13)),"CORANTE",TRIM($B13)))),CONFIG_PALLETS!$B:$B,$C13&" ml"),IF(SUMIFS(CONFIG_PALLETS!$D:$D,CONFIG_PALLETS!$A:$A,"GERAL",CONFIG_PALLETS!$B:$B,$C13&" ml")>0,SUMIFS(CONFIG_PALLETS!$D:$D,CONFIG_PALLETS!$A:$A,"GERAL",CONFIG_PALLETS!$B:$B,$C13&" ml"),12))) -> 8424 | J13: =IF(D13="","",ROUNDUP(D13/IF(AND(C13="600 ml",ISNUMBER(SEARCH("NORCAU",B13))),95,IF(AND(C13="600 ml",ISNUMBER(SEARCH("APURATOS",B13))),190,IF(C13="600 ml",95,IF(C13="400 ml",125,IF(C13="200 ml",330,IF(C13="180 ml",240,1)))))),0)) -> 824 | L13: =IF(H13="","",H13) -> 702 | N13: =IF(I13="","",I13) -> 8424
E14: CX | F14: =IF($B14="","",IF(SUMIFS(CONFIG_PALLETS!$C:$C,CONFIG_PALLETS!$A:$A,TRIM($B14),CONFIG_PALLETS!$B:$B,$C14&" ml")>0,SUMIFS(CONFIG_PALLETS!$C:$C,CONFIG_PALLETS!$A:$A,TRIM($B14),CONFIG_PALLETS!$B:$B,$C14&" ml"),IF(SUMIFS(CONFIG_PALLETS!$C:$C,CONFIG_PALLETS!$A:$A,"GERAL",CONFIG_PALLETS!$B:$B,$C14&" ml")>0,SUMIFS(CONFIG_PALLETS!$C:$C,CONFIG_PALLETS!$A:$A,"GERAL",CONFIG_PALLETS!$B:$B,$C14&" ml"),""))) | G14: =IFERROR(ROUNDUP(D14/F14,0),"") | I14: =IF(H14="","",H14*IF(SUMIFS(CONFIG_PALLETS!$D:$D,CONFIG_PALLETS!$A:$A,IF(ISNUMBER(SEARCH("ESPUMA",$B14)),"ESPUMA",IF(OR(ISNUMBER(SEARCH("OLEO DE COCO",$B14)),ISNUMBER(SEARCH("ÓLEO DE COCO",$B14)),ISNUMBER(SEARCH("COPRA",$B14))),"ÓLEO DE COCO",IF(ISNUMBER(SEARCH("CORANTE",$B14)),"CORANTE",TRIM($B14)))),CONFIG_PALLETS!$B:$B,$C14&" ml")>0,SUMIFS(CONFIG_PALLETS!$D:$D,CONFIG_PALLETS!$A:$A,IF(ISNUMBER(SEARCH("ESPUMA",$B14)),"ESPUMA",IF(OR(ISNUMBER(SEARCH("OLEO DE COCO",$B14)),ISNUMBER(SEARCH("ÓLEO DE COCO",$B14)),ISNUMBER(SEARCH("COPRA",$B14))),"ÓLEO DE COCO",IF(ISNUMBER(SEARCH("CORANTE",$B14)),"CORANTE",TRIM($B14)))),CONFIG_PALLETS!$B:$B,$C14&" ml"),IF(SUMIFS(CONFIG_PALLETS!$D:$D,CONFIG_PALLETS!$A:$A,"GERAL",CONFIG_PALLETS!$B:$B,$C14&" ml")>0,SUMIFS(CONFIG_PALLETS!$D:$D,CONFIG_PALLETS!$A:$A,"GERAL",CONFIG_PALLETS!$B:$B,$C14&" ml"),12))) | J14: =IF(D14="","",ROUNDUP(D14/IF(AND(C14="600 ml",ISNUMBER(SEARCH("NORCAU",B14))),95,IF(AND(C14="600 ml",ISNUMBER(SEARCH("APURATOS",B14))),190,IF(C14="600 ml",95,IF(C14="400 ml",125,IF(C14="200 ml",330,IF(C14="180 ml",240,1)))))),0)) | L14: =IF(H14="","",H14) | N14: =IF(I14="","",I14)
E15: CX | F15: =IF($B15="","",IF(SUMIFS(CONFIG_PALLETS!$C:$C,CONFIG_PALLETS!$A:$A,TRIM($B15),CONFIG_PALLETS!$B:$B,$C15&" ml")>0,SUMIFS(CONFIG_PALLETS!$C:$C,CONFIG_PALLETS!$A:$A,TRIM($B15),CONFIG_PALLETS!$B:$B,$C15&" ml"),IF(SUMIFS(CONFIG_PALLETS!$C:$C,CONFIG_PALLETS!$A:$A,"GERAL",CONFIG_PALLETS!$B:$B,$C15&" ml")>0,SUMIFS(CONFIG_PALLETS!$C:$C,CONFIG_PALLETS!$A:$A,"GERAL",CONFIG_PALLETS!$B:$B,$C15&" ml"),""))) | G15: =IFERROR(ROUNDUP(D15/F15,0),"") | I15: =IF(H15="","",H15*IF(SUMIFS(CONFIG_PALLETS!$D:$D,CONFIG_PALLETS!$A:$A,IF(ISNUMBER(SEARCH("ESPUMA",$B15)),"ESPUMA",IF(OR(ISNUMBER(SEARCH("OLEO DE COCO",$B15)),ISNUMBER(SEARCH("ÓLEO DE COCO",$B15)),ISNUMBER(SEARCH("COPRA",$B15))),"ÓLEO DE COCO",IF(ISNUMBER(SEARCH("CORANTE",$B15)),"CORANTE",TRIM($B15)))),CONFIG_PALLETS!$B:$B,$C15&" ml")>0,SUMIFS(CONFIG_PALLETS!$D:$D,CONFIG_PALLETS!$A:$A,IF(ISNUMBER(SEARCH("ESPUMA",$B15)),"ESPUMA",IF(OR(ISNUMBER(SEARCH("OLEO DE COCO",$B15)),ISNUMBER(SEARCH("ÓLEO DE COCO",$B15)),ISNUMBER(SEARCH("COPRA",$B15))),"ÓLEO DE COCO",IF(ISNUMBER(SEARCH("CORANTE",$B15)),"CORANTE",TRIM($B15)))),CONFIG_PALLETS!$B:$B,$C15&" ml"),IF(SUMIFS(CONFIG_PALLETS!$D:$D,CONFIG_PALLETS!$A:$A,"GERAL",CONFIG_PALLETS!$B:$B,$C15&" ml")>0,SUMIFS(CONFIG_PALLETS!$D:$D,CONFIG_PALLETS!$A:$A,"GERAL",CONFIG_PALLETS!$B:$B,$C15&" ml"),12))) | J15: =IF(D15="","",ROUNDUP(D15/IF(AND(C15="600 ml",ISNUMBER(SEARCH("NORCAU",B15))),95,IF(AND(C15="600 ml",ISNUMBER(SEARCH("APURATOS",B15))),190,IF(C15="600 ml",95,IF(C15="400 ml",125,IF(C15="200 ml",330,IF(C15="180 ml",240,1)))))),0)) | L15: =IF(H15="","",H15) | N15: =IF(I15="","",I15)
J16: =IF(D16="","",ROUNDUP(D16/IF(AND(C16="600 ml",ISNUMBER(SEARCH("NORCAU",B16))),95,IF(AND(C16="600 ml",ISNUMBER(SEARCH("APURATOS",B16))),190,IF(C16="600 ml",95,IF(C16="400 ml",125,IF(C16="200 ml",330,IF(C16="180 ml",240,1)))))),0)) | L16: =IF(H16="","",H16) | N16: =IF(I16="","",I16)
B17: TOTAL | D17: =SUM(D10:D16) -> 824 | G17: =SUM(G10:G16) -> 9 | H17: =SUM(H10:H16) -> 702 | I17: =SUM(I10:I16) -> 8424 | J17: =SUM(D12:D16) -> 824 | K17: =SUM(G12:G16) -> 9 | L17: =SUM(H12:H16) -> 702 | M17: =SUM(I12:I16) -> 8424 | N17: =IF(I17="","",I17) -> 8424 | O17: =SUM(N13:N16) -> 8424
J18: =IF(D18="","",ROUNDUP(D18/IF(AND(C18="600 ml",ISNUMBER(SEARCH("NORCAU",B18))),95,IF(AND(C18="600 ml",ISNUMBER(SEARCH("APURATOS",B18))),190,IF(C18="600 ml",95,IF(C18="400 ml",125,IF(C18="200 ml",330,IF(C18="180 ml",240,1)))))),0)) | L18: =IF(H18="","",H18) | N18: =IF(I18="","",I18)
A19: 46057 | B19: PRODUTO | C19: EMBALAGEM | D19: CAIXAS | E19: UN | F19: CX/PALLET | G19: PALLETS (PBR) | H19: REAL (CX) | I19: TOTAL LATAS
J20: =IF(D20="","",ROUNDUP(D20/IF(AND(C20="600 ml",ISNUMBER(SEARCH("NORCAU",B20))),95,IF(AND(C20="600 ml",ISNUMBER(SEARCH("APURATOS",B20))),190,IF(C20="600 ml",95,IF(C20="400 ml",125,IF(C20="200 ml",330,IF(C20="180 ml",240,1)))))),0)) | L20: =IF(H20="","",H20) | N20: =IF(I20="","",I20) | P20: PARAMOS ÀS 10:00, GÁS ACABOU. VOLTAMOS 13:00.
A21: 600 | B21: UNTA FACIL | C21: 600 | D21: =D13-L13 -> 122 | E21: CX | F21: =IF($B21="","",IF(SUMIFS(CONFIG_PALLETS!$C:$C,CONFIG_PALLETS!$A:$A,TRIM($B21),CONFIG_PALLETS!$B:$B,$C21&" ml")>0,SUMIFS(CONFIG_PALLETS!$C:$C,CONFIG_PALLETS!$A:$A,TRIM($B21),CONFIG_PALLETS!$B:$B,$C21&" ml"),IF(SUMIFS(CONFIG_PALLETS!$C:$C,CONFIG_PALLETS!$A:$A,"GERAL",CONFIG_PALLETS!$B:$B,$C21&" ml")>0,SUMIFS(CONFIG_PALLETS!$C:$C,CONFIG_PALLETS!$A:$A,"GERAL",CONFIG_PALLETS!$B:$B,$C21&" ml"),""))) -> 95 | G21: =IFERROR(ROUNDUP(D21/F21,0),"") -> 2 | H21: 139 | I21: =IF(H21="","",H21*IF(SUMIFS(CONFIG_PALLETS!$D:$D,CONFIG_PALLETS!$A:$A,IF(ISNUMBER(SEARCH("ESPUMA",$B21)),"ESPUMA",IF(OR(ISNUMBER(SEARCH("OLEO DE COCO",$B21)),ISNUMBER(SEARCH("ÓLEO DE COCO",$B21)),ISNUMBER(SEARCH("COPRA",$B21))),"ÓLEO DE COCO",IF(ISNUMBER(SEARCH("CORANTE",$B21)),"CORANTE",TRIM($B21)))),CONFIG_PALLETS!$B:$B,$C21&" ml")>0,SUMIFS(CONFIG_PALLETS!$D:$D,CONFIG_PALLETS!$A:$A,IF(ISNUMBER(SEARCH("ESPUMA",$B21)),"ESPUMA",IF(OR(ISNUMBER(SEARCH("OLEO DE COCO",$B21)),ISNUMBER(SEARCH("ÓLEO DE COCO",$B21)),ISNUMBER(SEARCH("COPRA",$B21))),"ÓLEO DE COCO",IF(ISNUMBER(SEARCH("CORANTE",$B21)),"CORANTE",TRIM($B21)))),CONFIG_PALLETS!$B:$B,$C21&" ml"),IF(SUMIFS(CONFIG_PALLETS!$D:$D,CONFIG_PALLETS!$A:$A,"GERAL",CONFIG_PALLETS!$B:$B,$C21&" ml")>0,SUMIFS(CONFIG_PALLETS!$D:$D,CONFIG_PALLETS!$A:$A,"GERAL",CONFIG_PALLETS!$B:$B,$C21&" ml"),12))) -> 1668 | J21: =IF(D21="","",ROUNDUP(D21/IF(AND(C21="600 ml",ISNUMBER(SEARCH("NORCAU",B21))),95,IF(AND(C21="600 ml",ISNUMBER(SEARCH("APURATOS",B21))),190,IF(C21="600 ml",95,IF(C21="400 ml",125,IF(C21="200 ml",330,IF(C21="180 ml",240,1)))))),0)) -> 122 | L21: =IF(H21="","",H21) -> 139 | N21: =IF(I21="","",I21) -> 1668
B22: PURATOS DESTAK | C22: 600 | D22: 1330 | E22: CX | F22: =IF($B22="","",IF(SUMIFS(CONFIG_PALLETS!$C:$C,CONFIG_PALLETS!$A:$A,TRIM($B22),CONFIG_PALLETS!$B:$B,$C22&" ml")>0,SUMIFS(CONFIG_PALLETS!$C:$C,CONFIG_PALLETS!$A:$A,TRIM($B22),CONFIG_PALLETS!$B:$B,$C22&" ml"),IF(SUMIFS(CONFIG_PALLETS!$C:$C,CONFIG_PALLETS!$A:$A,"GERAL",CONFIG_PALLETS!$B:$B,$C22&" ml")>0,SUMIFS(CONFIG_PALLETS!$C:$C,CONFIG_PALLETS!$A:$A,"GERAL",CONFIG_PALLETS!$B:$B,$C22&" ml"),""))) -> 190 | G22: =IFERROR(ROUNDUP(D22/F22,0),"") -> 7 | H22: 1055 | I22: =IF(H22="","",H22*IF(SUMIFS(CONFIG_PALLETS!$D:$D,CONFIG_PALLETS!$A:$A,IF(ISNUMBER(SEARCH("ESPUMA",$B22)),"ESPUMA",IF(OR(ISNUMBER(SEARCH("OLEO DE COCO",$B22)),ISNUMBER(SEARCH("ÓLEO DE COCO",$B22)),ISNUMBER(SEARCH("COPRA",$B22))),"ÓLEO DE COCO",IF(ISNUMBER(SEARCH("CORANTE",$B22)),"CORANTE",TRIM($B22)))),CONFIG_PALLETS!$B:$B,$C22&" ml")>0,SUMIFS(CONFIG_PALLETS!$D:$D,CONFIG_PALLETS!$A:$A,IF(ISNUMBER(SEARCH("ESPUMA",$B22)),"ESPUMA",IF(OR(ISNUMBER(SEARCH("OLEO DE COCO",$B22)),ISNUMBER(SEARCH("ÓLEO DE COCO",$B22)),ISNUMBER(SEARCH("COPRA",$B22))),"ÓLEO DE COCO",IF(ISNUMBER(SEARCH("CORANTE",$B22)),"CORANTE",TRIM($B22)))),CONFIG_PALLETS!$B:$B,$C22&" ml"),IF(SUMIFS(CONFIG_PALLETS!$D:$D,CONFIG_PALLETS!$A:$A,"GERAL",CONFIG_PALLETS!$B:$B,$C22&" ml")>0,SUMIFS(CONFIG_PALLETS!$D:$D,CONFIG_PALLETS!$A:$A,"GERAL",CONFIG_PALLETS!$B:$B,$C22&" ml"),12))) -> 6330 | J22: =IF(D22="","",ROUNDUP(D22/IF(AND(C22="600 ml",ISNUMBER(SEARCH("NORCAU",B22))),95,IF(AND(C22="600 ml",ISNUMBER(SEARCH("APURATOS",B22))),190,IF(C22="600 ml",95,IF(C22="400 ml",125,IF(C22="200 ml",330,IF(C22="180 ml",240,1)))))),0)) -> 1330 | L22: =IF(H22="","",H22) -> 1055 | N22: =IF(I22="","",I22) -> 6330
E23: CX | F23: =IF($B23="","",IF(SUMIFS(CONFIG_PALLETS!$C:$C,CONFIG_PALLETS!$A:$A,TRIM($B23),CONFIG_PALLETS!$B:$B,$C23&" ml")>0,SUMIFS(CONFIG_PALLETS!$C:$C,CONFIG_PALLETS!$A:$A,TRIM($B23),CONFIG_PALLETS!$B:$B,$C23&" ml"),IF(SUMIFS(CONFIG_PALLETS!$C:$C,CONFIG_PALLETS!$A:$A,"GERAL",CONFIG_PALLETS!$B:$B,$C23&" ml")>0,SUMIFS(CONFIG_PALLETS!$C:$C,CONFIG_PALLETS!$A:$A,"GERAL",CONFIG_PALLETS!$B:$B,$C23&" ml"),""))) | G23: =IFERROR(ROUNDUP(D23/F23,0),"") | I23: =IF(H23="","",H23*IF(SUMIFS(CONFIG_PALLETS!$D:$D,CONFIG_PALLETS!$A:$A,IF(ISNUMBER(SEARCH("ESPUMA",$B23)),"ESPUMA",IF(OR(ISNUMBER(SEARCH("OLEO DE COCO",$B23)),ISNUMBER(SEARCH("ÓLEO DE COCO",$B23)),ISNUMBER(SEARCH("COPRA",$B23))),"ÓLEO DE COCO",IF(ISNUMBER(SEARCH("CORANTE",$B23)),"CORANTE",TRIM($B23)))),CONFIG_PALLETS!$B:$B,$C23&" ml")>0,SUMIFS(CONFIG_PALLETS!$D:$D,CONFIG_PALLETS!$A:$A,IF(ISNUMBER(SEARCH("ESPUMA",$B23)),"ESPUMA",IF(OR(ISNUMBER(SEARCH("OLEO DE COCO",$B23)),ISNUMBER(SEARCH("ÓLEO DE COCO",$B23)),ISNUMBER(SEARCH("COPRA",$B23))),"ÓLEO DE COCO",IF(ISNUMBER(SEARCH("CORANTE",$B23)),"CORANTE",TRIM($B23)))),CONFIG_PALLETS!$B:$B,$C23&" ml"),IF(SUMIFS(CONFIG_PALLETS!$D:$D,CONFIG_PALLETS!$A:$A,"GERAL",CONFIG_PALLETS!$B:$B,$C23&" ml")>0,SUMIFS(CONFIG_PALLETS!$D:$D,CONFIG_PALLETS!$A:$A,"GERAL",CONFIG_PALLETS!$B:$B,$C23&" ml"),12))) | J23: =IF(D23="","",ROUNDUP(D23/IF(AND(C23="600 ml",ISNUMBER(SEARCH("NORCAU",B23))),95,IF(AND(C23="600 ml",ISNUMBER(SEARCH("APURATOS",B23))),190,IF(C23="600 ml",95,IF(C23="400 ml",125,IF(C23="200 ml",330,IF(C23="180 ml",240,1)))))),0)) | L23: =IF(H23="","",H23) | N23: =IF(I23="","",I23)
J24: =IF(D24="","",ROUNDUP(D24/IF(AND(C24="600 ml",ISNUMBER(SEARCH("NORCAU",B24))),95,IF(AND(C24="600 ml",ISNUMBER(SEARCH("APURATOS",B24))),190,IF(C24="600 ml",95,IF(C24="400 ml",125,IF(C24="200 ml",330,IF(C24="180 ml",240,1)))))),0)) | L24: =IF(H24="","",H24) | N24: =IF(I24="","",I24)
B25: TOTAL | D25: =SUM(D18:D24) -> 1452 | G25: =SUM(G18:G24) -> 9 | H25: =SUM(H18:H24) -> 1194 | I25: =SUM(I18:I24) -> 7998 | J25: =SUM(D20:D24) -> 1452 | K25: =SUM(G20:G24) -> 9 | L25: =SUM(H20:H24) -> 1194 | M25: =SUM(I20:I24) -> 7998 | N25: =IF(I25="","",I25) -> 7998 | O25: =SUM(N21:N24) -> 7998
J26: =IF(D26="","",ROUNDUP(D26/IF(AND(C26="600 ml",ISNUMBER(SEARCH("NORCAU",B26))),95,IF(AND(C26="600 ml",ISNUMBER(SEARCH("APURATOS",B26))),190,IF(C26="600 ml",95,IF(C26="400 ml",125,IF(C26="200 ml",330,IF(C26="180 ml",240,1)))))),0)) | L26: =IF(H26="","",H26) | N26: =IF(I26="","",I26)
A27: 46058 | B27: PRODUTO | C27: EMBALAGEM | D27: CAIXAS | E27: UN | F27: CX/PALLET | G27: PALLETS (PBR) | H27: REAL (CX) | I27: TOTAL LATAS
J28: =IF(D28="","",ROUNDUP(D28/IF(AND(C28="600 ml",ISNUMBER(SEARCH("NORCAU",B28))),95,IF(AND(C28="600 ml",ISNUMBER(SEARCH("APURATOS",B28))),190,IF(C28="600 ml",95,IF(C28="400 ml",125,IF(C28="200 ml",330,IF(C28="180 ml",240,1)))))),0)) | L28: =IF(H28="","",H28) | N28: =IF(I28="","",I28) | P28: PARAMOS ÀS 13:30, AS DUAS BOMBAS DE GÁS PARARAM.
A29: 600 | B29: PURATOS DESTAK | C29: 600 | D29: =D22-L22 -> 275 | E29: CX | F29: =IF($B29="","",IF(SUMIFS(CONFIG_PALLETS!$C:$C,CONFIG_PALLETS!$A:$A,TRIM($B29),CONFIG_PALLETS!$B:$B,$C29&" ml")>0,SUMIFS(CONFIG_PALLETS!$C:$C,CONFIG_PALLETS!$A:$A,TRIM($B29),CONFIG_PALLETS!$B:$B,$C29&" ml"),IF(SUMIFS(CONFIG_PALLETS!$C:$C,CONFIG_PALLETS!$A:$A,"GERAL",CONFIG_PALLETS!$B:$B,$C29&" ml")>0,SUMIFS(CONFIG_PALLETS!$C:$C,CONFIG_PALLETS!$A:$A,"GERAL",CONFIG_PALLETS!$B:$B,$C29&" ml"),""))) -> 190 | G29: =IFERROR(ROUNDUP(D29/F29,0),"") -> 2 | H29: 357 | I29: =IF(H29="","",H29*IF(SUMIFS(CONFIG_PALLETS!$D:$D,CONFIG_PALLETS!$A:$A,IF(ISNUMBER(SEARCH("ESPUMA",$B29)),"ESPUMA",IF(OR(ISNUMBER(SEARCH("OLEO DE COCO",$B29)),ISNUMBER(SEARCH("ÓLEO DE COCO",$B29)),ISNUMBER(SEARCH("COPRA",$B29))),"ÓLEO DE COCO",IF(ISNUMBER(SEARCH("CORANTE",$B29)),"CORANTE",TRIM($B29)))),CONFIG_PALLETS!$B:$B,$C29&" ml")>0,SUMIFS(CONFIG_PALLETS!$D:$D,CONFIG_PALLETS!$A:$A,IF(ISNUMBER(SEARCH("ESPUMA",$B29)),"ESPUMA",IF(OR(ISNUMBER(SEARCH("OLEO DE COCO",$B29)),ISNUMBER(SEARCH("ÓLEO DE COCO",$B29)),ISNUMBER(SEARCH("COPRA",$B29))),"ÓLEO DE COCO",IF(ISNUMBER(SEARCH("CORANTE",$B29)),"CORANTE",TRIM($B29)))),CONFIG_PALLETS!$B:$B,$C29&" ml"),IF(SUMIFS(CONFIG_PALLETS!$D:$D,CONFIG_PALLETS!$A:$A,"GERAL",CONFIG_PALLETS!$B:$B,$C29&" ml")>0,SUMIFS(CONFIG_PALLETS!$D:$D,CONFIG_PALLETS!$A:$A,"GERAL",CONFIG_PALLETS!$B:$B,$C29&" ml"),12))) -> 2142 | J29: =IF(D29="","",ROUNDUP(D29/IF(AND(C29="600 ml",ISNUMBER(SEARCH("NORCAU",B29))),95,IF(AND(C29="600 ml",ISNUMBER(SEARCH("APURATOS",B29))),190,IF(C29="600 ml",95,IF(C29="400 ml",125,IF(C29="200 ml",330,IF(C29="180 ml",240,1)))))),0)) -> 275 | L29: =IF(H29="","",H29) -> 357 | N29: =IF(I29="","",I29) -> 2142
B30: ITAIQUARA | C30: 600 | D30: 190 | E30: CX | F30: =IF($B30="","",IF(SUMIFS(CONFIG_PALLETS!$C:$C,CONFIG_PALLETS!$A:$A,TRIM($B30),CONFIG_PALLETS!$B:$B,$C30&" ml")>0,SUMIFS(CONFIG_PALLETS!$C:$C,CONFIG_PALLETS!$A:$A,TRIM($B30),CONFIG_PALLETS!$B:$B,$C30&" ml"),IF(SUMIFS(CONFIG_PALLETS!$C:$C,CONFIG_PALLETS!$A:$A,"GERAL",CONFIG_PALLETS!$B:$B,$C30&" ml")>0,SUMIFS(CONFIG_PALLETS!$C:$C,CONFIG_PALLETS!$A:$A,"GERAL",CONFIG_PALLETS!$B:$B,$C30&" ml"),""))) -> 95 | G30: =IFERROR(ROUNDUP(D30/F30,0),"") -> 2 | H30: 117 | I30: =IF(H30="","",H30*IF(SUMIFS(CONFIG_PALLETS!$D:$D,CONFIG_PALLETS!$A:$A,IF(ISNUMBER(SEARCH("ESPUMA",$B30)),"ESPUMA",IF(OR(ISNUMBER(SEARCH("OLEO DE COCO",$B30)),ISNUMBER(SEARCH("ÓLEO DE COCO",$B30)),ISNUMBER(SEARCH("COPRA",$B30))),"ÓLEO DE COCO",IF(ISNUMBER(SEARCH("CORANTE",$B30)),"CORANTE",TRIM($B30)))),CONFIG_PALLETS!$B:$B,$C30&" ml")>0,SUMIFS(CONFIG_PALLETS!$D:$D,CONFIG_PALLETS!$A:$A,IF(ISNUMBER(SEARCH("ESPUMA",$B30)),"ESPUMA",IF(OR(ISNUMBER(SEARCH("OLEO DE COCO",$B30)),ISNUMBER(SEARCH("ÓLEO DE COCO",$B30)),ISNUMBER(SEARCH("COPRA",$B30))),"ÓLEO DE COCO",IF(ISNUMBER(SEARCH("CORANTE",$B30)),"CORANTE",TRIM($B30)))),CONFIG_PALLETS!$B:$B,$C30&" ml"),IF(SUMIFS(CONFIG_PALLETS!$D:$D,CONFIG_PALLETS!$A:$A,"GERAL",CONFIG_PALLETS!$B:$B,$C30&" ml")>0,SUMIFS(CONFIG_PALLETS!$D:$D,CONFIG_PALLETS!$A:$A,"GERAL",CONFIG_PALLETS!$B:$B,$C30&" ml"),12))) -> 1404 | J30: =IF(D30="","",ROUNDUP(D30/IF(AND(C30="600 ml",ISNUMBER(SEARCH("NORCAU",B30))),95,IF(AND(C30="600 ml",ISNUMBER(SEARCH("APURATOS",B30))),190,IF(C30="600 ml",95,IF(C30="400 ml",125,IF(C30="200 ml",330,IF(C30="180 ml",240,1)))))),0)) -> 190 | L30: =IF(H30="","",H30) -> 117 | N30: =IF(I30="","",I30) -> 1404
B31: VIA PANE | C31: 600 | D31: 100 | E31: CX | F31: =IF($B31="","",IF(SUMIFS(CONFIG_PALLETS!$C:$C,CONFIG_PALLETS!$A:$A,TRIM($B31),CONFIG_PALLETS!$B:$B,$C31&" ml")>0,SUMIFS(CONFIG_PALLETS!$C:$C,CONFIG_PALLETS!$A:$A,TRIM($B31),CONFIG_PALLETS!$B:$B,$C31&" ml"),IF(SUMIFS(CONFIG_PALLETS!$C:$C,CONFIG_PALLETS!$A:$A,"GERAL",CONFIG_PALLETS!$B:$B,$C31&" ml")>0,SUMIFS(CONFIG_PALLETS!$C:$C,CONFIG_PALLETS!$A:$A,"GERAL",CONFIG_PALLETS!$B:$B,$C31&" ml"),""))) -> 95 | G31: =IFERROR(ROUNDUP(D31/F31,0),"") -> 2 | H31: 101 | I31: =IF(H31="","",H31*IF(SUMIFS(CONFIG_PALLETS!$D:$D,CONFIG_PALLETS!$A:$A,IF(ISNUMBER(SEARCH("ESPUMA",$B31)),"ESPUMA",IF(OR(ISNUMBER(SEARCH("OLEO DE COCO",$B31)),ISNUMBER(SEARCH("ÓLEO DE COCO",$B31)),ISNUMBER(SEARCH("COPRA",$B31))),"ÓLEO DE COCO",IF(ISNUMBER(SEARCH("CORANTE",$B31)),"CORANTE",TRIM($B31)))),CONFIG_PALLETS!$B:$B,$C31&" ml")>0,SUMIFS(CONFIG_PALLETS!$D:$D,CONFIG_PALLETS!$A:$A,IF(ISNUMBER(SEARCH("ESPUMA",$B31)),"ESPUMA",IF(OR(ISNUMBER(SEARCH("OLEO DE COCO",$B31)),ISNUMBER(SEARCH("ÓLEO DE COCO",$B31)),ISNUMBER(SEARCH("COPRA",$B31))),"ÓLEO DE COCO",IF(ISNUMBER(SEARCH("CORANTE",$B31)),"CORANTE",TRIM($B31)))),CONFIG_PALLETS!$B:$B,$C31&" ml"),IF(SUMIFS(CONFIG_PALLETS!$D:$D,CONFIG_PALLETS!$A:$A,"GERAL",CONFIG_PALLETS!$B:$B,$C31&" ml")>0,SUMIFS(CONFIG_PALLETS!$D:$D,CONFIG_PALLETS!$A:$A,"GERAL",CONFIG_PALLETS!$B:$B,$C31&" ml"),12))) -> 1212 | J31: =IF(D31="","",ROUNDUP(D31/IF(AND(C31="600 ml",ISNUMBER(SEARCH("NORCAU",B31))),95,IF(AND(C31="600 ml",ISNUMBER(SEARCH("APURATOS",B31))),190,IF(C31="600 ml",95,IF(C31="400 ml",125,IF(C31="200 ml",330,IF(C31="180 ml",240,1)))))),0)) -> 100 | L31: =IF(H31="","",H31) -> 101 | N31: =IF(I31="","",I31) -> 1212
B32: ECO UNTA FACIL | C32: 600 | D32: 440 | E32: CX | F32: =IF($B32="","",IF(SUMIFS(CONFIG_PALLETS!$C:$C,CONFIG_PALLETS!$A:$A,TRIM($B32),CONFIG_PALLETS!$B:$B,$C32&" ml")>0,SUMIFS(CONFIG_PALLETS!$C:$C,CONFIG_PALLETS!$A:$A,TRIM($B32),CONFIG_PALLETS!$B:$B,$C32&" ml"),IF(SUMIFS(CONFIG_PALLETS!$C:$C,CONFIG_PALLETS!$A:$A,"GERAL",CONFIG_PALLETS!$B:$B,$C32&" ml")>0,SUMIFS(CONFIG_PALLETS!$C:$C,CONFIG_PALLETS!$A:$A,"GERAL",CONFIG_PALLETS!$B:$B,$C32&" ml"),""))) -> 95 | G32: =IFERROR(ROUNDUP(D32/F32,0),"") -> 5 | H32: 169 | I32: =IF(H32="","",H32*IF(SUMIFS(CONFIG_PALLETS!$D:$D,CONFIG_PALLETS!$A:$A,IF(ISNUMBER(SEARCH("ESPUMA",$B32)),"ESPUMA",IF(OR(ISNUMBER(SEARCH("OLEO DE COCO",$B32)),ISNUMBER(SEARCH("ÓLEO DE COCO",$B32)),ISNUMBER(SEARCH("COPRA",$B32))),"ÓLEO DE COCO",IF(ISNUMBER(SEARCH("CORANTE",$B32)),"CORANTE",TRIM($B32)))),CONFIG_PALLETS!$B:$B,$C32&" ml")>0,SUMIFS(CONFIG_PALLETS!$D:$D,CONFIG_PALLETS!$A:$A,IF(ISNUMBER(SEARCH("ESPUMA",$B32)),"ESPUMA",IF(OR(ISNUMBER(SEARCH("OLEO DE COCO",$B32)),ISNUMBER(SEARCH("ÓLEO DE COCO",$B32)),ISNUMBER(SEARCH("COPRA",$B32))),"ÓLEO DE COCO",IF(ISNUMBER(SEARCH("CORANTE",$B32)),"CORANTE",TRIM($B32)))),CONFIG_PALLETS!$B:$B,$C32&" ml"),IF(SUMIFS(CONFIG_PALLETS!$D:$D,CONFIG_PALLETS!$A:$A,"GERAL",CONFIG_PALLETS!$B:$B,$C32&" ml")>0,SUMIFS(CONFIG_PALLETS!$D:$D,CONFIG_PALLETS!$A:$A,"GERAL",CONFIG_PALLETS!$B:$B,$C32&" ml"),12))) -> 2028 | J32: =IF(D32="","",ROUNDUP(D32/IF(AND(C32="600 ml",ISNUMBER(SEARCH("NORCAU",B32))),95,IF(AND(C32="600 ml",ISNUMBER(SEARCH("APURATOS",B32))),190,IF(C32="600 ml",95,IF(C32="400 ml",125,IF(C32="200 ml",330,IF(C32="180 ml",240,1)))))),0)) -> 440 | L32: =IF(H32="","",H32) -> 169 | N32: =IF(I32="","",I32) -> 2028
E33: CX | F33: =IF($B33="","",IF(SUMIFS(CONFIG_PALLETS!$C:$C,CONFIG_PALLETS!$A:$A,TRIM($B33),CONFIG_PALLETS!$B:$B,$C33&" ml")>0,SUMIFS(CONFIG_PALLETS!$C:$C,CONFIG_PALLETS!$A:$A,TRIM($B33),CONFIG_PALLETS!$B:$B,$C33&" ml"),IF(SUMIFS(CONFIG_PALLETS!$C:$C,CONFIG_PALLETS!$A:$A,"GERAL",CONFIG_PALLETS!$B:$B,$C33&" ml")>0,SUMIFS(CONFIG_PALLETS!$C:$C,CONFIG_PALLETS!$A:$A,"GERAL",CONFIG_PALLETS!$B:$B,$C33&" ml"),""))) | G33: =IFERROR(ROUNDUP(D33/F33,0),"") | I33: =IF(H33="","",H33*IF(SUMIFS(CONFIG_PALLETS!$D:$D,CONFIG_PALLETS!$A:$A,IF(ISNUMBER(SEARCH("ESPUMA",$B33)),"ESPUMA",IF(OR(ISNUMBER(SEARCH("OLEO DE COCO",$B33)),ISNUMBER(SEARCH("ÓLEO DE COCO",$B33)),ISNUMBER(SEARCH("COPRA",$B33))),"ÓLEO DE COCO",IF(ISNUMBER(SEARCH("CORANTE",$B33)),"CORANTE",TRIM($B33)))),CONFIG_PALLETS!$B:$B,$C33&" ml")>0,SUMIFS(CONFIG_PALLETS!$D:$D,CONFIG_PALLETS!$A:$A,IF(ISNUMBER(SEARCH("ESPUMA",$B33)),"ESPUMA",IF(OR(ISNUMBER(SEARCH("OLEO DE COCO",$B33)),ISNUMBER(SEARCH("ÓLEO DE COCO",$B33)),ISNUMBER(SEARCH("COPRA",$B33))),"ÓLEO DE COCO",IF(ISNUMBER(SEARCH("CORANTE",$B33)),"CORANTE",TRIM($B33)))),CONFIG_PALLETS!$B:$B,$C33&" ml"),IF(SUMIFS(CONFIG_PALLETS!$D:$D,CONFIG_PALLETS!$A:$A,"GERAL",CONFIG_PALLETS!$B:$B,$C33&" ml")>0,SUMIFS(CONFIG_PALLETS!$D:$D,CONFIG_PALLETS!$A:$A,"GERAL",CONFIG_PALLETS!$B:$B,$C33&" ml"),12))) | J33: =IF(D33="","",ROUNDUP(D33/IF(AND(C33="600 ml",ISNUMBER(SEARCH("NORCAU",B33))),95,IF(AND(C33="600 ml",ISNUMBER(SEARCH("APURATOS",B33))),190,IF(C33="600 ml",95,IF(C33="400 ml",125,IF(C33="200 ml",330,IF(C33="180 ml",240,1)))))),0)) | L33: =IF(H33="","",H33) | N33: =IF(I33="","",I33)
